npi,name,arm,frame,pair,city,state,pecos_status,location_match_method,dac_org_pac_id,dac_org_name,dac_national_clinicians,dac_national_physicians,dac_national_obgyn,dac_local_clinicians,dac_org_locations,dac_num_org_mem,org_n_specialties,org_obgyn_share,pe_platform_link,pe_platform_any_affiliation,hospital_affiliation,pecos2019_org_pacs,pecos2019_national_members,pecos2019_org_names,existing_org_size_max,existing_facility,existing_independent_at_threshold,comparator_class,classification_reason,external_source,evidence_date,adjudicator,adjudication_confidence,adjudication_note
1003038688,Dr. Elizabeth Mlynarczyk,PE,universe,pair_294,Bartlett,IL,location_resolved,phone,7517863178,BONAVENTURE MEDICAL FOUNDATION LLC,153,26,22,8,37,153,26,0.1438,Nova Women's Health Partners,Nova Women's Health Partners,,,,,,,,not_independent_supported,"sampled organisation contains clinicians from PE platform ""Nova Women's Health Partners"" on the study roster",,,,,
1003059825,"George Patounakis, M.D.",PE,roster_only,,,FL,no_dac_affiliation,,,,,,,,,,,,,,,,,,,,,independence_unresolved,no_dac_affiliation,,,,,
1003079013,"April Batcheller, MD",PE,roster_only,,,MN,no_dac_affiliation,,,,,,,,,,,,,,,,,,,,,independence_unresolved,no_dac_affiliation,,,,,
1003259904,Dr. Brittany Jackson,PE,universe,pair_353,Herndon,VA,location_resolved,phone,4880582741,CAPITAL WOMENS CARE LLC,252,47,182,11,64,252,7,0.7222,Advantia Health,Advantia Health,,,,,,,,not_independent_supported,"sampled organisation contains clinicians from PE platform ""Advantia Health"" on the study roster",,,,,
1003308057,Dr. Jessica Frost,PE,fielded+universe,pair_444,East Lansing,MI,location_resolved,phone,6709799166,EDWARD W SPARROW HOSPITAL ASSOCIATION,521,59,24,5,105,521,37,0.0461,Unified Women's Healthcare,Unified Women's Healthcare,Hospital,,,,,,,not_independent_supported,"sampled organisation contains clinicians from PE platform ""Unified Women's Healthcare"" on the study roster",,,,,
1003347055,Dr. Elizabeth Isak,Non-PE,fielded,pair_174,Chicago,IL,location_resolved,phone,4587576814,NORTHWESTERN MEDICAL FACULTY FOUNDATION,3275,438,74,10,215,3275,69,0.0226,,,Hospital,,,,3275,NORTHWESTERN MEDICAL FACULTY FOUNDATION,FALSE,not_independent_supported,organisation name carries a hospital/system/academic/government token,,,,,
1003472234,"Hannah Ashitey, MD",PE,roster_only,,,TX,affiliation_location_mismatch,,,,,,,,,,,,,Unified Women's Healthcare,,,,,,,,independence_unresolved,affiliation_location_mismatch,,,,,
1003472986,Dr. Adolphia Lauture,PE,universe,pair_39,Miami,FL,no_dac_affiliation,,,,,,,,,,,,,,,,,,,,,independence_unresolved,no_dac_affiliation,,,,,
1003492018,Joelle Mouhanna,PE,roster_only,,,NJ,no_dac_affiliation,,,,,,,,,,,,,,,,,,,,,independence_unresolved,no_dac_affiliation,,,,,
1003815671,Dr. Matthew Casavant,Non-PE,universe,pair_59,Miami,FL,location_resolved,phone,8921091786,VITALMD GROUP HOLDING LLC,430,152,283,375,117,430,22,0.6581,Femwell Group Health,Femwell Group Health,,,,,430,VITALMD GROUP HOLDING LLC,FALSE,not_independent_supported,"sampled organisation contains clinicians from PE platform ""Femwell Group Health"" on the study roster",,,,,
1003815895,Dr. Kelly Vangilder,Non-PE,fielded,pair_133,Boynton Beach,FL,location_resolved,phone,5395807218,FLORIDA WOMAN CARE LLC,510,87,337,40,214,510,8,0.6608,Women's Care Enterprises,Women's Care Enterprises,Hospital,2365435120|5395807218,517,FLORIDA WOMAN CARE LLC|OBGYN SPECIALISTS OF THE PALM BEACHES PA,510,FLORIDA WOMAN CARE LLC,FALSE,not_independent_supported,"sampled organisation contains clinicians from PE platform ""Women's Care Enterprises"" on the study roster",,,,,
1003878448,"Kevin Johnson, MD",PE,roster_only,,,CO,affiliation_location_mismatch,,,,,,,,,,,,,CCRM Fertility,,,,,,,,independence_unresolved,affiliation_location_mismatch,,,,,
1003882069,Dr. Reynald Pouliot,PE,roster_only,,,FL,affiliation_location_mismatch,,,,,,,,,,,,,Femwell Group Health,,,,,,,,independence_unresolved,affiliation_location_mismatch,,,,,
1003882978,Dr. Melodie Icasiano,PE,fielded+universe,pair_280,Paoli,PA,location_resolved,city_state,2961316328,REGIONAL WOMENS HEALTH GROUP LLC,334,85,227,11,110,334,8,0.6796,Axia Women's Health,Axia Women's Health,Hospital,2961316328|4082679519,298,REGIONAL WOMENS HEALTH GROUP LLC|WOMENS HEALTH CARE GROUP OF PENNSYLVANIA LLC,,,,not_independent_supported,"sampled organisation contains clinicians from PE platform ""Axia Women's Health"" on the study roster",,,,,
1003896507,Dr. Jane Matos-Fraebel,Non-PE,fielded,pair_159,Plantation,FL,location_resolved,phone,5395807218,FLORIDA WOMAN CARE LLC,510,87,337,2,214,510,8,0.6608,Women's Care Enterprises,Women's Care Enterprises,,5395807218,517,FLORIDA WOMAN CARE LLC,510,FLORIDA WOMAN CARE LLC,FALSE,not_independent_supported,"sampled organisation contains clinicians from PE platform ""Women's Care Enterprises"" on the study roster",,,,,
1003916297,"Gerald Ciciola, MD",PE,roster_only,,,NJ,affiliation_location_mismatch,,,,,,,,,,,,,Axia Women's Health,,,,,,,,independence_unresolved,affiliation_location_mismatch,,,,,
1003939646,Marcy F. Maguire,PE,roster_only,,,NJ,no_dac_affiliation,,,,,,,,,,,,,,,,,,,,,independence_unresolved,no_dac_affiliation,,,,,
1013012541,Dr. Marie Carmelle Liburd,Non-PE,fielded+universe,pair_414,Miami,FL,no_organisation_on_sampled_row,phone,,,,,,,,,,,,,Hospital,5395807218|5698872844,517,FLORIDA WOMAN CARE LLC|MEDICAL CARE FOR WOMEN LLC,NA,,NA,independence_unresolved,no_organisation_on_sampled_row,,,,,
1013017524,Dr. Kenneth Ahdoot,Non-PE,universe,pair_352,Alexandria,VA,location_resolved,phone,0648166405,THE PHYSICIAN AND MIDWIFE COLLABORATIVE PRACTICE,15,3,11,5,5,15,,,,,,,,,15,THE PHYSICIAN AND MIDWIFE COLLABORATIVE PRACTICE,FALSE,independence_unresolved,no affirmative evidence either way,,,,,
1013020205,Dr. Luisa Cueto,PE,universe,pair_68,Miami,FL,location_resolved,phone,8921091786,VITALMD GROUP HOLDING LLC,430,152,283,2,117,430,22,0.6581,Femwell Group Health,Femwell Group Health,,,,,,,,not_independent_supported,"sampled organisation contains clinicians from PE platform ""Femwell Group Health"" on the study roster",,,,,
1013022946,"Matthew Alvarez, MD",PE,roster_only,,,NC,affiliation_location_mismatch,,,,,,,,,,,,,Unified Women's Healthcare,,,,,,,,independence_unresolved,affiliation_location_mismatch,,,,,
1013090331,Dr. Nancy Brown,PE,universe,pair_191,Oviedo,FL,location_resolved,phone,9234031444,WOMENS CARE FLORIDA LLC,293,58,198,5,74,293,8,0.6758,Women's Care Enterprises,Women's Care Enterprises,,,,,,,,not_independent_supported,"sampled organisation contains clinicians from PE platform ""Women's Care Enterprises"" on the study roster",,,,,
1013095413,Dr. Thomas Dardarian,PE,universe,pair_215,Bryn Mawr,PA,location_resolved,city_state,2961316328,REGIONAL WOMENS HEALTH GROUP LLC,334,85,227,8,110,334,8,0.6796,Axia Women's Health,Axia Women's Health,,,,,,,,not_independent_supported,"sampled organisation contains clinicians from PE platform ""Axia Women's Health"" on the study roster",,,,,
1013111491,"Dr. Yekutiel Sandman, MD",PE,roster_only,,,FL,affiliation_location_mismatch,,,,,,,,,,,,,Femwell Group Health,,,,,,,,independence_unresolved,affiliation_location_mismatch,,,,,
1013165273,"Kimberly S. Moon, M.D.",PE,roster_only,,,MD,no_dac_affiliation,,,,,,,,,,,,,,,,,,,,,independence_unresolved,no_dac_affiliation,,,,,
1013168657,"George Amyradakis, MD, FACOG",PE,roster_only,,,FL,affiliation_location_mismatch,,,,,,,,,,,,,Women's Care Enterprises,,,,,,,,independence_unresolved,affiliation_location_mismatch,,,,,
1013370808,Dr. Xiomara Martinez,PE,roster_only,,,FL,affiliation_location_mismatch,,,,,,,,,,,,,Femwell Group Health,,,,,,,,independence_unresolved,affiliation_location_mismatch,,,,,
1013371335,"Ivy L. Lersten, M.D.",PE,roster_only,,,CO,no_dac_affiliation,,,,,,,,,,,,,,,,,,,,,independence_unresolved,no_dac_affiliation,,,,,
1013376763,Dr. Kamila Malinowska,Non-PE,universe,pair_168,Tampa,FL,location_resolved,phone,5395807218,FLORIDA WOMAN CARE LLC,510,87,337,5,214,510,8,0.6608,Women's Care Enterprises,Women's Care Enterprises,,,,,510,FLORIDA WOMAN CARE LLC,FALSE,not_independent_supported,"sampled organisation contains clinicians from PE platform ""Women's Care Enterprises"" on the study roster",,,,,
1013438308,Dr. Jessica Williams,PE,fielded+universe,pair_460,Browns Mills,NJ,location_resolved,city_state,1850689894,CAPITAL HEALTH MULTISPECIALTY GROUP,236,29,0,3,6,236,18,0.0,Axia Women's Health,Axia Women's Health,Hospital,,,,,,,not_independent_supported,"sampled organisation contains clinicians from PE platform ""Axia Women's Health"" on the study roster",,,,,
1013478494,Dr. Andrea Rincon,PE,roster_only,,,FL,no_dac_affiliation,,,,,,,,,,,,,,,,,,,,,independence_unresolved,no_dac_affiliation,,,,,
1013903541,Dr. Jonathan Lupton,PE,fielded+universe,pair_288,Mooresville,IN,location_resolved,phone,0749188142,SEVEN HILLS OB-GYN ASSOCIATES LLC,110,28,65,17,32,110,7,0.5909,Axia Women's Health,Axia Women's Health,Hospital,1557253283,15,SOUTHSIDE OB-GYN PC,,,,not_independent_supported,"sampled organisation contains clinicians from PE platform ""Axia Women's Health"" on the study roster",,,,,
1013907369,"Jennifer Fuson, MD, FACOG",PE,roster_only,,,NJ,affiliation_location_mismatch,,,,,,,,,,,,,Axia Women's Health,,,,,,,,independence_unresolved,affiliation_location_mismatch,,,,,
1013909290,Dr. Enrique Gonzalez,PE,universe,pair_394,Hollywood,FL,no_dac_affiliation,,,,,,,,,,,,,,,,,,,,,independence_unresolved,no_dac_affiliation,,,,,
1013913383,Dr. Frank Trogolo,PE,universe,pair_119,Miami,FL,location_resolved,city_state,8921091786,VITALMD GROUP HOLDING LLC,430,152,283,375,117,430,22,0.6581,Femwell Group Health,Femwell Group Health,,,,,,,,not_independent_supported,"sampled organisation contains clinicians from PE platform ""Femwell Group Health"" on the study roster",,,,,
1013944073,Dr. Sonya Lee,Non-PE,universe,pair_251,Philadelphia,PA,no_organisation_on_sampled_row,phone,,,,,,,,,,,,,,,,,NA,,NA,independence_unresolved,no_organisation_on_sampled_row,,,,,
1023014396,Dr. Wilfredo Lorenzo,Non-PE,universe,pair_390,Seminole,FL,location_resolved,phone,5395807218,FLORIDA WOMAN CARE LLC,510,87,337,4,214,510,8,0.6608,Women's Care Enterprises,Women's Care Enterprises,,,,,510,FLORIDA WOMAN CARE LLC,FALSE,not_independent_supported,"sampled organisation contains clinicians from PE platform ""Women's Care Enterprises"" on the study roster",,,,,
1023022282,Dr. James Fanning,Non-PE,universe,pair_435,Meriden,CT,location_resolved,phone,3274430665,"PHYSICIANS FOR WOMEN'S HEALTH, LLC",278,45,201,7,78,278,7,0.723,Unified Women's Healthcare,Unified Women's Healthcare,,,,,278,"PHYSICIANS FOR WOMEN'S HEALTH, LLC",FALSE,not_independent_supported,"sampled organisation contains clinicians from PE platform ""Unified Women's Healthcare"" on the study roster",,,,,
1023024841,"Elizabeth Mahour-Moyer, MD, FACOG",PE,roster_only,,,AZ,affiliation_location_mismatch,,,,,,,,,,,,,Unified Women's Healthcare / Genesis OBGYN,,,,,,,,independence_unresolved,affiliation_location_mismatch,,,,,
1023041100,Dr. Natalia Rezvina,Non-PE,fielded,pair_507,Somers Point,NJ,no_organisation_on_sampled_row,phone,,,,,,,,,,,,,,2961316328,298,REGIONAL WOMENS HEALTH GROUP LLC,NA,,NA,independence_unresolved,no_organisation_on_sampled_row,,,,,
1023041688,Dr. Alexandria Angelides,PE,fielded,pair_414,Miami,FL,location_resolved,city_state,8921091786,VITALMD GROUP HOLDING LLC,430,152,283,375,117,430,22,0.6581,Femwell Group Health,Femwell Group Health,Hospital,8921091786,466,VITALMD GROUP HOLDING LLC,,,,not_independent_supported,"sampled organisation contains clinicians from PE platform ""Femwell Group Health"" on the study roster",,,,,
1023047735,Donna R. Session,PE,roster_only,,,NC,no_dac_affiliation,,,,,,,,,,,,,,,,,,,,,independence_unresolved,no_dac_affiliation,,,,,
1023067287,Dr. Geoffrey James,PE,universe,pair_5,Miami,FL,location_resolved,city_state,8921091786,VITALMD GROUP HOLDING LLC,430,152,283,375,117,430,22,0.6581,Femwell Group Health,Femwell Group Health,,,,,,,,not_independent_supported,"sampled organisation contains clinicians from PE platform ""Femwell Group Health"" on the study roster",,,,,
1023088390,"Joann Richichi, DO",PE,roster_only,,,NJ,affiliation_location_mismatch,,,,,,,,,,,,,Axia Women's Health,,,,,,,,independence_unresolved,affiliation_location_mismatch,,,,,
1023104056,Dr. Linda Green,PE,roster_only,,,FL,affiliation_location_mismatch,,,,,,,,,,,,,Femwell Group Health,,,,,,,,independence_unresolved,affiliation_location_mismatch,,,,,
1023121563,Dr. Ladynez Espinal,Non-PE,universe,pair_132,Miami,FL,location_resolved,phone,8921091786,VITALMD GROUP HOLDING LLC,430,152,283,1,117,430,22,0.6581,Femwell Group Health,Femwell Group Health,,,,,430,VITALMD GROUP HOLDING LLC,FALSE,not_independent_supported,"sampled organisation contains clinicians from PE platform ""Femwell Group Health"" on the study roster",,,,,
1023277704,Dr. Puneet Masson,PE,fielded,pair_172,Miami,FL,no_dac_affiliation,,,,,,,,,,,,,,,6204730955|749180198,3114,CLINICAL HEALTH CARE ASSOCIATES OF NEW JERSEY PC|UNIVERSITY OF PENN MEDICAL GROUP,,,,independence_unresolved,no_dac_affiliation,,,,,
1023284494,Dr. Rachel Urrutia,Non-PE,fielded,pair_167,Chapel Hill,NC,location_resolved,phone,0648181156,UNC PHYSICIANS AND ASSOCIATES,1664,172,63,1606,74,1664,61,0.0379,,,Hospital,5092025783|648181156,2048,"REPLY OB/GYN & FERTILITY, PLLC|UNIVERSITY OF NORTH CAROLINA AT CHAPEL HILL",1664,UNC PHYSICIANS AND ASSOCIATES,FALSE,independence_unresolved,"large organisation, name uninformative; needs external adjudication",,,,,
1023306479,Dr. Erin Schlueter,PE,universe,pair_286,Tucson,AZ,location_resolved,phone,4284724279,GENESIS OB GYN PLLC,60,12,39,21,13,60,3,0.65,Unified Women's Healthcare,Unified Women's Healthcare,,,,,,,,not_independent_supported,"sampled organisation contains clinicians from PE platform ""Unified Women's Healthcare"" on the study roster",,,,,
1023353547,Dr. Nateya Carrington,Non-PE,universe,pair_96,Miami,FL,location_resolved,phone,8921091786,VITALMD GROUP HOLDING LLC,430,152,283,375,117,430,22,0.6581,Femwell Group Health,Femwell Group Health,,,,,430,VITALMD GROUP HOLDING LLC,FALSE,not_independent_supported,"sampled organisation contains clinicians from PE platform ""Femwell Group Health"" on the study roster",,,,,
1023374675,"Delaura Patel, MD",PE,roster_only,,,FL,affiliation_location_mismatch,,,,,,,,,,,,,Women's Care Enterprises,,,,,,,,independence_unresolved,affiliation_location_mismatch,,,,,
1023467693,Dr. Mackenzie Malek,PE,universe,pair_279,Birmingham,AL,location_resolved,city_state,6002839768,SPARKS AND FAVOR PC,6,0,6,6,1,6,,,Together Women's Health,Together Women's Health,,,,,,,,not_independent_supported,"sampled organisation contains clinicians from PE platform ""Together Women's Health"" on the study roster",,,,,
1023637204,Dr. Kirsten Russell,PE,universe,pair_193,Tampa,FL,no_dac_affiliation,,,,,,,,,,,,,,,,,,,,,independence_unresolved,no_dac_affiliation,,,,,
1033107362,Dr. Wendy Whitcomb,Non-PE,universe,pair_179,Oviedo,FL,location_resolved,phone,9234031444,WOMENS CARE FLORIDA LLC,293,58,198,8,74,293,8,0.6758,Women's Care Enterprises,Women's Care Enterprises,,,,,293,WOMENS CARE FLORIDA LLC,FALSE,not_independent_supported,"sampled organisation contains clinicians from PE platform ""Women's Care Enterprises"" on the study roster",,,,,
1033108741,Dr. Peter Perry,Non-PE,universe,pair_178,Orlando,FL,location_resolved,phone,9537059084,ORLANDO HEALTH MEDICAL GROUP INC,1384,132,76,161,146,1384,58,0.0549,,,,,,,1384,ORLANDO HEALTH MEDICAL GROUP INC,FALSE,not_independent_supported,organisation name carries a hospital/system/academic/government token,,,,,
1033174644,Dr. Emilio Gomez-Madrazo,Non-PE,fielded+universe,pair_128,South Miami,FL,location_resolved,phone,5395807218,FLORIDA WOMAN CARE LLC,510,87,337,1,214,510,8,0.6608,Women's Care Enterprises,Women's Care Enterprises,,5395807218|8022276542,517,FLORIDA WOMAN CARE LLC|FWC UROGYNECOLOGY LLC,510,FLORIDA WOMAN CARE LLC,FALSE,not_independent_supported,"sampled organisation contains clinicians from PE platform ""Women's Care Enterprises"" on the study roster",,,,,
1033187828,"Pamela Sullivan, MD",PE,roster_only,,,MO,affiliation_location_mismatch,,,,,,,,,,,,,Advantia Health,,,,,,,,independence_unresolved,affiliation_location_mismatch,,,,,
1033189055,Dr. Michael Bruck,PE,roster_only,,,FL,no_dac_affiliation,,,,,,,,,,,,,,,,,,,,,independence_unresolved,no_dac_affiliation,,,,,
1033189196,Dr. Manuel R. Padron,PE,roster_only,,,FL,affiliation_location_mismatch,,,,,,,,,,,,,Femwell Group Health,,,,,,,,independence_unresolved,affiliation_location_mismatch,,,,,
1033226881,Dr. Ghea Adeboyejo,PE,roster_only,,,FL,no_dac_affiliation,,,,,,,,,,,,,,,,,,,,,independence_unresolved,no_dac_affiliation,,,,,
1033275995,"Eric D. Levens, M.D.",PE,roster_only,,,VA,no_dac_affiliation,,,,,,,,,,,,,,,,,,,,,independence_unresolved,no_dac_affiliation,,,,,
1033324702,"Sara Cramton, MD",PE,roster_only,,,MI,affiliation_location_mismatch,,,,,,,,,,,,,Unified Women's Healthcare,,,,,,,,independence_unresolved,affiliation_location_mismatch,,,,,
1033382049,"Brad Swelstad, M.D.",PE,roster_only,,,VA,no_dac_affiliation,,,,,,,,,,,,,,,,,,,,,independence_unresolved,no_dac_affiliation,,,,,
1033385067,Dr. Arin Saldana,PE,roster_only,,,FL,affiliation_location_mismatch,,,,,,,,,,,,,Femwell Group Health,,,,,,,,independence_unresolved,affiliation_location_mismatch,,,,,
1033430707,Dr. Leah Wilson,PE,universe,pair_430,Worcester,MA,location_resolved,phone,3274430665,"PHYSICIANS FOR WOMEN'S HEALTH, LLC",278,45,201,20,78,278,7,0.723,Unified Women's Healthcare,Unified Women's Healthcare,,,,,,,,not_independent_supported,"sampled organisation contains clinicians from PE platform ""Unified Women's Healthcare"" on the study roster",,,,,
1033520838,Dr. Sabrina Rabau,PE,fielded+universe,pair_511,Hammonton,NJ,location_resolved,phone,2961316328,REGIONAL WOMENS HEALTH GROUP LLC,334,85,227,9,110,334,8,0.6796,Axia Women's Health,Axia Women's Health,,,,,,,,not_independent_supported,"sampled organisation contains clinicians from PE platform ""Axia Women's Health"" on the study roster",,,,,
1033524160,Dr. Kate Brady,PE,universe,pair_317,Maplewood,MN,location_resolved,phone,1355396110,PREMIER OBGYN OF MINNESOTA PLLC,68,14,46,11,21,68,6,0.6765,Unified Women's Healthcare,Unified Women's Healthcare,,,,,,,,not_independent_supported,"sampled organisation contains clinicians from PE platform ""Unified Women's Healthcare"" on the study roster",,,,,
1033563317,Dr. Lucy Sanders,Non-PE,universe,pair_279,Birmingham,AL,location_resolved,phone,9133152697,HENDERSON AND WALTON WOMENS CENTER PC,14,0,13,14,5,14,,,,,,,,,14,HENDERSON AND WALTON WOMENS CENTER PC,FALSE,independence_unresolved,no affirmative evidence either way,,,,,
1033572334,Dr. Andrea Faraci,Non-PE,universe,pair_402,Hialeah,FL,location_resolved,phone,5395807218,FLORIDA WOMAN CARE LLC,510,87,337,5,214,510,8,0.6608,Women's Care Enterprises,Women's Care Enterprises,,,,,510,FLORIDA WOMAN CARE LLC,FALSE,not_independent_supported,"sampled organisation contains clinicians from PE platform ""Women's Care Enterprises"" on the study roster",,,,,
1033614672,Dr. Lisa Varghese,Non-PE,universe,pair_348,Frisco,TX,location_resolved,phone,3476808411,"MEDICAL CITY OB-GYN, PLLC",33,7,32,3,13,33,2,0.9697,Women's Care Enterprises,Women's Care Enterprises,,,,,33,"MEDICAL CITY OB-GYN, PLLC",FALSE,not_independent_supported,"sampled organisation contains clinicians from PE platform ""Women's Care Enterprises"" on the study roster",,,,,
1033670740,Dr. Brittany Novak,PE,universe,pair_248,Arlington Heights,IL,no_dac_affiliation,,,,,,,,,,,,,,,,,,,,,independence_unresolved,no_dac_affiliation,,,,,
1043205081,"Frederick Zito, MD",PE,roster_only,,,NJ,affiliation_location_mismatch,,,,,,,,,,,,,Axia Women's Health,,,,,,,,independence_unresolved,affiliation_location_mismatch,,,,,
1043219322,Dr. Michael Meyer,PE,roster_only,,,IL,affiliation_location_mismatch,,,,,,,,,,,,,Nova Women's Health Partners|OB Hospitalist Group,,,,,,,,independence_unresolved,affiliation_location_mismatch,,,,,
1043232382,Dr. Philip Hirshman,PE,fielded+universe,pair_278,Bryn Mawr,PA,location_resolved,phone,2961316328,REGIONAL WOMENS HEALTH GROUP LLC,334,85,227,3,110,334,8,0.6796,Axia Women's Health,Axia Women's Health,Hospital,2961316328|4082679519,298,REGIONAL WOMENS HEALTH GROUP LLC|WOMENS HEALTH CARE GROUP OF PENNSYLVANIA LLC,,,,not_independent_supported,"sampled organisation contains clinicians from PE platform ""Axia Women's Health"" on the study roster",,,,,
1043233463,Dr. Carmen Mejia-Carvajal,PE,universe,pair_17,Margate,FL,no_dac_affiliation,,,,,,,,,,,,,,,,,,,,,independence_unresolved,no_dac_affiliation,,,,,
1043233646,Dr. Dibe Martin,PE,roster_only,,,FL,no_dac_affiliation,,,,,,,,,,,,,,,,,,,,,independence_unresolved,no_dac_affiliation,,,,,
1043244981,Dr. Ernesto Erdmann,PE,roster_only,,,FL,no_dac_affiliation,,,,,,,,,,,,,,,,,,,,,independence_unresolved,no_dac_affiliation,,,,,
1043269830,"Deborah Ronco, MD, FACOG",PE,roster_only,,,NJ,affiliation_location_mismatch,,,,,,,,,,,,,Axia Women's Health,,,,,,,,independence_unresolved,affiliation_location_mismatch,,,,,
1043284425,Dr. Leroy Charles,Non-PE,fielded,pair_425,Greenacres,FL,no_organisation_on_sampled_row,phone,,,,,,,,,,,,,,1254495435|3971741315|5395807218,517,"FLORIDA WOMAN CARE LLC|LEROY CHARLES MD PA|OBGYN SPECIALISTS OF LAKESIDE, LLC",NA,,NA,independence_unresolved,no_organisation_on_sampled_row,,,,,
1043338700,Dr. Denise Ranucci,Non-PE,universe,pair_245,Horsham,PA,no_organisation_on_sampled_row,phone,,,,,,,,,,,,,,,,,NA,,NA,independence_unresolved,no_organisation_on_sampled_row,,,,,
1043461676,Dr. Leonardo Santana,Non-PE,universe,pair_154,Winter Park,FL,location_resolved,phone,9234031444,WOMENS CARE FLORIDA LLC,293,58,198,8,74,293,8,0.6758,Women's Care Enterprises,Women's Care Enterprises,,,,,293,WOMENS CARE FLORIDA LLC,FALSE,not_independent_supported,"sampled organisation contains clinicians from PE platform ""Women's Care Enterprises"" on the study roster",,,,,
1043525439,Dr. Diana Vitale,Non-PE,universe,pair_446,Passaic,NJ,location_resolved,phone,9133032519,HACKENSACK MERIDIAN HEALTH MEDICAL GROUP - SPECIALTY CARE PC,1117,248,93,1,85,1117,54,0.0833,,,,,,,1117,HACKENSACK MERIDIAN HEALTH MEDICAL GROUP - SPECIALTY CARE PC,FALSE,not_independent_supported,organisation name carries a hospital/system/academic/government token,,,,,
1043528029,Dr. Farnaz Safi,PE,universe,pair_186,Lake Mary,FL,location_resolved,phone,9234031444,WOMENS CARE FLORIDA LLC,293,58,198,2,74,293,8,0.6758,Women's Care Enterprises,Women's Care Enterprises,,,,,,,,not_independent_supported,"sampled organisation contains clinicians from PE platform ""Women's Care Enterprises"" on the study roster",,,,,
1043571144,Jeffrey T. Thorne,PE,roster_only,,,PA,no_dac_affiliation,,,,,,,,,,,,,,,,,,,,,independence_unresolved,no_dac_affiliation,,,,,
1043577448,Dr. Derrick Sanderson,Non-PE,universe,pair_231,Fort Wayne,IN,location_resolved,phone,2668539818,ASSOCIATED SURGEONS AND PHYSICIANS LLC,29,5,17,24,7,29,4,0.5862,,,,,,,29,ASSOCIATED SURGEONS AND PHYSICIANS LLC,FALSE,independence_unresolved,no affirmative evidence either way,,,,,
1043645633,"Ashley Long, DO",PE,roster_only,,,FL,affiliation_location_mismatch,,,,,,,,,,,,,Women's Care Enterprises,,,,,,,,independence_unresolved,affiliation_location_mismatch,,,,,
1043715584,Stephanie Willson,PE,roster_only,,,NJ,no_dac_affiliation,,,,,,,,,,,,,,,,,,,,,independence_unresolved,no_dac_affiliation,,,,,
1043892326,Dr. Tyler Desmond,PE,fielded,pair_268,Mullica Hill,NJ,no_dac_affiliation,,,,,,,,,,,,,,,,,,,,,independence_unresolved,no_dac_affiliation,,,,,
1053308411,Dr. Steven Lacher,Non-PE,fielded,pair_358,Bel Air,MD,location_resolved,phone,4880582741,CAPITAL WOMENS CARE LLC,252,47,182,1,64,252,7,0.7222,Advantia Health,Advantia Health,,4880846179|9133295066,202,STEVEN LACHER MD PA|UNIVERSITY OF MARYLAND ST JOSEPH MEDICAL GROUP LLC,252,CAPITAL WOMENS CARE LLC,FALSE,not_independent_supported,"sampled organisation contains clinicians from PE platform ""Advantia Health"" on the study roster",,,,,
1053312835,Dr. Howard Eisenberg,Non-PE,universe,pair_283,Tucson,AZ,location_resolved,phone,4284724279,GENESIS OB GYN PLLC,60,12,39,14,13,60,3,0.65,Unified Women's Healthcare,Unified Women's Healthcare,,,,,60,GENESIS OB GYN PLLC,FALSE,not_independent_supported,"sampled organisation contains clinicians from PE platform ""Unified Women's Healthcare"" on the study roster",,,,,
1053380022,"Sharon Desmarais, MD",PE,roster_only,,,FL,affiliation_location_mismatch,,,,,,,,,,,,,Women's Care Enterprises,,,,,,,,independence_unresolved,affiliation_location_mismatch,,,,,
1053391649,Dr. Carmen Doty-Armstrong,Non-PE,fielded,pair_248,Toledo,OH,location_resolved,phone,1951707884,MERCY HEALTH PHYSICIANS NORTH SPECIALTY CARE LLC,293,59,19,92,48,293,37,0.0648,,,Hospital,2668522400|941447890,522,"FINDLAY WOMENS CARE LLC|MERCY HEALTH PHYSICIANS - NORTH, LLC.",293,MERCY HEALTH PHYSICIANS NORTH SPECIALTY CARE LLC,FALSE,independence_unresolved,"large organisation, name uninformative; needs external adjudication",,,,,
1053394171,Dr. Michelle Wood,PE,universe,pair_34,Leesburg,FL,location_resolved,city_state,8921091786,VITALMD GROUP HOLDING LLC,430,152,283,5,117,430,22,0.6581,Femwell Group Health,Femwell Group Health,,,,,,,,not_independent_supported,"sampled organisation contains clinicians from PE platform ""Femwell Group Health"" on the study roster",,,,,
1053394205,Dr. Robert Feldman,Non-PE,fielded+universe,pair_8,South Miami,FL,location_resolved,phone,5395807218,FLORIDA WOMAN CARE LLC,510,87,337,3,214,510,8,0.6608,Women's Care Enterprises,Women's Care Enterprises,Hospital,1456449016|3870696933,315,BAPTIST HEALTH MEDICAL GROUP PHYSICIANS LLC|ROBERT A FELDMAN MD PA,510,FLORIDA WOMAN CARE LLC,FALSE,not_independent_supported,"sampled organisation contains clinicians from PE platform ""Women's Care Enterprises"" on the study roster",,,,,
1053419879,Dr. Thomas O'Brien,Non-PE,universe,pair_272,Wilkes Barre,PA,location_resolved,phone,5395657001,GEISINGER CLINIC,2828,400,47,224,324,2828,69,0.0166,,,,,,,2828,GEISINGER CLINIC,FALSE,not_independent_supported,organisation name carries a hospital/system/academic/government token,,,,,
1053422709,Dr. John White,Non-PE,universe,pair_118,Miami,FL,location_resolved,phone,8921091786,VITALMD GROUP HOLDING LLC,430,152,283,375,117,430,22,0.6581,Femwell Group Health,Femwell Group Health,,,,,430,VITALMD GROUP HOLDING LLC,FALSE,not_independent_supported,"sampled organisation contains clinicians from PE platform ""Femwell Group Health"" on the study roster",,,,,
1053541169,Dr. Elizabeth Cottongim,Non-PE,universe,pair_252,Westfield,IN,location_resolved,phone,0749188142,SEVEN HILLS OB-GYN ASSOCIATES LLC,110,28,65,12,32,110,7,0.5909,Axia Women's Health,Axia Women's Health,,,,,110,SEVEN HILLS OB-GYN ASSOCIATES LLC,FALSE,not_independent_supported,"sampled organisation contains clinicians from PE platform ""Axia Women's Health"" on the study roster",,,,,
1053549550,Dr. Liat Corcia,PE,universe,pair_60,Coral Gables,FL,no_dac_affiliation,,,,,,,,,,,,,,,,,,,,,independence_unresolved,no_dac_affiliation,,,,,
1053628941,"Mae W. Healy, D.O.",PE,roster_only,,,MD,no_dac_affiliation,,,,,,,,,,,,,,,,,,,,,independence_unresolved,no_dac_affiliation,,,,,
1053632927,"Amy Boots, DO, FACOG",PE,roster_only,,,AZ,affiliation_location_mismatch,,,,,,,,,,,,,Unified Women's Healthcare / Genesis OBGYN,,,,,,,,independence_unresolved,affiliation_location_mismatch,,,,,
1053653105,Dr. Lia Labrant,PE,fielded,pair_336,Beverly Hills,CA,location_resolved,city_state,0345228722,WOMENS CARE OF BEVERLY HILLS MEDICAL GROUP,6,2,6,6,1,6,1,1.0,Women's Care Enterprises,Women's Care Enterprises,Hospital,345228722|446169114,587,CEDARS-SINAI MEDICAL CENTER|WOMENS CARE OF BEVERLY HILLS MEDICAL GROUP,,,,not_independent_supported,"sampled organisation contains clinicians from PE platform ""Women's Care Enterprises"" on the study roster",,,,,
1053702050,Dr. Jaclyn Ferro,Non-PE,universe,pair_70,Miami,FL,no_organisation_on_sampled_row,phone,,,,,,,,,,,,,,,,,NA,,NA,independence_unresolved,no_organisation_on_sampled_row,,,,,
1053707034,Dr. Samantha Bunting,Non-PE,fielded,pair_101,Davie,FL,location_resolved,phone,2264752443,INSTITUTE FOR WOMEN'S HEALTH AND BODY LLC,43,7,27,4,34,43,5,0.6279,,,,,,,43,INSTITUTE FOR WOMEN'S HEALTH AND BODY LLC,FALSE,independence_unresolved,no affirmative evidence either way,,,,,
1053717306,Dr. Felix Cohen,Non-PE,fielded,pair_184,New York,NY,no_organisation_on_sampled_row,phone,,,,,,,,,,,,,,5496944803|5890086599,427,"COHEN MEDICAL PRACTICE PC|CONEY ISLAND MEDICAL PRACTICE PLAN, P.C.",NA,,NA,independence_unresolved,no_organisation_on_sampled_row,,,,,
1053818252,Dr. Mackenzie Thayer,Non-PE,universe,pair_324,Edina,MN,location_resolved,phone,1052225042,INFINITE HEALTH COLLABORATIVE PA,776,59,44,116,76,776,26,0.0567,,,,,,,776,INFINITE HEALTH COLLABORATIVE PA,FALSE,independence_unresolved,"large organisation, name uninformative; needs external adjudication",,,,,
1053870964,Dr. Rakiya Miller,Non-PE,universe,pair_107,Miami,FL,location_resolved,phone,8921091786,VITALMD GROUP HOLDING LLC,430,152,283,375,117,430,22,0.6581,Femwell Group Health,Femwell Group Health,,,,,430,VITALMD GROUP HOLDING LLC,FALSE,not_independent_supported,"sampled organisation contains clinicians from PE platform ""Femwell Group Health"" on the study roster",,,,,
1053999839,Dr. Stephanie Osawaru,PE,universe,pair_260,Blue Bell,PA,no_dac_affiliation,,,,,,,,,,,,,,,,,,,,,independence_unresolved,no_dac_affiliation,,,,,
1063075232,Dr. Thomas Paterniti,PE,universe,pair_167,Oviedo,FL,location_resolved,phone,9234031444,WOMENS CARE FLORIDA LLC,293,58,198,14,74,293,8,0.6758,Women's Care Enterprises,Women's Care Enterprises,,,,,,,,not_independent_supported,"sampled organisation contains clinicians from PE platform ""Women's Care Enterprises"" on the study roster",,,,,
1063402360,"Aaron Styer, MD",PE,roster_only,,,MA,no_dac_affiliation,,,,,,,,,,,,,,,,,,,,,independence_unresolved,no_dac_affiliation,,,,,
1063417137,Dr. Sherri Graf,Non-PE,fielded+universe,pair_250,Southfield,MI,location_resolved,phone,0648180406,ASCENSION MEDICAL GROUP MICHIGAN,102,33,15,2,50,102,15,0.1471,,Unified Women's Healthcare,Hospital,6103738703|9931135035,421,ASCENSION PROVIDENCE HOSPITAL|SHERRI L GRAF DOPC,102,ASCENSION MEDICAL GROUP MICHIGAN,FALSE,not_independent_supported,organisation name carries a hospital/system/academic/government token,,,,,
1063418606,Dr. Ana Lamas,PE,universe,pair_36,Miami,FL,location_resolved,city_state,8921091786,VITALMD GROUP HOLDING LLC,430,152,283,375,117,430,22,0.6581,Femwell Group Health,Femwell Group Health,,,,,,,,not_independent_supported,"sampled organisation contains clinicians from PE platform ""Femwell Group Health"" on the study roster",,,,,
1063428340,Robert Greene,PE,roster_only,,,CO,no_dac_affiliation,,,,,,,,,,,,,,,,,,,,,independence_unresolved,no_dac_affiliation,,,,,
1063443133,"Molly Larkin, MD",PE,roster_only,,,DE,affiliation_location_mismatch,,,,,,,,,,,,,Unified Women's Healthcare,,,,,,,,independence_unresolved,affiliation_location_mismatch,,,,,
1063579431,Jacqueline N. Gutmann,PE,roster_only,,,PA,no_dac_affiliation,,,,,,,,,,,,,,,,,,,,,independence_unresolved,no_dac_affiliation,,,,,
1063602597,Dr. Elena Zenkin,Non-PE,fielded,pair_379,Las Vegas,NV,location_resolved,phone,4183991458,UNLV MEDICINE,148,20,16,21,17,148,27,0.1081,,,,244120939|4183991458,197,OBSTETRIX MEDICAL GROUP OF CALIFORNIA APC|UNLV MEDICINE,148,OBSTETRIX MEDICAL GROUP OF CALIFORNIA A PROFESSIONAL CORPORA,FALSE,independence_unresolved,"large organisation, name uninformative; needs external adjudication",,,,,
1063622454,Dr. Anupama Vansadia,PE,universe,pair_314,Rochester Hills,MI,location_resolved,phone,2466543640,"TOGETHER WOMEN'S HEALTH MEDICAL GROUP, P.C.",24,7,24,4,7,24,1,1.0,Together Women's Health,Together Women's Health,,,,,,,,not_independent_supported,"sampled organisation contains clinicians from PE platform ""Together Women's Health"" on the study roster",,,,,
1063623205,Dr. Sara Oreilly,Non-PE,universe,pair_457,Bedminster,NJ,location_resolved,phone,1456332170,LIFELINE MEDICAL ASSOCIATES LLC,156,42,115,4,40,156,5,0.7372,Unified Women's Healthcare,Unified Women's Healthcare,,,,,156,LIFELINE MEDICAL ASSOCIATES LLC,FALSE,not_independent_supported,"sampled organisation contains clinicians from PE platform ""Unified Women's Healthcare"" on the study roster",,,,,
1063663771,Dr. Hector Ramirez,Non-PE,universe,pair_78,Orlando,FL,location_resolved,phone,9537059084,ORLANDO HEALTH MEDICAL GROUP INC,1384,132,76,55,146,1384,58,0.0549,,,,,,,1384,ORLANDO HEALTH MEDICAL GROUP INC,FALSE,not_independent_supported,organisation name carries a hospital/system/academic/government token,,,,,
1063672335,"Brooke Ritter, DO",PE,roster_only,,,FL,affiliation_location_mismatch,,,,,,,,,,,,,Women's Care Enterprises,,,,,,,,independence_unresolved,affiliation_location_mismatch,,,,,
1063673358,Dr. Virginia Takagi,PE,universe,pair_265,Mooresville,IN,location_resolved,phone,0749188142,SEVEN HILLS OB-GYN ASSOCIATES LLC,110,28,65,17,32,110,7,0.5909,Axia Women's Health,Axia Women's Health,,,,,,,,not_independent_supported,"sampled organisation contains clinicians from PE platform ""Axia Women's Health"" on the study roster",,,,,
1063755163,"Jennifer Y. Hsu, M.D.",PE,roster_only,,,MD,no_dac_affiliation,,,,,,,,,,,,,,,,,,,,,independence_unresolved,no_dac_affiliation,,,,,
1063807782,"Quinton Katler, M.D.",PE,roster_only,,,GA,no_dac_affiliation,,,,,,,,,,,,,,,,,,,,,independence_unresolved,no_dac_affiliation,,,,,
1063822310,"Erin Baumbach, MD, MPH",PE,roster_only,,,AZ,no_dac_affiliation,,,,,,,,,,,,,,,,,,,,,independence_unresolved,no_dac_affiliation,,,,,
1063831410,Alice Shapiro,PE,roster_only,,,CA,no_dac_affiliation,,,,,,,,,,,,,,,,,,,,,independence_unresolved,no_dac_affiliation,,,,,
1063971356,Dr. Dillon Snyder,PE,universe,pair_404,Jacksonville,FL,no_dac_affiliation,,,,,,,,,,,,,,,,,,,,,independence_unresolved,no_dac_affiliation,,,,,
1073048740,"Alex Popko, DO",PE,roster_only,,,NJ,affiliation_location_mismatch,,,,,,,,,,,,,Axia Women's Health,,,,,,,,independence_unresolved,affiliation_location_mismatch,,,,,
1073073565,Dr. Caroline Mecker,PE,fielded+universe,pair_294,Carmel,IN,location_resolved,phone,0749188142,SEVEN HILLS OB-GYN ASSOCIATES LLC,110,28,65,12,32,110,7,0.5909,Axia Women's Health,Axia Women's Health,Hospital,,,,,,,not_independent_supported,"sampled organisation contains clinicians from PE platform ""Axia Women's Health"" on the study roster",,,,,
1073504866,"Paula Fishbaugh, MD",PE,roster_only,,,MI,affiliation_location_mismatch,,,,,,,,,,,,,Together Women's Health,,,,,,,,independence_unresolved,affiliation_location_mismatch,,,,,
1073518130,Dr. Lawrence Bergman,PE,fielded,pair_425,Wellington,FL,no_dac_affiliation,,,,,,,,,,,,,,,,,,,,,independence_unresolved,no_dac_affiliation,,,,,
1073524880,"Anitha S.  Nair, M.D.",PE,roster_only,,,VA,no_dac_affiliation,,,,,,,,,,,,,,,,,,,,,independence_unresolved,no_dac_affiliation,,,,,
1073537551,Dr. Gail Pezzullo-Burgs,PE,universe,pair_101,Miami,FL,location_resolved,city_state,8921091786,VITALMD GROUP HOLDING LLC,430,152,283,375,117,430,22,0.6581,Femwell Group Health,Femwell Group Health,,,,,,,,not_independent_supported,"sampled organisation contains clinicians from PE platform ""Femwell Group Health"" on the study roster",,,,,
1073547840,Jamie L. Morris,PE,roster_only,,,NJ,no_dac_affiliation,,,,,,,,,,,,,,,,,,,,,independence_unresolved,no_dac_affiliation,,,,,
1073568143,Dr. Ernesto Cardenas,PE,universe,pair_371,Doral,FL,no_dac_affiliation,,,,,,,,,,,,,,,,,,,,,independence_unresolved,no_dac_affiliation,,,,,
1073585097,Dr. Rosemary Cardosi,Non-PE,universe,pair_161,Lakeland,FL,location_resolved,phone,1456258979,WATSON CLINIC LLP,376,72,10,41,16,376,,,,,,,,,376,WATSON CLINIC LLP,FALSE,independence_unresolved,"large organisation, name uninformative; needs external adjudication",,,,,
1073698213,Dr. Andreae Shaw,PE,roster_only,,,FL,no_dac_affiliation,,,,,,,,,,,,,,,,,,,,,independence_unresolved,no_dac_affiliation,,,,,
1073703443,"Kelly A. Goad, DO, FACOG",PE,roster_only,,,AZ,affiliation_location_mismatch,,,,,,,,,,,,,Unified Women's Healthcare / Genesis OBGYN,,,,,,,,independence_unresolved,affiliation_location_mismatch,,,,,
1073741351,"Ilia Calluzzo, MD",PE,roster_only,,,NY,affiliation_location_mismatch,,,,,,,,,,,,,Unified Women's Healthcare,,,,,,,,independence_unresolved,affiliation_location_mismatch,,,,,
1073773032,"Rashmi Kudesia, MD",PE,roster_only,,,TX,no_dac_affiliation,,,,,,,,,,,,,,,,,,,,,independence_unresolved,no_dac_affiliation,,,,,
1073812681,Dr. Christopher C. DeStephano,PE,roster_only,,,FL,affiliation_location_mismatch,,,,,,,,,,,,,US Fertility,,,,,,,,independence_unresolved,affiliation_location_mismatch,,,,,
1073880134,Dr. Sarah Shelden,PE,universe,pair_209,Trinity,FL,location_resolved,phone,9234031444,WOMENS CARE FLORIDA LLC,293,58,198,12,74,293,8,0.6758,Women's Care Enterprises,Women's Care Enterprises,,,,,,,,not_independent_supported,"sampled organisation contains clinicians from PE platform ""Women's Care Enterprises"" on the study roster",,,,,
1073904256,Dr. Andrew Ewbank,Non-PE,fielded,pair_349,Evanston,IL,location_resolved,phone,9537050422,ERIE FAMILY HEALTH CENTER INC,123,5,17,15,10,123,14,0.1382,Nova Women's Health Partners,Nova Women's Health Partners,,,,,123,ERIE FAMILY HEALTH CENTER INC,FALSE,not_independent_supported,"sampled organisation contains clinicians from PE platform ""Nova Women's Health Partners"" on the study roster",,,,,
1073955290,"Sina Abhari, MD",PE,roster_only,,,CA,no_dac_affiliation,,,,,,,,,,,,,,,,,,,,,independence_unresolved,no_dac_affiliation,,,,,
1073976932,Dr. Amir Mehdizadeh,PE,universe,pair_425,Worcester,MA,location_resolved,phone,3274430665,"PHYSICIANS FOR WOMEN'S HEALTH, LLC",278,45,201,20,78,278,7,0.723,Unified Women's Healthcare,Unified Women's Healthcare,,,,,,,,not_independent_supported,"sampled organisation contains clinicians from PE platform ""Unified Women's Healthcare"" on the study roster",,,,,
1083051379,Dr. Mabel Marotta,Non-PE,universe,pair_82,Pembroke Pines,FL,location_resolved,phone,5799016846,DHP OF MANATEE PA,37,10,36,11,7,37,2,0.973,,,,,,,37,DHP OF MANATEE PA,FALSE,independent_supported,"single-specialty OB/GYN organisation, no system token, no PE-roster member",,,,,
1083076236,Dr. Kirsten Beeson,PE,fielded,pair_391,Raleigh,NC,location_resolved,phone,0042448169,UWH OF THE CAROLINAS PLLC,294,40,208,6,66,294,8,0.7075,Unified Women's Healthcare,Unified Women's Healthcare,,,,,,,,not_independent_supported,"sampled organisation contains clinicians from PE platform ""Unified Women's Healthcare"" on the study roster",,,,,
1083094825,"Janet Bruno-Gaston, M.D.",PE,roster_only,,,MD,no_dac_affiliation,,,,,,,,,,,,,,,,,,,,,independence_unresolved,no_dac_affiliation,,,,,
1083110191,"Jessica Koren, DO, FACOG",PE,roster_only,,,IL,affiliation_location_mismatch,,,,,,,,,,,,,Together Women's Health,,,,,,,,independence_unresolved,affiliation_location_mismatch,,,,,
1083176036,"Kaustubh Prabhu, MD",PE,roster_only,,,NJ,affiliation_location_mismatch,,,,,,,,,,,,,Axia Women's Health,,,,,,,,independence_unresolved,affiliation_location_mismatch,,,,,
1083292163,Dr. Causey Hebel,PE,universe,pair_207,Jacksonville,FL,no_dac_affiliation,,,,,,,,,,,,,,,,,,,,,independence_unresolved,no_dac_affiliation,,,,,
1083614309,Dr. William Scott,PE,universe,pair_149,Orlando,FL,location_resolved,city_state,9234031444,WOMENS CARE FLORIDA LLC,293,58,198,3,74,293,8,0.6758,Women's Care Enterprises,Women's Care Enterprises,,,,,,,,not_independent_supported,"sampled organisation contains clinicians from PE platform ""Women's Care Enterprises"" on the study roster",,,,,
1083633101,Dr. Kimberly Mcintosh,PE,fielded+universe,pair_342,Stockbridge,GA,location_resolved,phone,3072504240,SOUTHERN CRESCENT WOMENS HEALTH SPECIALISTS AT EAGLE'S LANDING,5,1,5,5,1,5,1,1.0,Nova Women's Health Partners,Nova Women's Health Partners,,3072504240,5,SOUTHERN CRESCENT WOMENS HEALTH SPECIALISTS AT EAGLE'S LANDING,,,,not_independent_supported,"sampled organisation contains clinicians from PE platform ""Nova Women's Health Partners"" on the study roster",,,,,
1083636831,Dr. Jennifer Gilbert,Non-PE,fielded+universe,pair_267,Paoli,PA,location_resolved,phone,2961316328,REGIONAL WOMENS HEALTH GROUP LLC,334,85,227,11,110,334,8,0.6796,Axia Women's Health,Axia Women's Health,Hospital,2961316328|4082679519,298,REGIONAL WOMENS HEALTH GROUP LLC|WOMENS HEALTH CARE GROUP OF PENNSYLVANIA LLC,334,REGIONAL WOMENS HEALTH GROUP LLC,FALSE,not_independent_supported,"sampled organisation contains clinicians from PE platform ""Axia Women's Health"" on the study roster",,,,,
1083683122,Dr. Robert Pearl,PE,universe,pair_26,Coral Springs,FL,location_resolved,phone,8921091786,VITALMD GROUP HOLDING LLC,430,152,283,2,117,430,22,0.6581,Femwell Group Health,Femwell Group Health,,,,,,,,not_independent_supported,"sampled organisation contains clinicians from PE platform ""Femwell Group Health"" on the study roster",,,,,
1083683734,Dr. Mary Moody,PE,universe,pair_343,Raleigh,NC,location_resolved,phone,0042448169,UWH OF THE CAROLINAS PLLC,294,40,208,6,66,294,8,0.7075,Unified Women's Healthcare,Unified Women's Healthcare,,,,,,,,not_independent_supported,"sampled organisation contains clinicians from PE platform ""Unified Women's Healthcare"" on the study roster",,,,,
1083702278,Dr. Laura Mieszerski,Non-PE,universe,pair_275,Yorktown Heights,NY,no_organisation_on_sampled_row,phone,,,,,,,,,,,,,,,,,NA,,NA,independence_unresolved,no_organisation_on_sampled_row,,,,,
1083728497,Dr. Isaac Halfon,PE,roster_only,,,FL,affiliation_location_mismatch,,,,,,,,,,,,,Femwell Group Health,,,,,,,,independence_unresolved,affiliation_location_mismatch,,,,,
1083749642,Dr. Jason Levine,PE,universe,pair_43,Riverview,FL,location_resolved,city_state,6406753623,"BAYCARE MEDICAL GROUP, INC.",976,118,11,134,115,976,,,Femwell Group Health,Femwell Group Health,,,,,,,,not_independent_supported,"sampled organisation contains clinicians from PE platform ""Femwell Group Health"" on the study roster",,,,,
1083772461,Dr. Gretchen Makai,Non-PE,fielded+universe,pair_261,Chadds Ford,PA,location_resolved,phone,9739097569,CHRISTIANA CARE HEALTH SERVICES INC,1222,158,45,13,118,1222,58,0.0368,,,Hospital,9739097569,1262,CHRISTIANA CARE HEALTH SERVICES INC,1222,CHRISTIANA CARE HEALTH SERVICES INC,FALSE,not_independent_supported,organisation name carries a hospital/system/academic/government token,,,,,
1083823447,Dr. Monica Companioni,PE,universe,pair_350,Pembroke Pines,FL,location_resolved,city_state,8921091786,VITALMD GROUP HOLDING LLC,430,152,283,2,117,430,22,0.6581,Femwell Group Health,Femwell Group Health,,,,,,,,not_independent_supported,"sampled organisation contains clinicians from PE platform ""Femwell Group Health"" on the study roster",,,,,
1083826333,Dr. Raymond Michael Belden,Non-PE,universe,pair_268,Paoli,PA,location_resolved,phone,2961316328,REGIONAL WOMENS HEALTH GROUP LLC,334,85,227,6,110,334,8,0.6796,Axia Women's Health,Axia Women's Health,,,,,334,REGIONAL WOMENS HEALTH GROUP LLC,FALSE,not_independent_supported,"sampled organisation contains clinicians from PE platform ""Axia Women's Health"" on the study roster",,,,,
1083835730,"Matthew Will, MD",PE,roster_only,,,NJ,no_dac_affiliation,,,,,,,,,,,,,,,,,,,,,independence_unresolved,no_dac_affiliation,,,,,
1083839120,"Lolonya Moore, MD",PE,roster_only,,,MI,affiliation_location_mismatch,,,,,,,,,,,,,Together Women's Health,,,,,,,,independence_unresolved,affiliation_location_mismatch,,,,,
1083856652,"Lauren Ehrhart, MD",PE,roster_only,,,CO,no_dac_affiliation,,,,,,,,,,,,,,,,,,,,,independence_unresolved,no_dac_affiliation,,,,,
1083868764,Dr. Sami Mufarrij,Non-PE,fielded+universe,pair_359,North Bethesda,MD,location_resolved,phone,4880582741,CAPITAL WOMENS CARE LLC,252,47,182,4,64,252,7,0.7222,Advantia Health,Advantia Health,,3779516992|4880582741,227,CAPITAL WOMENS CARE LLC|PROFESSIONAL SERVICES OF HOLY CROSS,252,CAPITAL WOMENS CARE LLC,FALSE,not_independent_supported,"sampled organisation contains clinicians from PE platform ""Advantia Health"" on the study roster",,,,,
1083908552,"Abby Seruya, MD, FACOG",PE,roster_only,,,IL,affiliation_location_mismatch,,,,,,,,,,,,,Together Women's Health,,,,,,,,independence_unresolved,affiliation_location_mismatch,,,,,
1093078388,Dr. Bishara Facs,PE,fielded+universe,pair_351,Hoffman Estates,IL,ambiguous_multiple_org,city_state,7012818354,"MIDWEST CENTER FOR WOMEN'S HEALTHCARE, LTD",67,21,60,1,22,67,3,0.8955,Together Women's Health,Together Women's Health,Hospital,5193619971,375,TIFT REGIONAL MEDICAL CENTER,,,,independence_unresolved,ambiguous_multiple_org,,,,,
1093079410,Dr. Sofia Mccotter,Non-PE,fielded,pair_275,Harrison,OH,location_resolved,phone,0749188142,SEVEN HILLS OB-GYN ASSOCIATES LLC,110,28,65,12,32,110,7,0.5909,Axia Women's Health,Axia Women's Health,Hospital,749188142,64,SEVEN HILLS OB/GYN ASSOCIATES INC,110,SEVEN HILLS OB-GYN ASSOCIATES LLC,FALSE,not_independent_supported,"sampled organisation contains clinicians from PE platform ""Axia Women's Health"" on the study roster",,,,,
1093120800,Dr. Shivali Raav,Non-PE,fielded+universe,pair_254,Morristown,NJ,location_resolved,phone,2961316328,REGIONAL WOMENS HEALTH GROUP LLC,334,85,227,9,110,334,8,0.6796,Axia Women's Health,Axia Women's Health,,7416964952,4,"ONE TO ONE FEMALECARE, PA",334,REGIONAL WOMENS HEALTH GROUP LLC,FALSE,not_independent_supported,"sampled organisation contains clinicians from PE platform ""Axia Women's Health"" on the study roster",,,,,
1093203036,Dr. Nicole Lomotan,PE,fielded,pair_408,Arlington Heights,IL,location_resolved,phone,3375737331,NORTHWEST COMMUNITY HEALTH SERVICES INC,274,56,7,1,29,274,29,0.0255,Nova Women's Health Partners,Nova Women's Health Partners,Hospital,,,,,,,not_independent_supported,"sampled organisation contains clinicians from PE platform ""Nova Women's Health Partners"" on the study roster",,,,,
1093700072,Dr. Prafulla Koneru,Non-PE,fielded+universe,pair_408,South Barrington,IL,no_organisation_on_sampled_row,phone,,,,,,,,,,,,,Hospital,1658422076,1,PRAFULLA K KONERU MD SC,NA,,NA,independence_unresolved,no_organisation_on_sampled_row,,,,,
1093780207,Dr. Christ-Ann Magloire,Non-PE,universe,pair_165,Royal Palm Beach,FL,no_organisation_on_sampled_row,phone,,,,,,,,,,,,,,,,,NA,,NA,independence_unresolved,no_organisation_on_sampled_row,,,,,
1093781148,"Joseph Murphy III, MD",PE,roster_only,,,PA,affiliation_location_mismatch,,,,,,,,,,,,,Axia Women's Health,,,,,,,,independence_unresolved,affiliation_location_mismatch,,,,,
1093957201,Dr. Paola Bordoni,PE,roster_only,,,FL,affiliation_location_mismatch,,,,,,,,,,,,,Femwell Group Health,,,,,,,,independence_unresolved,affiliation_location_mismatch,,,,,
1093966269,"Brent Suozzi, MD",PE,roster_only,,,NJ,affiliation_location_mismatch,,,,,,,,,,,,,Axia Women's Health,,,,,,,,independence_unresolved,affiliation_location_mismatch,,,,,
1104051242,"Tara Abella, MD, FACOG",PE,roster_only,,,NJ,affiliation_location_mismatch,,,,,,,,,,,,,Axia Women's Health,,,,,,,,independence_unresolved,affiliation_location_mismatch,,,,,
1104074640,Dr. Ana Hernandez,PE,roster_only,,,FL,affiliation_location_mismatch,,,,,,,,,,,,,Femwell Group Health,,,,,,,,independence_unresolved,affiliation_location_mismatch,,,,,
1104086453,Dr. Tiffany M. Forti,PE,universe,pair_422,Worcester,MA,location_resolved,phone,3274430665,"PHYSICIANS FOR WOMEN'S HEALTH, LLC",278,45,201,20,78,278,7,0.723,Unified Women's Healthcare,Unified Women's Healthcare,,,,,,,,not_independent_supported,"sampled organisation contains clinicians from PE platform ""Unified Women's Healthcare"" on the study roster",,,,,
1104089382,"Laxmi Kondapalli, MD",PE,roster_only,,,CO,no_dac_affiliation,,,,,,,,,,,,,,,,,,,,,independence_unresolved,no_dac_affiliation,,,,,
1104116409,"Caroline Goodchild, MD",PE,roster_only,,,NJ,affiliation_location_mismatch,,,,,,,,,,,,,Axia Women's Health,,,,,,,,independence_unresolved,affiliation_location_mismatch,,,,,
1104171297,Dr. Sierra Cuthpert,Non-PE,fielded,pair_195,Flint,MI,location_resolved,phone,4082609151,HURLEY HEALTH SERVICES,4,1,3,2,2,4,2,0.75,,,Hospital,2961308481|4082609151,381,HURLEY HEALTH SERVICES|HURLEY MEDICAL CENTER,4,HURLEY HEALTH SERVICES,TRUE,not_independent_supported,organisation name carries a hospital/system/academic/government token,,,,,
1104182385,Dr. Diana Mccarthy,Non-PE,fielded+universe,pair_389,Morrisville,NC,location_resolved,phone,2466788377,WAKEMED SPECIALISTS GROUP LLC,690,75,30,2,38,690,42,0.0435,,,Hospital,7416006085,610,WAKE SPECIALTY PHYSICIANS LLC,690,WAKEMED SPECIALISTS GROUP LLC,FALSE,not_independent_supported,organisation name carries a hospital/system/academic/government token,,,,,
1104210038,"Dr. Shlomo Tendler, MD",PE,roster_only,,,FL,affiliation_location_mismatch,,,,,,,,,,,,,Femwell Group Health,,,,,,,,independence_unresolved,affiliation_location_mismatch,,,,,
1104259548,Dr. Bradley Corbin,Non-PE,universe,pair_157,Orange Park,FL,location_resolved,phone,8820003411,"MEMORIAL FAMILY PRACTICE ASSOCIATES, LLC",49,5,5,2,22,49,,,,,,,,,49,"MEMORIAL FAMILY PRACTICE ASSOCIATES, LLC",FALSE,not_independent_supported,organisation name carries a hospital/system/academic/government token,,,,,
1104260686,Dr. Rohini Sarin Oneil,Non-PE,fielded,pair_281,Paoli,PA,location_resolved,phone,2961316328,REGIONAL WOMENS HEALTH GROUP LLC,334,85,227,6,110,334,8,0.6796,Axia Women's Health,Axia Women's Health,Hospital,2961316328|4082679519,298,REGIONAL WOMENS HEALTH GROUP LLC|WOMENS HEALTH CARE GROUP OF PENNSYLVANIA LLC,334,REGIONAL WOMENS HEALTH GROUP LLC,FALSE,not_independent_supported,"sampled organisation contains clinicians from PE platform ""Axia Women's Health"" on the study roster",,,,,
1104273168,Dr. Lisa Naujoks,PE,universe,pair_247,Bryn Mawr,PA,location_resolved,city_state,2961316328,REGIONAL WOMENS HEALTH GROUP LLC,334,85,227,8,110,334,8,0.6796,Axia Women's Health,Axia Women's Health,,,,,,,,not_independent_supported,"sampled organisation contains clinicians from PE platform ""Axia Women's Health"" on the study roster",,,,,
1104289644,"Kyle S. Eldredge, DO",PE,roster_only,,,FL,affiliation_location_mismatch,,,,,,,,,,,,,Femwell Group Health,,,,,,,,independence_unresolved,affiliation_location_mismatch,,,,,
1104354208,Dr. Margaret Capobianco,PE,fielded,pair_233,Oviedo,FL,location_resolved,phone,9234031444,WOMENS CARE FLORIDA LLC,293,58,198,5,74,293,8,0.6758,Women's Care Enterprises,Women's Care Enterprises,Hospital,,,,,,,not_independent_supported,"sampled organisation contains clinicians from PE platform ""Women's Care Enterprises"" on the study roster",,,,,
1104355353,"Katherine Koniares, MD",PE,roster_only,,,MA,no_dac_affiliation,,,,,,,,,,,,,,,,,,,,,independence_unresolved,no_dac_affiliation,,,,,
1104404763,"Amanda Pitre, MD",PE,roster_only,,,FL,no_dac_affiliation,,,,,,,,,,,,,,,,,,,,,independence_unresolved,no_dac_affiliation,,,,,
1104407485,Dr. Beatriz Jimenez,PE,universe,pair_25,Miami,FL,no_dac_affiliation,,,,,,,,,,,,,,,,,,,,,independence_unresolved,no_dac_affiliation,,,,,
1104454545,Dr. Natalia J,PE,fielded+universe,pair_347,Des Plaines,IL,no_dac_affiliation,,,,,,,,,,,,,,Hospital,,,,,,,independence_unresolved,no_dac_affiliation,,,,,
1104481332,Dr. Amanda Buck,PE,universe,pair_340,Chicago,IL,location_resolved,phone,9537050422,ERIE FAMILY HEALTH CENTER INC,123,5,17,72,10,123,14,0.1382,Nova Women's Health Partners,Nova Women's Health Partners,,,,,,,,not_independent_supported,"sampled organisation contains clinicians from PE platform ""Nova Women's Health Partners"" on the study roster",,,,,
1104809516,Dr. Richard Mansfield,Non-PE,universe,pair_228,West Chester,PA,location_resolved,phone,2961316328,REGIONAL WOMENS HEALTH GROUP LLC,334,85,227,10,110,334,8,0.6796,Axia Women's Health,Axia Women's Health,,,,,334,REGIONAL WOMENS HEALTH GROUP LLC,FALSE,not_independent_supported,"sampled organisation contains clinicians from PE platform ""Axia Women's Health"" on the study roster",,,,,
1104812296,Dr. John Marston,PE,universe,pair_174,Tampa,FL,location_resolved,phone,9234031444,WOMENS CARE FLORIDA LLC,293,58,198,260,74,293,8,0.6758,Women's Care Enterprises,Women's Care Enterprises,,,,,,,,not_independent_supported,"sampled organisation contains clinicians from PE platform ""Women's Care Enterprises"" on the study roster",,,,,
1104844372,"Melanie Schatz, MD",PE,roster_only,,,NJ,affiliation_location_mismatch,,,,,,,,,,,,,Axia Women's Health,,,,,,,,independence_unresolved,affiliation_location_mismatch,,,,,
1104871300,"Robert Dein, MD",PE,roster_only,,,NJ,affiliation_location_mismatch,,,,,,,,,,,,,Axia Women's Health,,,,,,,,independence_unresolved,affiliation_location_mismatch,,,,,
1104875814,"Stephen Smith, MD, FACOG",PE,roster_only,,,NJ,affiliation_location_mismatch,,,,,,,,,,,,,Axia Women's Health,,,,,,,,independence_unresolved,affiliation_location_mismatch,,,,,
1104894427,Dr. Arunachalam Jothivijayarani,PE,universe,pair_132,Miami,FL,location_resolved,city_state,8921091786,VITALMD GROUP HOLDING LLC,430,152,283,375,117,430,22,0.6581,Femwell Group Health,Femwell Group Health,,,,,,,,not_independent_supported,"sampled organisation contains clinicians from PE platform ""Femwell Group Health"" on the study roster",,,,,
1104899152,"Christine L. Canterbury, MD",PE,roster_only,,,TX,affiliation_location_mismatch,,,,,,,,,,,,,Unified Women's Healthcare,,,,,,,,independence_unresolved,affiliation_location_mismatch,,,,,
1104909365,"Carter Gray, MD",PE,roster_only,,,NC,affiliation_location_mismatch,,,,,,,,,,,,,Unified Women's Healthcare,,,,,,,,independence_unresolved,affiliation_location_mismatch,,,,,
1104921550,Dr. Isidro Cardella,Non-PE,universe,pair_86,Miami,FL,location_resolved,phone,8921091786,VITALMD GROUP HOLDING LLC,430,152,283,2,117,430,22,0.6581,Femwell Group Health,Femwell Group Health,,,,,430,VITALMD GROUP HOLDING LLC,FALSE,not_independent_supported,"sampled organisation contains clinicians from PE platform ""Femwell Group Health"" on the study roster",,,,,
1114005071,"Victoria Belogolovkin, MD",PE,roster_only,,,FL,no_dac_affiliation,,,,,,,,,,,,,,,,,,,,,independence_unresolved,no_dac_affiliation,,,,,
1114067527,Dr. Mrinal Koul,Non-PE,universe,pair_415,Newark,NJ,location_resolved,phone,7214258003,"CENTRAL AVENUE PROFESSIONAL SERVICES, PC",43,16,2,32,6,43,,,,,,,,,43,"CENTRAL AVENUE PROFESSIONAL SERVICES, PC",FALSE,independence_unresolved,no affirmative evidence either way,,,,,
1114137809,Dr. Adriana Villa,PE,universe,pair_125,Miami,FL,location_resolved,city_state,8921091786,VITALMD GROUP HOLDING LLC,430,152,283,375,117,430,22,0.6581,Femwell Group Health,Femwell Group Health,,,,,,,,not_independent_supported,"sampled organisation contains clinicians from PE platform ""Femwell Group Health"" on the study roster",,,,,
1114151099,Kristi Maas,PE,roster_only,,,UT,no_dac_affiliation,,,,,,,,,,,,,,,,,,,,,independence_unresolved,no_dac_affiliation,,,,,
1114186079,"Kai Wu, MD, FACOG",PE,roster_only,,,NJ,affiliation_location_mismatch,,,,,,,,,,,,,Axia Women's Health,,,,,,,,independence_unresolved,affiliation_location_mismatch,,,,,
1114216355,Dr. Megan Bina,PE,fielded,pair_367,Maple Grove,MN,location_resolved,city_state,2769384205,NORTH CLINIC PA,51,2,7,20,8,51,7,0.1373,Unified Women's Healthcare,Unified Women's Healthcare,Hospital,2769384205,40,"NORTH CLINIC, PA",,,,not_independent_supported,"sampled organisation contains clinicians from PE platform ""Unified Women's Healthcare"" on the study roster",,,,,
1114217106,Dr. Lauren Juyia,Non-PE,universe,pair_171,Odessa,FL,location_resolved,phone,4284936113,FARHAN SIDDIQI MD PA,16,3,2,8,4,16,,,,,,,,,16,FARHAN SIDDIQI MD PA,FALSE,independence_unresolved,no affirmative evidence either way,,,,,
1114248697,Dr. Dana Homer,Non-PE,universe,pair_53,Miami,FL,location_resolved,phone,0244380434,PUBLIC HEALTH TRUST OF MIAMI DADE COUNTY FLORIDA,340,24,11,111,8,340,25,0.0324,,,,,,,340,PUBLIC HEALTH TRUST OF MIAMI DADE COUNTY FLORIDA,FALSE,not_independent_supported,organisation name carries a hospital/system/academic/government token,,,,,
1114269750,Dr. Ann Peters,Non-PE,universe,pair_313,Baltimore,MD,location_resolved,phone,7719882943,ST PAUL PLACE SPECIALISTS INC,270,49,29,252,13,270,32,0.1074,,,,,,,270,ST PAUL PLACE SPECIALISTS INC,FALSE,independence_unresolved,"large organisation, name uninformative; needs external adjudication",,,,,
1114281706,Dr. Heather Bacala,Non-PE,universe,pair_330,Las Vegas,NV,location_resolved,phone,2163415910,IRIYE MEDICAL GROUP PLLC,39,10,24,35,6,39,4,0.6154,,,,,,,39,IRIYE MEDICAL GROUP PLLC,FALSE,independence_unresolved,no affirmative evidence either way,,,,,
1114307733,Dr. Arielle Franco,Non-PE,universe,pair_148,Orlando,FL,location_resolved,phone,5395807218,FLORIDA WOMAN CARE LLC,510,87,337,3,214,510,8,0.6608,Women's Care Enterprises,Women's Care Enterprises,,,,,510,FLORIDA WOMAN CARE LLC,FALSE,not_independent_supported,"sampled organisation contains clinicians from PE platform ""Women's Care Enterprises"" on the study roster",,,,,
1114322468,Dr. Mary Beatrice Deleon,Non-PE,universe,pair_117,Miami,FL,location_resolved,phone,8921091786,VITALMD GROUP HOLDING LLC,430,152,283,375,117,430,22,0.6581,Femwell Group Health,Femwell Group Health,,,,,430,VITALMD GROUP HOLDING LLC,FALSE,not_independent_supported,"sampled organisation contains clinicians from PE platform ""Femwell Group Health"" on the study roster",,,,,
1114347283,Dr. Paul Kuder,Non-PE,fielded,pair_227,Elk Grove Village,IL,location_resolved,phone,2769605401,MIDWEST OB/GYN AND MIDWIFERY,2,0,2,2,1,2,1,1.0,Nova Women's Health Partners,Nova Women's Health Partners,Hospital,2769731157|3072422716,1543,AVANT OBSTETRICS AND GYNECOLOGY LTD|THE BOARD OF TRUSTEES OF THE UNIVERSITY OF ILLINOIS,2,MIDWEST OB/GYN AND MIDWIFERY,TRUE,not_independent_supported,"sampled organisation contains clinicians from PE platform ""Nova Women's Health Partners"" on the study roster",,,,,
1114347655,Dr. Sharise Richardson,PE,fielded+universe,pair_133,Boynton Beach,FL,no_dac_affiliation,,,,,,,,,,,,,,,,,,,,,independence_unresolved,no_dac_affiliation,,,,,
1114365244,Dr. Ahkeel Allen,PE,universe,pair_381,Miami,FL,location_resolved,city_state,8921091786,VITALMD GROUP HOLDING LLC,430,152,283,375,117,430,22,0.6581,Femwell Group Health,Femwell Group Health,,,,,,,,not_independent_supported,"sampled organisation contains clinicians from PE platform ""Femwell Group Health"" on the study roster",,,,,
1114373784,Dr. James Miller,Non-PE,fielded,pair_387,Hickory,NC,location_resolved,phone,8123397601,DLP FRYE MEDICAL GROUP LLC,90,18,6,9,30,90,20,0.0667,,,Hospital,,,,90,DLP FRYE MEDICAL GROUP LLC,FALSE,independence_unresolved,no affirmative evidence either way,,,,,
1114381183,Dr. Mercedes Garcia,Non-PE,universe,pair_31,Miami,FL,location_resolved,phone,0244380434,PUBLIC HEALTH TRUST OF MIAMI DADE COUNTY FLORIDA,340,24,11,111,8,340,25,0.0324,,,,,,,340,PUBLIC HEALTH TRUST OF MIAMI DADE COUNTY FLORIDA,FALSE,not_independent_supported,organisation name carries a hospital/system/academic/government token,,,,,
1114381928,"Ali Strochak, MD",PE,roster_only,,,NJ,affiliation_location_mismatch,,,,,,,,,,,,,Axia Women's Health,,,,,,,,independence_unresolved,affiliation_location_mismatch,,,,,
1114462827,"Morgan Barr, MD",PE,roster_only,,,FL,affiliation_location_mismatch,,,,,,,,,,,,,Women's Care Enterprises,,,,,,,,independence_unresolved,affiliation_location_mismatch,,,,,
1114503703,"Samantha Golden-Espinal, MD",PE,roster_only,,,NY,no_dac_affiliation,,,,,,,,,,,,,,,,,,,,,independence_unresolved,no_dac_affiliation,,,,,
1114908480,Dr. Paul Neumann,Non-PE,fielded,pair_381,Blue Bell,PA,location_resolved,phone,0345588711,TEMPLE FACULTY PRACTICE PLAN INC,1064,206,35,5,39,1064,55,0.0329,Axia Women's Health,Axia Women's Health,,2860492279,57,CHESTNUT HILL CLINIC COMPANY LLC,1064,TEMPLE FACULTY PRACTICE PLAN INC,FALSE,not_independent_supported,"sampled organisation contains clinicians from PE platform ""Axia Women's Health"" on the study roster",,,,,
1114921848,Dr. Ira Bachman,Non-PE,universe,pair_335,Cedarhurst,NY,no_organisation_on_sampled_row,phone,,,,,,,,,,,,,,,,,NA,,NA,independence_unresolved,no_organisation_on_sampled_row,,,,,
1114930880,Dr. Elizabeth Scheff,Non-PE,universe,pair_413,Hoboken,NJ,ambiguous_multiple_org,phone,8426190687,GARDEN STATE HEALTHCARE ASSOCIATES LLC,145,38,1,107,14,145,,,,,,,,,67,NEW JERSEY MEDICAL AND HEALTH ASSOCIATES LLC,FALSE,independence_unresolved,ambiguous_multiple_org,,,,,
1114949559,Dr. Cecilia Grande,PE,fielded,pair_442,Miami,FL,location_resolved,city_state,8921091786,VITALMD GROUP HOLDING LLC,430,152,283,375,117,430,22,0.6581,Femwell Group Health,Femwell Group Health,Hospital,8921091786,466,VITALMD GROUP HOLDING LLC,,,,not_independent_supported,"sampled organisation contains clinicians from PE platform ""Femwell Group Health"" on the study roster",,,,,
1114982972,George Kovalevsky,PE,roster_only,,,PA,no_dac_affiliation,,,,,,,,,,,,,,,,,,,,,independence_unresolved,no_dac_affiliation,,,,,
1124017330,Dr. Claudine Kasinak,Non-PE,universe,pair_298,Palatine,IL,location_resolved,phone,7214203942,NORTHWEST COMMUNITY WOMEN SERVICES LLC,14,9,12,2,7,14,3,0.8571,Nova Women's Health Partners,Nova Women's Health Partners,,,,,14,NORTHWEST COMMUNITY WOMEN SERVICES LLC,FALSE,not_independent_supported,"sampled organisation contains clinicians from PE platform ""Nova Women's Health Partners"" on the study roster",,,,,
1124026877,Dr. Lori Lambert,Non-PE,universe,pair_180,Winter Park,FL,location_resolved,phone,5597020792,INTEGRATED WOMENS HEALTH LLC,4,0,3,2,4,4,,,,,,,,,4,INTEGRATED WOMENS HEALTH LLC,TRUE,independence_unresolved,no affirmative evidence either way,,,,,
1124054234,Dr. Pamela Merino,PE,universe,pair_54,Miami,FL,location_resolved,city_state,8921091786,VITALMD GROUP HOLDING LLC,430,152,283,375,117,430,22,0.6581,Femwell Group Health,Femwell Group Health,,,,,,,,not_independent_supported,"sampled organisation contains clinicians from PE platform ""Femwell Group Health"" on the study roster",,,,,
1124057799,Dr. Damaris Miranda,PE,roster_only,,,FL,affiliation_location_mismatch,,,,,,,,,,,,,Femwell Group Health,,,,,,,,independence_unresolved,affiliation_location_mismatch,,,,,
1124069018,Dr. Bharti Mavani,PE,fielded+universe,pair_505,Kearny,NJ,location_resolved,city_state,2961316328,REGIONAL WOMENS HEALTH GROUP LLC,334,85,227,20,110,334,8,0.6796,Axia Women's Health,Axia Women's Health,Hospital,5890825152,7,KIRIT PATEL M D P A,,,,not_independent_supported,"sampled organisation contains clinicians from PE platform ""Axia Women's Health"" on the study roster",,,,,
1124084413,Dr. Michael Hellinger,PE,fielded+universe,pair_138,Miami,FL,location_resolved,city_state,8921091786,VITALMD GROUP HOLDING LLC,430,152,283,375,117,430,22,0.6581,Femwell Group Health,Femwell Group Health,Hospital,8921091786,466,VITALMD GROUP HOLDING LLC,,,,not_independent_supported,"sampled organisation contains clinicians from PE platform ""Femwell Group Health"" on the study roster",,,,,
1124094677,"Cynamon Chawla, MD",PE,roster_only,,,NC,affiliation_location_mismatch,,,,,,,,,,,,,Unified Women's Healthcare,,,,,,,,independence_unresolved,affiliation_location_mismatch,,,,,
1124131230,Dr. Samuel Lederman,PE,universe,pair_155,Palm Beach Gardens,FL,location_resolved,phone,9234031444,WOMENS CARE FLORIDA LLC,293,58,198,8,74,293,8,0.6758,Women's Care Enterprises,Women's Care Enterprises,,,,,,,,not_independent_supported,"sampled organisation contains clinicians from PE platform ""Women's Care Enterprises"" on the study roster",,,,,
1124203583,Dr. Nicholas Rogers,Non-PE,universe,pair_289,Los Angeles,CA,no_organisation_on_sampled_row,phone,,,,,,,,,,,,,,,,,436,PIH HEALTH PHYSICIANS,FALSE,independence_unresolved,no_organisation_on_sampled_row,,,,,
1124246061,Dr. Tali Rombro,Non-PE,universe,pair_75,Miami,FL,location_resolved,phone,8921091786,VITALMD GROUP HOLDING LLC,430,152,283,375,117,430,22,0.6581,Femwell Group Health,Femwell Group Health,,,,,430,VITALMD GROUP HOLDING LLC,FALSE,not_independent_supported,"sampled organisation contains clinicians from PE platform ""Femwell Group Health"" on the study roster",,,,,
1124316336,Dr. Rakhee Patel,Non-PE,universe,pair_232,Hoboken,NJ,location_resolved,phone,9133300791,NEW JERSEY MEDICAL AND HEALTH ASSOCIATES LLC,67,23,10,10,33,67,,,,,,,,,67,NEW JERSEY MEDICAL AND HEALTH ASSOCIATES LLC | THE HEART CEN,FALSE,independence_unresolved,no affirmative evidence either way,,,,,
1124381108,Dr. Gabriel Valverde Tavarez,Non-PE,fielded,pair_124,Miami,FL,location_resolved,phone,8921091786,VITALMD GROUP HOLDING LLC,430,152,283,7,117,430,22,0.6581,Femwell Group Health,Femwell Group Health,,,,,430,VITALMD GROUP HOLDING LLC,FALSE,not_independent_supported,"sampled organisation contains clinicians from PE platform ""Femwell Group Health"" on the study roster",,,,,
1124439146,"Justin Aldred, DO",PE,roster_only,,,AL,affiliation_location_mismatch,,,,,,,,,,,,,Together Women's Health,,,,,,,,independence_unresolved,affiliation_location_mismatch,,,,,
1124589403,"Jessica Padilla, MD",PE,roster_only,,,FL,affiliation_location_mismatch,,,,,,,,,,,,,Women's Care Enterprises,,,,,,,,independence_unresolved,affiliation_location_mismatch,,,,,
1134106024,"Nathan White, MD",PE,roster_only,,,MI,affiliation_location_mismatch,,,,,,,,,,,,,Together Women's Health,,,,,,,,independence_unresolved,affiliation_location_mismatch,,,,,
1134121585,Dr. Mitchell Samuels,PE,roster_only,,,FL,no_dac_affiliation,,,,,,,,,,,,,,,,,,,,,independence_unresolved,no_dac_affiliation,,,,,
1134145329,"Donald Cannon, MD",PE,roster_only,,,NJ,affiliation_location_mismatch,,,,,,,,,,,,,Axia Women's Health,,,,,,,,independence_unresolved,affiliation_location_mismatch,,,,,
1134153307,Dr. Douglas Gotlin,Non-PE,universe,pair_19,Miami Beach,FL,no_organisation_on_sampled_row,phone,,,,,,,,,,,,,,,,,NA,,NA,independence_unresolved,no_organisation_on_sampled_row,,,,,
1134194624,"Lisa Abeshaus, MD, FACOG",PE,roster_only,,,NJ,affiliation_location_mismatch,,,,,,,,,,,,,Axia Women's Health,,,,,,,,independence_unresolved,affiliation_location_mismatch,,,,,
1134217292,Dr. Arthur Gross,PE,fielded+universe,pair_497,Englewood,NJ,location_resolved,phone,2961316328,REGIONAL WOMENS HEALTH GROUP LLC,334,85,227,4,110,334,8,0.6796,Axia Women's Health,Axia Women's Health,Hospital,7416187539,3,ENGLEWOOD WOMENS HEALTH PC,,,,not_independent_supported,"sampled organisation contains clinicians from PE platform ""Axia Women's Health"" on the study roster",,,,,
1134269723,Dr. Lynn Westphal,PE,roster_only,,,NY,no_dac_affiliation,,,,,,,,,,,,,,,,,,,,,independence_unresolved,no_dac_affiliation,,,,,
1134383698,"Shane Lipskind, MD",PE,roster_only,,,AZ,no_dac_affiliation,,,,,,,,,,,,,,,,,,,,,independence_unresolved,no_dac_affiliation,,,,,
1134408446,Dr. Ruth Dubyel,Non-PE,universe,pair_303,Oak Park,IL,location_resolved,phone,4284531484,EDWARD HEALTH VENTURES,499,49,13,8,72,499,,,,,,,,,499,EDWARD HEALTH VENTURES,FALSE,independence_unresolved,"large organisation, name uninformative; needs external adjudication",,,,,
1134440274,"Christy Nolan, DO",PE,roster_only,,,FL,affiliation_location_mismatch,,,,,,,,,,,,,Women's Care Enterprises,,,,,,,,independence_unresolved,affiliation_location_mismatch,,,,,
1134481740,Dr. Lydia Wester,Non-PE,universe,pair_286,Tucson,AZ,location_resolved,phone,4284724279,GENESIS OB GYN PLLC,60,12,39,21,13,60,3,0.65,Unified Women's Healthcare,Unified Women's Healthcare,,,,,60,GENESIS OB GYN PLLC,FALSE,not_independent_supported,"sampled organisation contains clinicians from PE platform ""Unified Women's Healthcare"" on the study roster",,,,,
1134531676,"Karem Alvarez, MD",PE,roster_only,,,FL,affiliation_location_mismatch,,,,,,,,,,,,,Women's Care Enterprises,,,,,,,,independence_unresolved,affiliation_location_mismatch,,,,,
1134546302,Dr. Tahnie Danastor,PE,roster_only,,,FL,affiliation_location_mismatch,,,,,,,,,,,,,Femwell Group Health,,,,,,,,independence_unresolved,affiliation_location_mismatch,,,,,
1134574148,"Eva Jiang, MD",PE,roster_only,,,NJ,affiliation_location_mismatch,,,,,,,,,,,,,Axia Women's Health,,,,,,,,independence_unresolved,affiliation_location_mismatch,,,,,
1134743305,"Ngozika Onyiuke, MD",PE,roster_only,,,MI,no_dac_affiliation,,,,,,,,,,,,,,,,,,,,,independence_unresolved,no_dac_affiliation,,,,,
1144208638,Dr. Shaunda Chin Bonds,Non-PE,universe,pair_266,Bloomingdale,IL,location_resolved,phone,5496667941,DUPAGE MEDICAL GROUP LTD,1196,264,54,423,118,1196,53,0.0452,,,,,,,1196,DUPAGE MEDICAL GROUP LTD,FALSE,independence_unresolved,"large organisation, name uninformative; needs external adjudication",,,,,
1144222985,Dr. Carrie Speier Schafer,Non-PE,fielded+universe,pair_35,Farmington Hills,MI,no_organisation_on_sampled_row,phone,,,,,,,,,,,,,Hospital,143494864,1,LIFECYCLES OBSTETRICS & GYNECOLOGY PC,NA,,NA,independence_unresolved,no_organisation_on_sampled_row,,,,,
1144280553,Dr. Cindy Joslyn,PE,fielded,pair_472,Worcester,MA,location_resolved,city_state,3274430665,"PHYSICIANS FOR WOMEN'S HEALTH, LLC",278,45,201,20,78,278,7,0.723,Unified Women's Healthcare,Unified Women's Healthcare,,,,,,,,not_independent_supported,"sampled organisation contains clinicians from PE platform ""Unified Women's Healthcare"" on the study roster",,,,,
1144299751,Mark Bush,PE,roster_only,,,CO,no_dac_affiliation,,,,,,,,,,,,,,,,,,,,,independence_unresolved,no_dac_affiliation,,,,,
1144302985,"Daniel Beim, MD",PE,roster_only,,,NJ,affiliation_location_mismatch,,,,,,,,,,,,,Axia Women's Health,,,,,,,,independence_unresolved,affiliation_location_mismatch,,,,,
1144373184,Dr. Tara Kumaraswami,Non-PE,universe,pair_422,Worcester,MA,location_resolved,phone,4284539891,UMASS MEMORIAL MEDICAL GROUP INC,1871,348,48,1487,87,1871,61,0.0257,Unified Women's Healthcare,Unified Women's Healthcare,,,,,1871,UMASS MEMORIAL MEDICAL GROUP INC,FALSE,not_independent_supported,"sampled organisation contains clinicians from PE platform ""Unified Women's Healthcare"" on the study roster",,,,,
1144381872,"Vivian Lo, MD, FACOG",PE,roster_only,,,NJ,affiliation_location_mismatch,,,,,,,,,,,,,Axia Women's Health,,,,,,,,independence_unresolved,affiliation_location_mismatch,,,,,
1144386582,Dr. Stephanie Mcknight,PE,fielded+universe,pair_293,Bryn Mawr,PA,location_resolved,city_state,1951215201,MAIN LINE HEALTHCARE,896,111,41,331,111,896,44,0.0458,Axia Women's Health,Axia Women's Health,Hospital|Inpatient rehabilitation facility,1951215201,601,MAIN LINE HEALTHCARE,,,,not_independent_supported,"sampled organisation contains clinicians from PE platform ""Axia Women's Health"" on the study roster",,,,,
1144498718,Leo F. Doherty,PE,roster_only,,,NJ,no_dac_affiliation,,,,,,,,,,,,,,,,,,,,,independence_unresolved,no_dac_affiliation,,,,,
1144532805,Dr. Leigh Behring,Non-PE,fielded+universe,pair_444,East Lansing,MI,location_resolved,phone,0345626073,UWH OF MICHIGAN PLC,39,8,31,21,5,39,2,0.7949,Unified Women's Healthcare,Unified Women's Healthcare,Hospital,3072412840|6709799166,660,ALLIANCE OBSTETRICS & GYNECOLOGY PLLC|EDWARD W SPARROW HOSPITAL ASSOCIATION,39,UWH OF MICHIGAN PLC,FALSE,not_independent_supported,"sampled organisation contains clinicians from PE platform ""Unified Women's Healthcare"" on the study roster",,,,,
1144647058,"Anne Hutchinson, MD",PE,roster_only,,,DE,no_dac_affiliation,,,,,,,,,,,,,,,,,,,,,independence_unresolved,no_dac_affiliation,,,,,
1144782392,"Peyton Marr, DO",PE,roster_only,,,FL,affiliation_location_mismatch,,,,,,,,,,,,,Women's Care Enterprises,,,,,,,,independence_unresolved,affiliation_location_mismatch,,,,,
1144858689,Dr. Andre Hall,PE,fielded+universe,pair_359,Gaithersburg,MD,no_dac_affiliation,,,,,,,,,,,,,,,,,,,,,independence_unresolved,no_dac_affiliation,,,,,
1144859547,"Maria Alvarez, MD",PE,roster_only,,,FL,no_dac_affiliation,,,,,,,,,,,,,,,,,,,,,independence_unresolved,no_dac_affiliation,,,,,
1144885997,Dr. Lauren Roberts,Non-PE,fielded+universe,pair_393,Farmington Hills,MI,location_resolved,phone,8921289760,VHS PHYSICIANS OF MICHIGAN,215,43,15,2,67,215,29,0.0698,,,Hospital,,,,215,VHS PHYSICIANS OF MICHIGAN,FALSE,independence_unresolved,"large organisation, name uninformative; needs external adjudication",,,,,
1154301984,Dr. Zoyla Almeida,PE,roster_only,,,FL,affiliation_location_mismatch,,,,,,,,,,,,,Femwell Group Health,,,,,,,,independence_unresolved,affiliation_location_mismatch,,,,,
1154310811,Dr. Daniel Morgan,PE,fielded,pair_507,Somers Point,NJ,location_resolved,city_state,2961316328,REGIONAL WOMENS HEALTH GROUP LLC,334,85,227,9,110,334,8,0.6796,Axia Women's Health,Axia Women's Health,,9133377476,5,FRANK W SINDONI MD LLC,,,,not_independent_supported,"sampled organisation contains clinicians from PE platform ""Axia Women's Health"" on the study roster",,,,,
1154319887,Dr. Lona Sasser,PE,universe,pair_96,Miami,FL,location_resolved,city_state,8921091786,VITALMD GROUP HOLDING LLC,430,152,283,375,117,430,22,0.6581,Femwell Group Health,Femwell Group Health,,,,,,,,not_independent_supported,"sampled organisation contains clinicians from PE platform ""Femwell Group Health"" on the study roster",,,,,
1154322295,Dr. Stacy Travis,Non-PE,universe,pair_342,Asheville,NC,location_resolved,phone,0042448169,UWH OF THE CAROLINAS PLLC,294,40,208,1,66,294,8,0.7075,Unified Women's Healthcare,Unified Women's Healthcare,,,,,294,UWH OF THE CAROLINAS PLLC,FALSE,not_independent_supported,"sampled organisation contains clinicians from PE platform ""Unified Women's Healthcare"" on the study roster",,,,,
1154325926,"Marnique H. Jones, MD, FACOG",PE,roster_only,,,FL,affiliation_location_mismatch,,,,,,,,,,,,,Women's Care Enterprises,,,,,,,,independence_unresolved,affiliation_location_mismatch,,,,,
1154351567,Dr. Ilya Johnson,Non-PE,universe,pair_101,Miami,FL,location_resolved,phone,8921091786,VITALMD GROUP HOLDING LLC,430,152,283,7,117,430,22,0.6581,Femwell Group Health,Femwell Group Health,,,,,430,VITALMD GROUP HOLDING LLC,FALSE,not_independent_supported,"sampled organisation contains clinicians from PE platform ""Femwell Group Health"" on the study roster",,,,,
1154427219,Dr. Husam Marsheh,Non-PE,universe,pair_304,New Lenox,IL,location_resolved,phone,5294155818,"PREMIER SUBURBAN MEDICAL GROUP, PLLC",35,5,2,2,6,35,,,,,,,,,35,"PREMIER SUBURBAN MEDICAL GROUP, PLLC",FALSE,independence_unresolved,no affirmative evidence either way,,,,,
1154434074,Dr. Poorti Riley,Non-PE,universe,pair_405,Miami,FL,location_resolved,phone,8921091786,VITALMD GROUP HOLDING LLC,430,152,283,375,117,430,22,0.6581,Femwell Group Health,Femwell Group Health,,,,,430,VITALMD GROUP HOLDING LLC,FALSE,not_independent_supported,"sampled organisation contains clinicians from PE platform ""Femwell Group Health"" on the study roster",,,,,
1154490720,Dr. Evelyn Morning,Non-PE,universe,pair_199,Maitland,FL,location_resolved,phone,1254527609,SVETLANA A CASCIO MD PA,2,0,2,2,1,2,,,,,,,,,2,SVETLANA A CASCIO MD PA,TRUE,independence_unresolved,no affirmative evidence either way,,,,,
1154510956,"Quyen Nguyen, MD, FACOG",PE,roster_only,,,FL,affiliation_location_mismatch,,,,,,,,,,,,,Women's Care Enterprises,,,,,,,,independence_unresolved,affiliation_location_mismatch,,,,,
1154530301,Dr. Adebola Nnewihe,Non-PE,fielded,pair_501,Northfield,NJ,location_resolved,phone,1456613496,BE WELL WOMEN'S HEALTH,2,0,1,2,1,2,2,0.5,,,Hospital,1456613496,1,BE WELL WOMEN'S HEALTH,2,BE WELL WOMEN'S HEALTH,TRUE,independence_unresolved,no affirmative evidence either way,,,,,
1154614576,Dr. Christopher Bauer,Non-PE,fielded,pair_169,Morristown,NJ,location_resolved,phone,5890703177,PRACTICE ASSOCIATES MEDICAL GROUP,1109,207,42,732,102,1109,47,0.0379,,,Hospital,42297541|5890703177|8224058631,1061,"PHYSICIANS FOR WOMEN, PA|PRACTICE ASSOCIATES MEDICAL GROUP|WAYNE OB GYN LLC",1109,CORNELL SCOTT HILL HEALTH CORPORATION | PRACTICE ASSOCIATES ,FALSE,independence_unresolved,"large organisation, name uninformative; needs external adjudication",,,,,
1154640449,Dr. Megan Johnson,PE,universe,pair_197,Orlando,FL,location_resolved,phone,9234031444,WOMENS CARE FLORIDA LLC,293,58,198,5,74,293,8,0.6758,Women's Care Enterprises,Women's Care Enterprises,,,,,,,,not_independent_supported,"sampled organisation contains clinicians from PE platform ""Women's Care Enterprises"" on the study roster",,,,,
1154647956,Allison Lange,PE,roster_only,,,PA,no_dac_affiliation,,,,,,,,,,,,,,,,,,,,,independence_unresolved,no_dac_affiliation,,,,,
1154703452,Dr. Cristina Colon Aponte,Non-PE,universe,pair_143,Fort Lauderdale,FL,location_resolved,phone,4486634417,PEDIATRIX MEDICAL GROUP OF FLORIDA INC,58,15,31,8,49,58,8,0.5345,,,,,,,58,PEDIATRIX MEDICAL GROUP OF FLORIDA INC,FALSE,independence_unresolved,no affirmative evidence either way,,,,,
1154785632,Dr. Jessica Marinaro,PE,fielded,pair_175,Towson,MD,no_dac_affiliation,,,,,,,,,,,,,,,,,,,,,independence_unresolved,no_dac_affiliation,,,,,
1154841476,Dr. Joanna Finazzo,PE,roster_only,,,FL,affiliation_location_mismatch,,,,,,,,,,,,,Femwell Group Health,,,,,,,,independence_unresolved,affiliation_location_mismatch,,,,,
1154859973,Dr. Devoni Bruns,PE,fielded,pair_245,Arlington Heights,IL,location_resolved,phone,3476545914,GYNECOLOGICAL AND OBSTETRIC ASSOCS SC,3,0,3,3,1,3,1,1.0,Nova Women's Health Partners,Nova Women's Health Partners,Hospital,,,,,,,not_independent_supported,"sampled organisation contains clinicians from PE platform ""Nova Women's Health Partners"" on the study roster",,,,,
1154908762,Dr. Abigail Ness,PE,universe,pair_256,Paoli,PA,no_dac_affiliation,,,,,,,,,,,,,,,,,,,,,independence_unresolved,no_dac_affiliation,,,,,
1164401923,Dr. April Sarvis,PE,universe,pair_135,Troy,MI,location_resolved,city_state,0345413258,MICHIGAN HEALTHCARE PROFESSIONALS PC,449,113,20,7,136,449,41,0.0445,Unified Women's Healthcare,Unified Women's Healthcare,,,,,,,,not_independent_supported,"sampled organisation contains clinicians from PE platform ""Unified Women's Healthcare"" on the study roster",,,,,
1164402673,"Paul Zinsky, MD, FACOG",PE,roster_only,,,NJ,affiliation_location_mismatch,,,,,,,,,,,,,Axia Women's Health,,,,,,,,independence_unresolved,affiliation_location_mismatch,,,,,
1164403283,Dr. Amy Banooni,Non-PE,universe,pair_359,Boynton Beach,FL,location_resolved,phone,5395807218,FLORIDA WOMAN CARE LLC,510,87,337,40,214,510,8,0.6608,Women's Care Enterprises,Women's Care Enterprises,,,,,510,FLORIDA WOMAN CARE LLC,FALSE,not_independent_supported,"sampled organisation contains clinicians from PE platform ""Women's Care Enterprises"" on the study roster",,,,,
1164405338,Dr. Lori Miller,PE,universe,pair_98,Boca Raton,FL,no_dac_affiliation,,,,,,,,,,,,,,,,,,,,,independence_unresolved,no_dac_affiliation,,,,,
1164410452,"Georgette J. McCance, MD",PE,roster_only,,,FL,affiliation_location_mismatch,,,,,,,,,,,,,Women's Care Enterprises,,,,,,,,independence_unresolved,affiliation_location_mismatch,,,,,
1164410643,Dr. Martin Michalewski,Non-PE,universe,pair_410,Asbury Park,NJ,no_organisation_on_sampled_row,phone,,,,,,,,,,,,,,,,,NA,,NA,independence_unresolved,no_organisation_on_sampled_row,,,,,
1164420493,Dr. Evan Shapiro,Non-PE,fielded,pair_384,New Hyde Park,NY,no_organisation_on_sampled_row,phone,,,,,,,,,,,,,Hospital,1052202165,4,"WOMEN'S HEALTH & WELLNESS OF QUEENS, PLLC",NA,,NA,independence_unresolved,no_organisation_on_sampled_row,,,,,
1164421475,Dr. Loel Fishman,Non-PE,universe,pair_21,Jupiter,FL,location_resolved,phone,5395807218,FLORIDA WOMAN CARE LLC,510,87,337,1,214,510,8,0.6608,Women's Care Enterprises,Women's Care Enterprises,,,,,510,FLORIDA WOMAN CARE LLC,FALSE,not_independent_supported,"sampled organisation contains clinicians from PE platform ""Women's Care Enterprises"" on the study roster",,,,,
1164443594,"Vicky Sherman, MD",PE,roster_only,,,IN,affiliation_location_mismatch,,,,,,,,,,,,,Axia Women's Health,,,,,,,,independence_unresolved,affiliation_location_mismatch,,,,,
1164453734,Dr. Ivonne Reynolds,PE,roster_only,,,FL,affiliation_location_mismatch,,,,,,,,,,,,,Femwell Group Health,,,,,,,,independence_unresolved,affiliation_location_mismatch,,,,,
1164460739,Dr. Idalia Talavera,PE,roster_only,,,FL,affiliation_location_mismatch,,,,,,,,,,,,,Femwell Group Health,,,,,,,,independence_unresolved,affiliation_location_mismatch,,,,,
1164467338,Dr. Darcy Bryan,Non-PE,fielded+universe,pair_201,Tampa,FL,location_resolved,phone,9234031444,WOMENS CARE FLORIDA LLC,293,58,198,260,74,293,8,0.6758,Women's Care Enterprises,Women's Care Enterprises,Hospital,2961492327,203,RIVERSIDE MEDICAL CLINIC INC,293,WOMENS CARE FLORIDA LLC,FALSE,not_independent_supported,"sampled organisation contains clinicians from PE platform ""Women's Care Enterprises"" on the study roster",,,,,
1164478913,Dr. Esther Marin-Casariego,PE,universe,pair_3,Miami,FL,no_dac_affiliation,,,,,,,,,,,,,,,,,,,,,independence_unresolved,no_dac_affiliation,,,,,
1164488557,Dr. Renee Gross,PE,universe,pair_448,Kearny,NJ,location_resolved,phone,2961316328,REGIONAL WOMENS HEALTH GROUP LLC,334,85,227,7,110,334,8,0.6796,Axia Women's Health,Axia Women's Health,,,,,,,,not_independent_supported,"sampled organisation contains clinicians from PE platform ""Axia Women's Health"" on the study roster",,,,,
1164492542,Dr. Skivakumar Hanubal,Non-PE,universe,pair_33,Lady Lake,FL,location_resolved,phone,5395807218,FLORIDA WOMAN CARE LLC,510,87,337,1,214,510,8,0.6608,Women's Care Enterprises,Women's Care Enterprises,,,,,510,FLORIDA WOMAN CARE LLC,FALSE,not_independent_supported,"sampled organisation contains clinicians from PE platform ""Women's Care Enterprises"" on the study roster",,,,,
1164521829,Dr. Anne-Marie Jones,PE,universe,pair_179,Oviedo,FL,location_resolved,phone,9234031444,WOMENS CARE FLORIDA LLC,293,58,198,8,74,293,8,0.6758,Women's Care Enterprises,Women's Care Enterprises,,,,,,,,not_independent_supported,"sampled organisation contains clinicians from PE platform ""Women's Care Enterprises"" on the study roster",,,,,
1164535100,Dr. Joy Cavalaris,PE,universe,pair_165,West Palm Beach,FL,location_resolved,phone,9234031444,WOMENS CARE FLORIDA LLC,293,58,198,9,74,293,8,0.6758,Women's Care Enterprises,Women's Care Enterprises,,,,,,,,not_independent_supported,"sampled organisation contains clinicians from PE platform ""Women's Care Enterprises"" on the study roster",,,,,
1164535449,"Rebecca Herrero, MD, MBA, FACOG, WHASN President & CEO",PE,roster_only,,,NV,affiliation_location_mismatch,,,,,,,,,,,,,Unified Women's Healthcare,,,,,,,,independence_unresolved,affiliation_location_mismatch,,,,,
1164565917,"Sunny Jun, MD",PE,roster_only,,,CA,no_dac_affiliation,,,,,,,,,,,,,,,,,,,,,independence_unresolved,no_dac_affiliation,,,,,
1164620696,Dr. Neil Salas,Non-PE,universe,pair_87,Davie,FL,location_resolved,phone,2264752443,INSTITUTE FOR WOMEN'S HEALTH AND BODY LLC,43,7,27,4,34,43,5,0.6279,,,,,,,43,INSTITUTE FOR WOMEN'S HEALTH AND BODY LLC,FALSE,independence_unresolved,no affirmative evidence either way,,,,,
1164699385,Dr. Gilma Marimon,PE,universe,pair_51,Miami,FL,no_dac_affiliation,,,,,,,,,,,,,,,,,,,,,independence_unresolved,no_dac_affiliation,,,,,
1164746772,Dr. Golnaz Alemi,Non-PE,fielded,pair_376,North Las Vegas,NV,location_resolved,phone,1557514692,"NADER Y. ABDELSAYED, M.D., PROFESSIONAL CORPORATION",4,1,3,4,1,4,2,0.75,,,,,,,4,"NADER Y. ABDELSAYED, M.D., PROFESSIONAL CORPORATION",TRUE,independent_supported,"single-specialty OB/GYN organisation, no system token, no PE-roster member",,,,,
1164817185,Dr. Preeyanka Nagar,PE,universe,pair_150,Orlando,FL,location_resolved,city_state,0749186153,FLORIDA HOSPITAL MEDICAL GROUP INC,1170,149,66,13,142,1170,,,Femwell Group Health,Femwell Group Health,,,,,,,,not_independent_supported,"sampled organisation contains clinicians from PE platform ""Femwell Group Health"" on the study roster",,,,,
1174015721,Dr. Alexa Giacobbo,Non-PE,universe,pair_220,Bethlehem,PA,location_resolved,phone,6709798333,ST LUKE'S PHYSICIAN GROUP INC,1745,206,60,14,318,1745,,,,,,,,,1745,"DEDICATED TO WOMEN OB-GYN, P.A. | ST LUKE'S PHYSICIAN GROUP ",FALSE,independence_unresolved,"large organisation, name uninformative; needs external adjudication",,,,,
1174056444,Dr. Olivia Belli,PE,universe,pair_76,Miami,FL,location_resolved,city_state,8921091786,VITALMD GROUP HOLDING LLC,430,152,283,7,117,430,22,0.6581,Femwell Group Health,Femwell Group Health,,,,,,,,not_independent_supported,"sampled organisation contains clinicians from PE platform ""Femwell Group Health"" on the study roster",,,,,
1174100184,"Nicole Walden, DO",PE,roster_only,,,NJ,no_dac_affiliation,,,,,,,,,,,,,,,,,,,,,independence_unresolved,no_dac_affiliation,,,,,
1174506323,Dr. Janet Gersten,PE,fielded+universe,pair_78,Miami,FL,location_resolved,city_state,8921091786,VITALMD GROUP HOLDING LLC,430,152,283,375,117,430,22,0.6581,Femwell Group Health,Femwell Group Health,,8921091786,466,VITALMD GROUP HOLDING LLC,,,,not_independent_supported,"sampled organisation contains clinicians from PE platform ""Femwell Group Health"" on the study roster",,,,,
1174506471,"John M. Csokmay, M.D.",PE,roster_only,,,PA,no_dac_affiliation,,,,,,,,,,,,,,,,,,,,,independence_unresolved,no_dac_affiliation,,,,,
1174507156,Dr. Andrea Eisenberg,PE,universe,pair_46,Farmington Hills,MI,no_dac_affiliation,,,,,,,,,,,,,,,,,,,,,independence_unresolved,no_dac_affiliation,,,,,
1174514020,Dr. Marwan Shaykh,Non-PE,fielded+universe,pair_231,Jacksonville,FL,no_organisation_on_sampled_row,phone,,,,,,,,,,,,,,2365631207|5193866838,175,"MARWAN M. SHAYKH, M.D., P.A.|OB HOSPITALIST GROUP LLC",NA,,NA,independence_unresolved,no_organisation_on_sampled_row,,,,,
1174514061,Dr. Dipti Shah-Parikh,PE,fielded+universe,pair_395,Blue Bell,PA,location_resolved,phone,2961316328,REGIONAL WOMENS HEALTH GROUP LLC,334,85,227,4,110,334,8,0.6796,Axia Women's Health,Axia Women's Health,Hospital,3476450156|8527962661,159,CENTER FOR WOMENS HEALTH OF LANSDALE LLC|FORNANCE PHYSICIAN SERVICES INC,,,,not_independent_supported,"sampled organisation contains clinicians from PE platform ""Axia Women's Health"" on the study roster",,,,,
1174515035,Dr. Anita Iyer,PE,fielded+universe,pair_301,Buffalo Grove,IL,location_resolved,city_state,7517863178,BONAVENTURE MEDICAL FOUNDATION LLC,153,26,22,4,37,153,26,0.1438,Nova Women's Health Partners,Nova Women's Health Partners,Hospital,7517863178,305,BONAVENTURE MEDICAL FOUNDATION LLC,,,,not_independent_supported,"sampled organisation contains clinicians from PE platform ""Nova Women's Health Partners"" on the study roster",,,,,
1174518401,Dr. Lee Epstein,PE,roster_only,,,FL,affiliation_location_mismatch,,,,,,,,,,,,,Femwell Group Health,,,,,,,,independence_unresolved,affiliation_location_mismatch,,,,,
1174526362,Dr. Jana Myers,PE,roster_only,,,FL,no_dac_affiliation,,,,,,,,,,,,,,,,,,,,,independence_unresolved,no_dac_affiliation,,,,,
1174546899,Dr. Ellen Hayes,PE,roster_only,,,WI,no_dac_affiliation,,,,,,,,,,,,,,,,,,,,,independence_unresolved,no_dac_affiliation,,,,,
1174552038,Dr. Michelle Luthringshausen,PE,fielded+universe,pair_227,Arlington Heights,IL,location_resolved,city_state,7214203942,NORTHWEST COMMUNITY WOMEN SERVICES LLC,14,9,12,1,7,14,3,0.8571,Nova Women's Health Partners,Nova Women's Health Partners,Hospital,9133101371,20,"WOMANCARE, P.C.",,,,not_independent_supported,"sampled organisation contains clinicians from PE platform ""Nova Women's Health Partners"" on the study roster",,,,,
1174574008,Dr. Kerri Osterhaus-Houle,PE,fielded+universe,pair_477,Worcester,MA,location_resolved,phone,3274430665,"PHYSICIANS FOR WOMEN'S HEALTH, LLC",278,45,201,20,78,278,7,0.723,Unified Women's Healthcare,Unified Women's Healthcare,Hospital,5698746139,16,WOMEN'S HEALTH OF CENTRAL MA. PC,,,,not_independent_supported,"sampled organisation contains clinicians from PE platform ""Unified Women's Healthcare"" on the study roster",,,,,
1174595342,"Joanne Swift, MD",PE,roster_only,,,NJ,affiliation_location_mismatch,,,,,,,,,,,,,Axia Women's Health,,,,,,,,independence_unresolved,affiliation_location_mismatch,,,,,
1174628234,Dr. Audry Castellanos-Vidaurre,PE,roster_only,,,FL,affiliation_location_mismatch,,,,,,,,,,,,,Femwell Group Health,,,,,,,,independence_unresolved,affiliation_location_mismatch,,,,,
1174835201,"Ashley McCloud, MD",PE,roster_only,,,AL,affiliation_location_mismatch,,,,,,,,,,,,,Together Women's Health,,,,,,,,independence_unresolved,affiliation_location_mismatch,,,,,
1174966808,Dr. Erin Stevens,Non-PE,fielded+universe,pair_371,Edina,MN,location_resolved,phone,2466404991,CLINIC SOFIA OBGYN PA,9,0,6,9,2,9,3,0.6667,,,,2466404991,6,CLINIC SOFIA OBGYN PA,9,CLINIC SOFIA OBGYN PA,TRUE,independence_unresolved,no affirmative evidence either way,,,,,
1174987010,Dr. Xiaohong Liu,PE,roster_only,,,MD,no_dac_affiliation,,,,,,,,,,,,,,,,,,,,,independence_unresolved,no_dac_affiliation,,,,,
1184111080,"Colby Wolk, DO",PE,roster_only,,,FL,affiliation_location_mismatch,,,,,,,,,,,,,Women's Care Enterprises,,,,,,,,independence_unresolved,affiliation_location_mismatch,,,,,
1184152514,Dr. Melissa Giorlando,PE,universe,pair_431,Danbury,CT,location_resolved,phone,3274430665,"PHYSICIANS FOR WOMEN'S HEALTH, LLC",278,45,201,6,78,278,7,0.723,Unified Women's Healthcare,Unified Women's Healthcare,,,,,,,,not_independent_supported,"sampled organisation contains clinicians from PE platform ""Unified Women's Healthcare"" on the study roster",,,,,
1184610230,Dr. Patricia Cunnane,PE,universe,pair_151,Clearwater,FL,location_resolved,phone,9234031444,WOMENS CARE FLORIDA LLC,293,58,198,4,74,293,8,0.6758,Women's Care Enterprises,Women's Care Enterprises,,,,,,,,not_independent_supported,"sampled organisation contains clinicians from PE platform ""Women's Care Enterprises"" on the study roster",,,,,
1184625485,"Marc Rosenn, MD",PE,roster_only,,,NJ,no_dac_affiliation,,,,,,,,,,,,,,,,,,,,,independence_unresolved,no_dac_affiliation,,,,,
1184642134,"Alexander Kirifides, DO",PE,roster_only,,,DE,affiliation_location_mismatch,,,,,,,,,,,,,Unified Women's Healthcare,,,,,,,,independence_unresolved,affiliation_location_mismatch,,,,,
1184654824,Marcus W. Jurema,PE,roster_only,,,NJ,no_dac_affiliation,,,,,,,,,,,,,,,,,,,,,independence_unresolved,no_dac_affiliation,,,,,
1184658015,Dr. Martha Toledo-Valido,PE,roster_only,,,FL,no_dac_affiliation,,,,,,,,,,,,,,,,,,,,,independence_unresolved,no_dac_affiliation,,,,,
1184663585,Dr. Antonio Monzon,PE,roster_only,,,FL,affiliation_location_mismatch,,,,,,,,,,,,,Femwell Group Health,,,,,,,,independence_unresolved,affiliation_location_mismatch,,,,,
1184688582,"Jon Adcock, MD",PE,roster_only,,,AL,affiliation_location_mismatch,,,,,,,,,,,,,Together Women's Health,,,,,,,,independence_unresolved,affiliation_location_mismatch,,,,,
1184691156,"Stefanie Marshall, DO",PE,roster_only,,,DE,affiliation_location_mismatch,,,,,,,,,,,,,Unified Women's Healthcare,,,,,,,,independence_unresolved,affiliation_location_mismatch,,,,,
1184691685,"Michael F Buckley, M.D.",PE,roster_only,,,NC,affiliation_location_mismatch,,,,,,,,,,,,,Unified Women's Healthcare,,,,,,,,independence_unresolved,affiliation_location_mismatch,,,,,
1184713794,Dr. Nisseth Urribarri,PE,universe,pair_120,Coral Springs,FL,location_resolved,city_state,8921091786,VITALMD GROUP HOLDING LLC,430,152,283,2,117,430,22,0.6581,Femwell Group Health,Femwell Group Health,,,,,,,,not_independent_supported,"sampled organisation contains clinicians from PE platform ""Femwell Group Health"" on the study roster",,,,,
1184727265,Dr. Gene Freylikhman,PE,fielded+universe,pair_487,Danbury,CT,location_resolved,city_state,3274430665,"PHYSICIANS FOR WOMEN'S HEALTH, LLC",278,45,201,176,78,278,7,0.723,Unified Women's Healthcare,Unified Women's Healthcare,Hospital,3274430665|4789597691|5193973782|941113567,603,DHP OF CONNECTICUT PC|PHYSICIANS FOR WOMENS HEALTH LLC|TRINITY HEALTH OF NEW ENGLAND PROVIDER NETWOR,,,,not_independent_supported,"sampled organisation contains clinicians from PE platform ""Unified Women's Healthcare"" on the study roster",,,,,
1184787046,Dr. Carla Wells,Non-PE,universe,pair_331,Costa Mesa,CA,location_resolved,phone,8729277314,MEMORIALCARE MEDICAL FOUNDATION,377,68,27,129,55,377,,,,,,,,,377,MEMORIALCARE MEDICAL FOUNDATION,FALSE,independence_unresolved,"large organisation, name uninformative; needs external adjudication",,,,,
1184899700,Dr. Fernanda Mercade,PE,roster_only,,,FL,affiliation_location_mismatch,,,,,,,,,,,,,Femwell Group Health,,,,,,,,independence_unresolved,affiliation_location_mismatch,,,,,
1184914053,Dr. Letisha B. Jefferson,PE,roster_only,,,FL,no_dac_affiliation,,,,,,,,,,,,,,,,,,,,,independence_unresolved,no_dac_affiliation,,,,,
1184918443,"Brianna Schumacher, M.D.",PE,roster_only,,,FL,no_dac_affiliation,,,,,,,,,,,,,,,,,,,,,independence_unresolved,no_dac_affiliation,,,,,
1194012732,Dr. Michael Pammit,Non-PE,universe,pair_196,Jacksonville,FL,location_resolved,phone,5395807218,FLORIDA WOMAN CARE LLC,510,87,337,9,214,510,8,0.6608,Women's Care Enterprises,Women's Care Enterprises,,,,,510,FLORIDA WOMAN CARE LLC,FALSE,not_independent_supported,"sampled organisation contains clinicians from PE platform ""Women's Care Enterprises"" on the study roster",,,,,
1194017111,"Reshelle Pena, MD",PE,roster_only,,,FL,affiliation_location_mismatch,,,,,,,,,,,,,Women's Care Enterprises,,,,,,,,independence_unresolved,affiliation_location_mismatch,,,,,
1194071969,Dr. Apurva Shah,Non-PE,universe,pair_417,Worcester,MA,location_resolved,phone,8921056276,SAINT VINCENT PHYSICIAN SERVICES INC,75,27,5,5,22,75,,,,,,,,,75,SAINT VINCENT PHYSICIAN SERVICES INC,FALSE,independence_unresolved,no affirmative evidence either way,,,,,
1194081422,"Alexcis Ford, MD",PE,roster_only,,,GA,affiliation_location_mismatch,,,,,,,,,,,,,Together Women's Health,,,,,,,,independence_unresolved,affiliation_location_mismatch,,,,,
1194087270,Dr. Paula Edelson,Non-PE,fielded,pair_269,West Chester,PA,location_resolved,phone,2961316328,REGIONAL WOMENS HEALTH GROUP LLC,334,85,227,2,110,334,8,0.6796,Axia Women's Health,Axia Women's Health,Hospital,5395649347|6204730955|7719876267,3114,FAMILY CARE CENTERS INC|SIGNATURE HEALTHCARE MEDICAL GROUP INC|UNIVERSITY OF PENN MEDICAL GROUP,334,REGIONAL WOMENS HEALTH GROUP LLC,FALSE,not_independent_supported,"sampled organisation contains clinicians from PE platform ""Axia Women's Health"" on the study roster",,,,,
1194125898,"Prashanti Logeswaran, MD",PE,roster_only,,,FL,affiliation_location_mismatch,,,,,,,,,,,,,Women's Care Enterprises,,,,,,,,independence_unresolved,affiliation_location_mismatch,,,,,
1194258517,"Zachary Walker, MD",PE,roster_only,,,NJ,no_dac_affiliation,,,,,,,,,,,,,,,,,,,,,independence_unresolved,no_dac_affiliation,,,,,
1194380428,Dr. Ibrahim Tsolakian,PE,fielded,pair_358,Bel Air,MD,location_resolved,phone,9335129766,SUSQUEHANNA OB-GYN PA,12,1,4,12,2,12,4,0.3333,Advantia Health,Advantia Health,Hospital,,,,,,,not_independent_supported,"sampled organisation contains clinicians from PE platform ""Advantia Health"" on the study roster",,,,,
1194707117,Dr. Enrique Infante,Non-PE,universe,pair_244,Fort Wayne,IN,location_resolved,phone,2668539818,ASSOCIATED SURGEONS AND PHYSICIANS LLC,29,5,17,10,7,29,4,0.5862,,,,,,,29,ASSOCIATED SURGEONS AND PHYSICIANS LLC,FALSE,independence_unresolved,no affirmative evidence either way,,,,,
1194732990,Dr. Charles Helm,PE,universe,pair_434,Meriden,CT,location_resolved,phone,3274430665,"PHYSICIANS FOR WOMEN'S HEALTH, LLC",278,45,201,7,78,278,7,0.723,Unified Women's Healthcare,Unified Women's Healthcare,,,,,,,,not_independent_supported,"sampled organisation contains clinicians from PE platform ""Unified Women's Healthcare"" on the study roster",,,,,
1194743682,Dr. Robert Portadin,PE,universe,pair_458,Freehold,NJ,location_resolved,phone,2961316328,REGIONAL WOMENS HEALTH GROUP LLC,334,85,227,7,110,334,8,0.6796,Axia Women's Health,Axia Women's Health,,,,,,,,not_independent_supported,"sampled organisation contains clinicians from PE platform ""Axia Women's Health"" on the study roster",,,,,
1194756742,Dr. Melvin Castillo,PE,roster_only,,,FL,no_dac_affiliation,,,,,,,,,,,,,,,,,,,,,independence_unresolved,no_dac_affiliation,,,,,
1194787622,"Sayed Abd El-Azeem, MD, FACOG",PE,roster_only,,,FL,affiliation_location_mismatch,,,,,,,,,,,,,Women's Care Enterprises,,,,,,,,independence_unresolved,affiliation_location_mismatch,,,,,
1194813493,Dr. Mary Wechter,Non-PE,universe,pair_29,Miami,FL,location_resolved,phone,8921091786,VITALMD GROUP HOLDING LLC,430,152,283,375,117,430,22,0.6581,Femwell Group Health,Femwell Group Health,,,,,430,VITALMD GROUP HOLDING LLC,FALSE,not_independent_supported,"sampled organisation contains clinicians from PE platform ""Femwell Group Health"" on the study roster",,,,,
1194820753,Dr. Ruthann Rees,Non-PE,fielded,pair_345,Columbus,GA,location_resolved,phone,4284951542,PRIVIA MEDICAL GROUP OF GEORGIA LLC,299,72,6,1,29,299,29,0.0201,,,Hospital,4284951542|9638232713,178,"OBGYN SPECIALSITS OF COLUMBUS, P.C.|PRIVIA MEDICAL GROUP OF GEORGIA LLC",299,PRIVIA MEDICAL GROUP OF GEORGIA LLC,FALSE,independence_unresolved,"large organisation, name uninformative; needs external adjudication",,,,,
1194879445,Dr. Andrew Engel,Non-PE,fielded,pair_403,Falls Church,VA,location_resolved,phone,0345237210,DRS REITER AND HILL PLLC,18,3,15,8,3,18,2,0.8333,Advantia Health,Advantia Health,Hospital,345237210,22,DRS REITER & HILL PLLC,18,DRS REITER AND HILL PLLC,FALSE,not_independent_supported,"sampled organisation contains clinicians from PE platform ""Advantia Health"" on the study roster",,,,,
1194927285,Dr. Anupama Kathiresan,PE,roster_only,,,CA,no_dac_affiliation,,,,,,,,,,,,,,,,,,,,,independence_unresolved,no_dac_affiliation,,,,,
1194971127,Dr. Jessica Berg,Non-PE,universe,pair_45,Miramar,FL,location_resolved,phone,8921091786,VITALMD GROUP HOLDING LLC,430,152,283,1,117,430,22,0.6581,Femwell Group Health,Femwell Group Health,,,,,430,VITALMD GROUP HOLDING LLC,FALSE,not_independent_supported,"sampled organisation contains clinicians from PE platform ""Femwell Group Health"" on the study roster",,,,,
1194976886,"April Merritt, MD, FACOG",PE,roster_only,,,FL,affiliation_location_mismatch,,,,,,,,,,,,,Women's Care Enterprises,,,,,,,,independence_unresolved,affiliation_location_mismatch,,,,,
1205056645,Dr. Joseph Prezzato,Non-PE,fielded,pair_158,Farmington Hills,MI,location_resolved,phone,3173771557,JOSEPH J PREZZATO MD PLLC,2,0,1,2,1,2,2,0.5,,,,3173771557|6103738703,421,"ASCENSION PROVIDENCE HOSPITAL|JOSEPH J. PREZZATO M.D., PLLC",2,JOSEPH J PREZZATO MD PLLC,TRUE,independence_unresolved,no affirmative evidence either way,,,,,
1205060761,Dr. Kendra Johnson,PE,fielded+universe,pair_2,Petoskey,MI,ambiguous_multiple_org,city_state,0345626073,UWH OF MICHIGAN PLC,39,8,31,6,5,39,2,0.7949,Unified Women's Healthcare,Unified Women's Healthcare,Hospital,6103808878,8,"BAYVIEW OB/GYN, PC",,,,independence_unresolved,ambiguous_multiple_org,,,,,
1205060878,"David L. Miller, MD",PE,roster_only,,,FL,affiliation_location_mismatch,,,,,,,,,,,,,Women's Care Enterprises,,,,,,,,independence_unresolved,affiliation_location_mismatch,,,,,
1205273315,Dr. Dina Kassab,Non-PE,universe,pair_204,Warren,MI,location_resolved,phone,0648180406,ASCENSION MEDICAL GROUP MICHIGAN,102,33,15,5,50,102,15,0.1471,,,,,,,102,ASCENSION MEDICAL GROUP MICHIGAN,FALSE,not_independent_supported,organisation name carries a hospital/system/academic/government token,,,,,
1205276193,Dr. Peter Sticco,Non-PE,fielded,pair_383,Rockville Centre,NY,location_resolved,phone,7618955667,CHS PHYSICIAN PARTNERS PC,507,136,11,1,123,507,39,0.0217,,,Hospital,547179731,571,CHATTANOOGA HAMILTON COUNTY HOSPITAL AUTHORITY,507,CHS PHYSICIAN PARTNERS PC,FALSE,independence_unresolved,"large organisation, name uninformative; needs external adjudication",,,,,
1205356540,"Lindsay Lazarus, MD",PE,roster_only,,,NJ,affiliation_location_mismatch,,,,,,,,,,,,,Axia Women's Health,,,,,,,,independence_unresolved,affiliation_location_mismatch,,,,,
1205397320,Dr. Cherelle Leslie,PE,roster_only,,,FL,affiliation_location_mismatch,,,,,,,,,,,,,Femwell Group Health,,,,,,,,independence_unresolved,affiliation_location_mismatch,,,,,
1205492154,Dr. Mitra Mossaddad,Non-PE,universe,pair_370,Miami,FL,location_resolved,phone,8921091786,VITALMD GROUP HOLDING LLC,430,152,283,375,117,430,22,0.6581,Femwell Group Health,Femwell Group Health,,,,,430,VITALMD GROUP HOLDING LLC,FALSE,not_independent_supported,"sampled organisation contains clinicians from PE platform ""Femwell Group Health"" on the study roster",,,,,
1205824091,Dr. Kerry Kuhn,PE,roster_only,,,FL,affiliation_location_mismatch,,,,,,,,,,,,,Femwell Group Health,,,,,,,,independence_unresolved,affiliation_location_mismatch,,,,,
1205844131,"Bradford Bopp, MD",PE,roster_only,,,NJ,no_dac_affiliation,,,,,,,,,,,,,,,,,,,,,independence_unresolved,no_dac_affiliation,,,,,
1205869096,Dr. Anna Tatarchuk,Non-PE,fielded,pair_391,Raleigh,NC,location_resolved,phone,0042448169,UWH OF THE CAROLINAS PLLC,294,40,208,6,66,294,8,0.7075,Unified Women's Healthcare,Unified Women's Healthcare,,42448169,301,UWH OF NORTH CAROLINA LLP,294,UWH OF THE CAROLINAS PLLC,FALSE,not_independent_supported,"sampled organisation contains clinicians from PE platform ""Unified Women's Healthcare"" on the study roster",,,,,
1205872314,Dr. Rolando Gonzalez,Non-PE,fielded+universe,pair_91,Hialeah,FL,location_resolved,phone,5395807218,FLORIDA WOMAN CARE LLC,510,87,337,1,214,510,8,0.6608,Women's Care Enterprises,Women's Care Enterprises,Hospital,5395807218,517,FLORIDA WOMAN CARE LLC,510,FLORIDA WOMAN CARE LLC,FALSE,not_independent_supported,"sampled organisation contains clinicians from PE platform ""Women's Care Enterprises"" on the study roster",,,,,
1205886033,Dr. Ileana Perez,PE,roster_only,,,FL,affiliation_location_mismatch,,,,,,,,,,,,,Femwell Group Health,,,,,,,,independence_unresolved,affiliation_location_mismatch,,,,,
1205894219,Dr. Alan Donnenfeld,PE,fielded+universe,pair_269,West Chester,PA,location_resolved,city_state,2961316328,REGIONAL WOMENS HEALTH GROUP LLC,334,85,227,2,110,334,8,0.6796,Axia Women's Health,Axia Women's Health,,2961316328|4082679519,298,REGIONAL WOMENS HEALTH GROUP LLC|WOMENS HEALTH CARE GROUP OF PENNSYLVANIA LLC,,,,not_independent_supported,"sampled organisation contains clinicians from PE platform ""Axia Women's Health"" on the study roster",,,,,
1205895380,Dr. Laura Loya Frank,Non-PE,universe,pair_299,Melrose Park,IL,no_organisation_on_sampled_row,phone,,,,,,,,,,,,,,,,,NA,,NA,independence_unresolved,no_organisation_on_sampled_row,,,,,
1205897303,Dr. Fern Taisenchoy-Bent,PE,universe,pair_6,Miami,FL,location_resolved,city_state,8921091786,VITALMD GROUP HOLDING LLC,430,152,283,375,117,430,22,0.6581,Femwell Group Health,Femwell Group Health,,,,,,,,not_independent_supported,"sampled organisation contains clinicians from PE platform ""Femwell Group Health"" on the study roster",,,,,
1205927043,Dr. Patricia Anastasio,PE,universe,pair_360,Boca Raton,FL,no_dac_affiliation,,,,,,,,,,,,,,,,,,,,,independence_unresolved,no_dac_affiliation,,,,,
1205934999,Dr. Shelly Kolton,PE,universe,pair_334,New York,NY,location_resolved,phone,4981752342,DOWNTOWN WOMEN OB GYN ASSOCIATES LLP,6,2,6,6,1,6,1,1.0,Unified Women's Healthcare,Unified Women's Healthcare,,,,,,,,not_independent_supported,"sampled organisation contains clinicians from PE platform ""Unified Women's Healthcare"" on the study roster",,,,,
1205957404,"Brent Parnell, MD",PE,roster_only,,,AL,affiliation_location_mismatch,,,,,,,,,,,,,Together Women's Health,,,,,,,,independence_unresolved,affiliation_location_mismatch,,,,,
1205986858,Dr. Jennifer Russell,Non-PE,universe,pair_201,Riverview,FL,location_resolved,phone,2163310236,WOMANS GROUP,23,1,22,6,4,23,2,0.9565,,,,,,,23,WOMANS GROUP,FALSE,independent_supported,"single-specialty OB/GYN organisation, no system token, no PE-roster member",,,,,
1215124714,"Oumar Kuzbari, MD, FACOG",PE,roster_only,,,NJ,no_dac_affiliation,,,,,,,,,,,,,,,,,,,,,independence_unresolved,no_dac_affiliation,,,,,
1215154570,Dr. Tarek Bardawil,PE,roster_only,,,FL,no_dac_affiliation,,,,,,,,,,,,,,,,,,,,,independence_unresolved,no_dac_affiliation,,,,,
1215197413,"Yasmin Sarafzadeh, MD",PE,roster_only,,,FL,affiliation_location_mismatch,,,,,,,,,,,,,Women's Care Enterprises,,,,,,,,independence_unresolved,affiliation_location_mismatch,,,,,
1215228515,Dr. Lindsey Davis,Non-PE,universe,pair_242,Kennett Square,PA,location_resolved,phone,9739097569,CHRISTIANA CARE HEALTH SERVICES INC,1222,158,45,6,118,1222,58,0.0368,,,,,,,1222,CHRISTIANA CARE HEALTH SERVICES INC,FALSE,not_independent_supported,organisation name carries a hospital/system/academic/government token,,,,,
1215375431,"Sarah Dolan, MD",PE,roster_only,,,FL,no_dac_affiliation,,,,,,,,,,,,,,,,,,,,,independence_unresolved,no_dac_affiliation,,,,,
1215432489,"Leah Bagiardi, MD",PE,roster_only,,,FL,affiliation_location_mismatch,,,,,,,,,,,,,Women's Care Enterprises,,,,,,,,independence_unresolved,affiliation_location_mismatch,,,,,
1215466818,Dr. Kylee Clyatt,Non-PE,fielded,pair_395,Fort Washington,PA,location_resolved,phone,0345588711,TEMPLE FACULTY PRACTICE PLAN INC,1064,206,35,106,39,1064,55,0.0329,Axia Women's Health,Axia Women's Health,,,,,1064,TEMPLE FACULTY PRACTICE PLAN INC,FALSE,not_independent_supported,"sampled organisation contains clinicians from PE platform ""Axia Women's Health"" on the study roster",,,,,
1215469580,"Tara Lal, MD",PE,roster_only,,,NJ,affiliation_location_mismatch,,,,,,,,,,,,,Axia Women's Health,,,,,,,,independence_unresolved,affiliation_location_mismatch,,,,,
1215916044,"Reva Tackett, MD",PE,roster_only,,,NJ,affiliation_location_mismatch,,,,,,,,,,,,,Axia Women's Health,,,,,,,,independence_unresolved,affiliation_location_mismatch,,,,,
1215916093,Dr. Joshua Croland,Non-PE,universe,pair_200,Springfield,IL,location_resolved,phone,0547166076,SPRINGFIELD CLINIC LLP,671,117,27,357,70,671,50,0.0402,,,,,,,1545,OSF MULTI-SPECIALTY GROUP | SPRINGFIELD CLINIC LLP | TEVERBA,FALSE,independence_unresolved,"large organisation, name uninformative; needs external adjudication",,,,,
1215926399,Grant Schmidt,PE,roster_only,,,OH,no_dac_affiliation,,,,,,,,,,,,,,,,,,,,,independence_unresolved,no_dac_affiliation,,,,,
1225025547,Dr. Daniel Roshan,Non-PE,fielded,pair_311,Norristown,PA,location_resolved,phone,1052449253,ROSH MATERNAL FETAL MEDICINE PLLC,3,2,3,3,1,3,1,1.0,,,,1052449253|2365738143|5799951554|7911258165,4,"67TH STREET OBGYN PLLC|ROSH MATERNAL FETAL MEDICINE, PLLC|ROSH OB-GYN ULTRASOUND OF CA PC|ROSH OB-GY",3,ROSH MATERNAL FETAL MEDICINE PLLC,TRUE,independent_supported,"single-specialty OB/GYN organisation, no system token, no PE-roster member",,,,,
1225095268,Dr. Eric Runyon,Non-PE,universe,pair_62,Miami,FL,location_resolved,phone,5395807218,FLORIDA WOMAN CARE LLC,510,87,337,2,214,510,8,0.6608,Women's Care Enterprises,Women's Care Enterprises,,,,,510,FLORIDA WOMAN CARE LLC,FALSE,not_independent_supported,"sampled organisation contains clinicians from PE platform ""Women's Care Enterprises"" on the study roster",,,,,
1225119845,"Virginia S. Ferlan, MD",PE,roster_only,,,CT,affiliation_location_mismatch,,,,,,,,,,,,,Unified Women's Healthcare,,,,,,,,independence_unresolved,affiliation_location_mismatch,,,,,
1225128952,"Jared Sullivan, MD, FACOG",PE,roster_only,,,NJ,affiliation_location_mismatch,,,,,,,,,,,,,Axia Women's Health,,,,,,,,independence_unresolved,affiliation_location_mismatch,,,,,
1225142938,Dr. Jaime Mercado,PE,fielded,pair_433,Miami,FL,location_resolved,phone,8921091786,VITALMD GROUP HOLDING LLC,430,152,283,2,117,430,22,0.6581,Femwell Group Health,Femwell Group Health,,8921091786,466,VITALMD GROUP HOLDING LLC,,,,not_independent_supported,"sampled organisation contains clinicians from PE platform ""Femwell Group Health"" on the study roster",,,,,
1225146913,Dr. Susan Chi,Non-PE,universe,pair_129,Miami,FL,location_resolved,phone,8921091786,VITALMD GROUP HOLDING LLC,430,152,283,375,117,430,22,0.6581,Femwell Group Health,Femwell Group Health,,,,,430,VITALMD GROUP HOLDING LLC,FALSE,not_independent_supported,"sampled organisation contains clinicians from PE platform ""Femwell Group Health"" on the study roster",,,,,
1225290455,Dr. Renata Scott-Ram,Non-PE,fielded,pair_385,New Hyde Park,NY,location_resolved,phone,6305996075,WOMEN FOR WOMEN OBSTETRICS AND GYNECOLOGY LLC,7,3,7,7,1,7,1,1.0,,,Hospital,2264438670|3173660776|3375701568,4018,NORTH SHORE-LIJ MEDICAL PC|TRUSTEES OF COLUMBIA UNIVERSITY DEPT OF OBSTETRICS AND GYNECOLOGY|WESTCHE,7,WOMEN FOR WOMEN OBSTETRICS AND GYNECOLOGY LLC,TRUE,independent_supported,"single-specialty OB/GYN organisation, no system token, no PE-roster member",,,,,
1225296940,Dr. Nikkita Wilkes,Non-PE,fielded+universe,pair_214,Jacksonville,FL,location_resolved,phone,5395807218,FLORIDA WOMAN CARE LLC,510,87,337,9,214,510,8,0.6608,Women's Care Enterprises,Women's Care Enterprises,Hospital,5395807218,517,FLORIDA WOMAN CARE LLC,510,FLORIDA WOMAN CARE LLC,FALSE,not_independent_supported,"sampled organisation contains clinicians from PE platform ""Women's Care Enterprises"" on the study roster",,,,,
1225299365,Dr. Lana Lipkin,PE,roster_only,,,NY,no_dac_affiliation,,,,,,,,,,,,,,,,,,,,,independence_unresolved,no_dac_affiliation,,,,,
1225323678,Dr. Daniel Gomez,PE,roster_only,,,FL,no_dac_affiliation,,,,,,,,,,,,,,,,,,,,,independence_unresolved,no_dac_affiliation,,,,,
1225397847,Dr. Tara Ruberg,PE,universe,pair_133,Miami,FL,location_resolved,phone,8921091786,VITALMD GROUP HOLDING LLC,430,152,283,10,117,430,22,0.6581,Femwell Group Health,Femwell Group Health,,,,,,,,not_independent_supported,"sampled organisation contains clinicians from PE platform ""Femwell Group Health"" on the study roster",,,,,
1225415789,Dr. Lindsay Lewis,Non-PE,fielded+universe,pair_370,Edina,MN,location_resolved,phone,1355396110,PREMIER OBGYN OF MINNESOTA PLLC,68,14,46,16,21,68,6,0.6765,Unified Women's Healthcare,Unified Women's Healthcare,,,,,68,PREMIER OBGYN OF MINNESOTA PLLC,FALSE,not_independent_supported,"sampled organisation contains clinicians from PE platform ""Unified Women's Healthcare"" on the study roster",,,,,
1225533441,Dr. Michael Frangieh,PE,universe,pair_423,Worcester,MA,location_resolved,phone,3274430665,"PHYSICIANS FOR WOMEN'S HEALTH, LLC",278,45,201,5,78,278,7,0.723,Unified Women's Healthcare,Unified Women's Healthcare,,,,,,,,not_independent_supported,"sampled organisation contains clinicians from PE platform ""Unified Women's Healthcare"" on the study roster",,,,,
1225573728,Dr. Alexandra Giglio,PE,universe,pair_443,Eatontown,NJ,location_resolved,city_state,2961316328,REGIONAL WOMENS HEALTH GROUP LLC,334,85,227,7,110,334,8,0.6796,Axia Women's Health,Axia Women's Health,,,,,,,,not_independent_supported,"sampled organisation contains clinicians from PE platform ""Axia Women's Health"" on the study roster",,,,,
1225581911,Dr. Ana Mendez Gomez,Non-PE,universe,pair_93,Miami,FL,location_resolved,phone,5395807218,FLORIDA WOMAN CARE LLC,510,87,337,8,214,510,8,0.6608,Women's Care Enterprises,Women's Care Enterprises,,,,,510,FLORIDA WOMAN CARE LLC,FALSE,not_independent_supported,"sampled organisation contains clinicians from PE platform ""Women's Care Enterprises"" on the study roster",,,,,
1235118399,Dr. Kompal Gadh,PE,fielded+universe,pair_394,Pembroke Pines,FL,location_resolved,city_state,8921091786,VITALMD GROUP HOLDING LLC,430,152,283,2,117,430,22,0.6581,Femwell Group Health,Femwell Group Health,Hospital,8921091786,466,VITALMD GROUP HOLDING LLC,,,,not_independent_supported,"sampled organisation contains clinicians from PE platform ""Femwell Group Health"" on the study roster",,,,,
1235127523,Dr. Katharine Weinstock,PE,universe,pair_202,Clearwater,FL,location_resolved,phone,9234031444,WOMENS CARE FLORIDA LLC,293,58,198,9,74,293,8,0.6758,Women's Care Enterprises,Women's Care Enterprises,,,,,,,,not_independent_supported,"sampled organisation contains clinicians from PE platform ""Women's Care Enterprises"" on the study roster",,,,,
1235169061,Doreen L. Hock,PE,roster_only,,,NJ,no_dac_affiliation,,,,,,,,,,,,,,,,,,,,,independence_unresolved,no_dac_affiliation,,,,,
1235171711,Dr. Kim Bango,PE,universe,pair_89,Miami,FL,location_resolved,city_state,8921091786,VITALMD GROUP HOLDING LLC,430,152,283,375,117,430,22,0.6581,Femwell Group Health,Femwell Group Health,,,,,,,,not_independent_supported,"sampled organisation contains clinicians from PE platform ""Femwell Group Health"" on the study roster",,,,,
1235173964,"Brian Raybon, MD",PE,roster_only,,,GA,affiliation_location_mismatch,,,,,,,,,,,,,Together Women's Health,,,,,,,,independence_unresolved,affiliation_location_mismatch,,,,,
1235192543,Dr. Lev Kandinov,PE,universe,pair_374,Miami,FL,location_resolved,city_state,8921091786,VITALMD GROUP HOLDING LLC,430,152,283,375,117,430,22,0.6581,Femwell Group Health,Femwell Group Health,,,,,,,,not_independent_supported,"sampled organisation contains clinicians from PE platform ""Femwell Group Health"" on the study roster",,,,,
1235203571,Dr. Norina Ocampo,PE,roster_only,,,FL,no_dac_affiliation,,,,,,,,,,,,,,,,,,,,,independence_unresolved,no_dac_affiliation,,,,,
1235226853,Dr. Ronald Sancetta,PE,universe,pair_94,Village Of Palmetto Bay,FL,no_dac_affiliation,,,,,,,,,,,,,,,,,,,,,independence_unresolved,no_dac_affiliation,,,,,
1235241258,Dr. Jack Gould,PE,universe,pair_445,Eatontown,NJ,location_resolved,phone,2961316328,REGIONAL WOMENS HEALTH GROUP LLC,334,85,227,7,110,334,8,0.6796,Axia Women's Health,Axia Women's Health,,,,,,,,not_independent_supported,"sampled organisation contains clinicians from PE platform ""Axia Women's Health"" on the study roster",,,,,
1235249509,Dr. James Hotaling,PE,fielded,pair_171,Salt Lake City,UT,location_resolved,city_state,0941525273,UNIVERSITY OF UTAH ADULT SERVICES,1457,207,28,1209,25,1457,62,0.0192,IVI RMA Global,IVI RMA Global,Hospital,2365424066|941525273,1582,UNIVERSITY OF UTAH ADULT SERVICES|UNIVERSITY UROLOGY ASSOCIATES,,,,not_independent_supported,"sampled organisation contains clinicians from PE platform ""IVI RMA Global"" on the study roster",,,,,
1235287731,Dr. Alan Cadiz,PE,roster_only,,,FL,no_dac_affiliation,,,,,,,,,,,,,,,,,,,,,independence_unresolved,no_dac_affiliation,,,,,
1235292889,"Sheeva Talebian, MD",PE,roster_only,,,NY,no_dac_affiliation,,,,,,,,,,,,,,,,,,,,,independence_unresolved,no_dac_affiliation,,,,,
1235338591,"Natasha J. Champion, MD",PE,roster_only,,,FL,affiliation_location_mismatch,,,,,,,,,,,,,Women's Care Enterprises,,,,,,,,independence_unresolved,affiliation_location_mismatch,,,,,
1235386731,Dr. Nicholas Bujak,Non-PE,universe,pair_273,Phoenix,AZ,location_resolved,phone,5294033114,NICHOLAS BUJAK MD PLLC,2,0,1,2,1,2,,,,,,,,,2,NICHOLAS BUJAK MD PLLC,TRUE,independence_unresolved,no affirmative evidence either way,,,,,
1235423138,Dr. Clones Lans,PE,universe,pair_38,North Miami Beach,FL,no_organisation_on_sampled_row,city_state,,,,,,,,,,,,,,,,,,,,independence_unresolved,no_organisation_on_sampled_row,,,,,
1235440140,Dr. Katherine Bohnert,Non-PE,fielded+universe,pair_292,Little Silver,NJ,location_resolved,phone,4688681059,A WOMAN'S PLACE LLC,4,2,4,4,2,4,1,1.0,,,Hospital,4688681059,7,A WOMAN'S PLACE LLC,4,A WOMAN'S PLACE LLC,TRUE,independent_supported,"single-specialty OB/GYN organisation, no system token, no PE-roster member",,,,,
1235492133,"Brooke High, DO, FACOG",PE,roster_only,,,NJ,affiliation_location_mismatch,,,,,,,,,,,,,Axia Women's Health,,,,,,,,independence_unresolved,affiliation_location_mismatch,,,,,
1235497074,"Nicole P. Doyle, M.D.",PE,roster_only,,,MD,no_dac_affiliation,,,,,,,,,,,,,,,,,,,,,independence_unresolved,no_dac_affiliation,,,,,
1235543539,"Blake Butterworth, MD, FACOG",PE,roster_only,,,FL,affiliation_location_mismatch,,,,,,,,,,,,,Women's Care Enterprises,,,,,,,,independence_unresolved,affiliation_location_mismatch,,,,,
1235559774,"Jiten V. Patel, MD, IBCLC",PE,roster_only,,,FL,affiliation_location_mismatch,,,,,,,,,,,,,Women's Care Enterprises,,,,,,,,independence_unresolved,affiliation_location_mismatch,,,,,
1235574880,"Deirdre Lahey, DO",PE,roster_only,,,FL,affiliation_location_mismatch,,,,,,,,,,,,,Women's Care Enterprises,,,,,,,,independence_unresolved,affiliation_location_mismatch,,,,,
1235575218,Jasmine Chiang,PE,roster_only,,,CO,no_dac_affiliation,,,,,,,,,,,,,,,,,,,,,independence_unresolved,no_dac_affiliation,,,,,
1235579129,Dr. Elizabeth Klimowicz,PE,universe,pair_225,Bryn Mawr,PA,no_dac_affiliation,,,,,,,,,,,,,,,,,,,,,independence_unresolved,no_dac_affiliation,,,,,
1245225127,"Jeffrey L. McKeeby, M.D.",PE,roster_only,,,MD,no_dac_affiliation,,,,,,,,,,,,,,,,,,,,,independence_unresolved,no_dac_affiliation,,,,,
1245225762,Dr. Jacob Tangir,PE,roster_only,,,FL,affiliation_location_mismatch,,,,,,,,,,,,,Femwell Group Health,,,,,,,,independence_unresolved,affiliation_location_mismatch,,,,,
1245230457,"Benjamin Chen, MD",PE,roster_only,,,MI,affiliation_location_mismatch,,,,,,,,,,,,,Together Women's Health,,,,,,,,independence_unresolved,affiliation_location_mismatch,,,,,
1245230515,Dr. Brian Haley,Non-PE,universe,pair_9,Miami,FL,location_resolved,phone,8921091786,VITALMD GROUP HOLDING LLC,430,152,283,375,117,430,22,0.6581,Femwell Group Health,Femwell Group Health,,,,,430,VITALMD GROUP HOLDING LLC,FALSE,not_independent_supported,"sampled organisation contains clinicians from PE platform ""Femwell Group Health"" on the study roster",,,,,
1245236058,"Mark Ohm, MD",PE,roster_only,,,MI,affiliation_location_mismatch,,,,,,,,,,,,,Together Women's Health,,,,,,,,independence_unresolved,affiliation_location_mismatch,,,,,
1245270859,"Robert Katz, MD, FACOG",PE,roster_only,,,CA,affiliation_location_mismatch,,,,,,,,,,,,,Women's Care Enterprises,,,,,,,,independence_unresolved,affiliation_location_mismatch,,,,,
1245327782,"M. Susan Scanlon, MD, MSCP, FACOG",PE,roster_only,,,IL,affiliation_location_mismatch,,,,,,,,,,,,,Together Women's Health,,,,,,,,independence_unresolved,affiliation_location_mismatch,,,,,
1245332972,Dr. Laura Laffineuse,PE,roster_only,,,FL,no_dac_affiliation,,,,,,,,,,,,,,,,,,,,,independence_unresolved,no_dac_affiliation,,,,,
1245335652,"Zalman Levine, MD",PE,roster_only,,,NJ,no_dac_affiliation,,,,,,,,,,,,,,,,,,,,,independence_unresolved,no_dac_affiliation,,,,,
1245353408,Dr. Dana Schey,PE,universe,pair_398,Miami,FL,location_resolved,city_state,8921091786,VITALMD GROUP HOLDING LLC,430,152,283,375,117,430,22,0.6581,Femwell Group Health,Femwell Group Health,,,,,,,,not_independent_supported,"sampled organisation contains clinicians from PE platform ""Femwell Group Health"" on the study roster",,,,,
1245474204,Dr. Matthew Grolle,PE,universe,pair_326,Las Vegas,NV,location_resolved,phone,4082845664,"WOMEN'S HEALTH ASSOCIATES OF SOUTHERN NEVADA- MARTIN, PLLC",83,17,42,9,17,83,4,0.506,Unified Women's Healthcare,Unified Women's Healthcare,,,,,,,,not_independent_supported,"sampled organisation contains clinicians from PE platform ""Unified Women's Healthcare"" on the study roster",,,,,
1245478916,Dr. Alvin Martinez,PE,fielded,pair_120,Pembroke Pines,FL,no_dac_affiliation,,,,,,,,,,,,,,,8921091786,466,VITALMD GROUP HOLDING LLC,,,,independence_unresolved,no_dac_affiliation,,,,,
1245505684,Dr. Latasha Murphy,Non-PE,fielded,pair_361,Towson,MD,location_resolved,phone,7719882943,ST PAUL PLACE SPECIALISTS INC,270,49,29,3,13,270,32,0.1074,,,Hospital,3678472214|7719882943,424,"ST PAUL PLACE SPECIALISTS, INC.|UNIVERSITY OF MARYLAND COMMUNITY MEDICAL GROUP INC",270,ST PAUL PLACE SPECIALISTS INC,FALSE,independence_unresolved,"large organisation, name uninformative; needs external adjudication",,,,,
1245539600,"Jennifer Tinder, MD",PE,roster_only,,,NJ,affiliation_location_mismatch,,,,,,,,,,,,,Axia Women's Health,,,,,,,,independence_unresolved,affiliation_location_mismatch,,,,,
1245611839,Dr. Morgan Booher,Non-PE,universe,pair_241,Philadelphia,PA,location_resolved,phone,2769395896,EINSTEIN PRACTICE PLAN INC,592,72,26,9,83,592,46,0.0439,,,,,,,592,EINSTEIN PRACTICE PLAN INC,FALSE,not_independent_supported,organisation name carries a hospital/system/academic/government token,,,,,
1245654680,"Jessica Selter, M.D.",PE,roster_only,,,MD,no_dac_affiliation,,,,,,,,,,,,,,,,,,,,,independence_unresolved,no_dac_affiliation,,,,,
1245735042,Dr. Leah Bell,Non-PE,universe,pair_125,Miami,FL,location_resolved,phone,8921091786,VITALMD GROUP HOLDING LLC,430,152,283,375,117,430,22,0.6581,Femwell Group Health,Femwell Group Health,,,,,430,VITALMD GROUP HOLDING LLC,FALSE,not_independent_supported,"sampled organisation contains clinicians from PE platform ""Femwell Group Health"" on the study roster",,,,,
1245735521,Simone Elder,PE,roster_only,,,CO,no_dac_affiliation,,,,,,,,,,,,,,,,,,,,,independence_unresolved,no_dac_affiliation,,,,,
1245790799,"Jesse Clayton, MD",PE,roster_only,,,NJ,affiliation_location_mismatch,,,,,,,,,,,,,Axia Women's Health,,,,,,,,independence_unresolved,affiliation_location_mismatch,,,,,
1245817865,Dr. Audra Hugo,PE,universe,pair_238,Abington,PA,no_dac_affiliation,,,,,,,,,,,,,,,,,,,,,independence_unresolved,no_dac_affiliation,,,,,
1255330817,Dr. Jaime Nahmias,Non-PE,universe,pair_366,Miami,FL,location_resolved,phone,5395807218,FLORIDA WOMAN CARE LLC,510,87,337,1,214,510,8,0.6608,Women's Care Enterprises,Women's Care Enterprises,,,,,510,FLORIDA WOMAN CARE LLC,FALSE,not_independent_supported,"sampled organisation contains clinicians from PE platform ""Women's Care Enterprises"" on the study roster",,,,,
1255382537,Dr. Violetta Lyra,Non-PE,universe,pair_398,Miami,FL,no_organisation_on_sampled_row,phone,,,,,,,,,,,,,,,,,NA,,NA,independence_unresolved,no_organisation_on_sampled_row,,,,,
1255418786,Dr. Lydia Valderrama Kunion,Non-PE,universe,pair_47,Plantation,FL,location_resolved,phone,5395807218,FLORIDA WOMAN CARE LLC,510,87,337,2,214,510,8,0.6608,Women's Care Enterprises,Women's Care Enterprises,,,,,510,FLORIDA WOMAN CARE LLC,FALSE,not_independent_supported,"sampled organisation contains clinicians from PE platform ""Women's Care Enterprises"" on the study roster",,,,,
1255430914,"Steven Dukes, MD",PE,roster_only,,,FL,affiliation_location_mismatch,,,,,,,,,,,,,Women's Care Enterprises,,,,,,,,independence_unresolved,affiliation_location_mismatch,,,,,
1255474359,Dr. Sunwook Kim-Ashchi,Non-PE,universe,pair_111,Jacksonville,FL,location_resolved,phone,8820003411,"MEMORIAL FAMILY PRACTICE ASSOCIATES, LLC",49,5,5,2,22,49,,,,,,,,,49,"MEMORIAL FAMILY PRACTICE ASSOCIATES, LLC",FALSE,not_independent_supported,organisation name carries a hospital/system/academic/government token,,,,,
1255533477,Dr. Luis Roca,PE,universe,pair_108,Miami,FL,location_resolved,city_state,8921091786,VITALMD GROUP HOLDING LLC,430,152,283,375,117,430,22,0.6581,Femwell Group Health,Femwell Group Health,,,,,,,,not_independent_supported,"sampled organisation contains clinicians from PE platform ""Femwell Group Health"" on the study roster",,,,,
1255583829,Kathleen H. Hong,PE,roster_only,,,NJ,no_dac_affiliation,,,,,,,,,,,,,,,,,,,,,independence_unresolved,no_dac_affiliation,,,,,
1255594255,"Kathryn C. Humm, M.D.",PE,roster_only,,,MD,no_dac_affiliation,,,,,,,,,,,,,,,,,,,,,independence_unresolved,no_dac_affiliation,,,,,
1255625091,Dr. Thomas Toussaint,PE,roster_only,,,FL,affiliation_location_mismatch,,,,,,,,,,,,,Femwell Group Health,,,,,,,,independence_unresolved,affiliation_location_mismatch,,,,,
1255631313,Dr. Kevin Hsiung,Non-PE,universe,pair_328,Las Vegas,NV,location_resolved,phone,2163415910,IRIYE MEDICAL GROUP PLLC,39,10,24,35,6,39,4,0.6154,,,,,,,39,IRIYE MEDICAL GROUP PLLC,FALSE,independence_unresolved,no affirmative evidence either way,,,,,
1255654257,"Angela S. Collier, MD",PE,roster_only,,,FL,affiliation_location_mismatch,,,,,,,,,,,,,Women's Care Enterprises,,,,,,,,independence_unresolved,affiliation_location_mismatch,,,,,
1255657318,Dr. Lora Waldman,Non-PE,universe,pair_260,Bryn Mawr,PA,location_resolved,phone,2961316328,REGIONAL WOMENS HEALTH GROUP LLC,334,85,227,24,110,334,8,0.6796,Axia Women's Health,Axia Women's Health,,,,,334,REGIONAL WOMENS HEALTH GROUP LLC,FALSE,not_independent_supported,"sampled organisation contains clinicians from PE platform ""Axia Women's Health"" on the study roster",,,,,
1255697900,"Sarah Borders, MD",PE,roster_only,,,NJ,affiliation_location_mismatch,,,,,,,,,,,,,Axia Women's Health,,,,,,,,independence_unresolved,affiliation_location_mismatch,,,,,
1255837399,Dr. Kortnie Pryor,Non-PE,universe,pair_392,Coral Springs,FL,location_resolved,phone,2264752443,INSTITUTE FOR WOMEN'S HEALTH AND BODY LLC,43,7,27,1,34,43,5,0.6279,,,,,,,43,INSTITUTE FOR WOMEN'S HEALTH AND BODY LLC,FALSE,independence_unresolved,no affirmative evidence either way,,,,,
1255913141,Dr. Brianna Dickson,PE,fielded+universe,pair_371,Minneapolis,MN,no_dac_affiliation,,,,,,,,,,,,,,Hospital,,,,,,,independence_unresolved,no_dac_affiliation,,,,,
1265011761,Dr. Alice Cai,PE,fielded+universe,pair_261,West Chester,PA,no_dac_affiliation,,,,,,,,,,,,,,Hospital,,,,,,,independence_unresolved,no_dac_affiliation,,,,,
1265091144,Dr. Rachel Draper,Non-PE,universe,pair_430,Worcester,MA,location_resolved,phone,5597755322,RELIANT MEDICAL GROUP INC,544,104,11,158,22,544,47,0.0202,,,,,,,544,RELIANT MEDICAL GROUP INC,FALSE,independence_unresolved,"large organisation, name uninformative; needs external adjudication",,,,,
1265400675,Dr. Kenneth Strubbe,Non-PE,universe,pair_122,Hialeah,FL,no_organisation_on_sampled_row,phone,,,,,,,,,,,,,,,,,NA,,NA,independence_unresolved,no_organisation_on_sampled_row,,,,,
1265402051,Dr. Manuel Fernandez,PE,universe,pair_380,Miami,FL,location_resolved,city_state,1759565047,"CANO HEALTH, LLC",225,36,0,2,79,225,,,Femwell Group Health,Femwell Group Health,,,,,,,,not_independent_supported,"sampled organisation contains clinicians from PE platform ""Femwell Group Health"" on the study roster",,,,,
1265403737,"Ryan Colella, MD",PE,roster_only,,,NJ,affiliation_location_mismatch,,,,,,,,,,,,,Axia Women's Health,,,,,,,,independence_unresolved,affiliation_location_mismatch,,,,,
1265432397,Dr. Soheyla Pezeshki,PE,fielded+universe,pair_300,Novi,MI,location_resolved,phone,0345626073,UWH OF MICHIGAN PLC,39,8,31,6,5,39,2,0.7949,Unified Women's Healthcare,Unified Women's Healthcare,Hospital,8527029057,6,"METRO PARTNERS IN WOMENS HEALTH, PC",,,,not_independent_supported,"sampled organisation contains clinicians from PE platform ""Unified Women's Healthcare"" on the study roster",,,,,
1265432785,Dr. Bruce Zafran,Non-PE,fielded,pair_450,Coral Springs,FL,location_resolved,phone,2264752443,INSTITUTE FOR WOMEN'S HEALTH AND BODY LLC,43,7,27,9,34,43,5,0.6279,,,Hospital,2264752443|5698738136,34,INSTITUTE FOR WOMEN'S HEALTH AND BODY LLC|ROYAL PALM OB GYN PA,43,INSTITUTE FOR WOMEN'S HEALTH AND BODY LLC,FALSE,independence_unresolved,no affirmative evidence either way,,,,,
1265438238,Dr. Laura Erdman,PE,universe,pair_313,Baltimore,MD,location_resolved,phone,4880582741,CAPITAL WOMENS CARE LLC,252,47,182,4,64,252,7,0.7222,Advantia Health,Advantia Health,,,,,,,,not_independent_supported,"sampled organisation contains clinicians from PE platform ""Advantia Health"" on the study roster",,,,,
1265441794,Brooke Rossi,PE,roster_only,,,OH,no_dac_affiliation,,,,,,,,,,,,,,,,,,,,,independence_unresolved,no_dac_affiliation,,,,,
1265530679,Dr. Audrey Buxbaum,PE,fielded,pair_382,New York,NY,location_resolved,phone,4981752342,DOWNTOWN WOMEN OB GYN ASSOCIATES LLP,6,2,6,6,1,6,1,1.0,Unified Women's Healthcare,Unified Women's Healthcare,Hospital,4981752342,6,DOWNTOWN WOMEN OB GYN ASSOCIATES LLP,,,,not_independent_supported,"sampled organisation contains clinicians from PE platform ""Unified Women's Healthcare"" on the study roster",,,,,
1265544514,"Amy Lysy, MD, MAS",PE,roster_only,,,FL,affiliation_location_mismatch,,,,,,,,,,,,,Women's Care Enterprises,,,,,,,,independence_unresolved,affiliation_location_mismatch,,,,,
1265624050,Dr. Lisa Helmick,Non-PE,universe,pair_46,Bloomfield Hills,MI,location_resolved,phone,5092787051,ASSOCIATED OBSTETRICS AND GYNECOLOGY PC,4,0,4,4,2,4,,,,,,,,,4,ASSOCIATED OBSTETRICS AND GYNECOLOGY PC,TRUE,independence_unresolved,no affirmative evidence either way,,,,,
1265632814,"Reda Alami, MD",PE,roster_only,,,FL,affiliation_location_mismatch,,,,,,,,,,,,,Women's Care Enterprises,,,,,,,,independence_unresolved,affiliation_location_mismatch,,,,,
1265642581,Dr. Fanny Gonzalez,PE,universe,pair_82,Miami Lakes,FL,no_dac_affiliation,,,,,,,,,,,,,,,,,,,,,independence_unresolved,no_dac_affiliation,,,,,
1265654735,Dr. Phyllis Chang,Non-PE,universe,pair_294,Glen Ellyn,IL,location_resolved,phone,5496667941,DUPAGE MEDICAL GROUP LTD,1196,264,54,522,118,1196,53,0.0452,,,,,,,1196,DUPAGE MEDICAL GROUP LTD,FALSE,independence_unresolved,"large organisation, name uninformative; needs external adjudication",,,,,
1265666739,"Fabienne Achille, M.D.",PE,roster_only,,,FL,affiliation_location_mismatch,,,,,,,,,,,,,Femwell Group Health,,,,,,,,independence_unresolved,affiliation_location_mismatch,,,,,
1265721906,Dr. Joy Hasseler,Non-PE,universe,pair_318,Maple Grove,MN,location_resolved,phone,1052225042,INFINITE HEALTH COLLABORATIVE PA,776,59,44,9,76,776,26,0.0567,,,,,,,776,INFINITE HEALTH COLLABORATIVE PA,FALSE,independence_unresolved,"large organisation, name uninformative; needs external adjudication",,,,,
1265745327,Dr. Elizabeth England,Non-PE,fielded,pair_390,Asheville,NC,location_resolved,phone,0143206599,MOUNTAIN AREA HEALTH EDUCATION CENTER INC,127,13,22,76,12,127,11,0.1732,,,Hospital,143206599|2264343979|5395050827|749326106|9537468574|9638253297,979,ANGEL MEDICAL CENTER INC|APPALACHIAN MOUNTAIN COMMUNITY HEALTH CENTERS|MISSION COMMUNITY ANESTHESIOL,127,MOUNTAIN AREA HEALTH EDUCATION CENTER INC,FALSE,independence_unresolved,"large organisation, name uninformative; needs external adjudication",,,,,
1265842090,Dr. Mais Arwani,PE,fielded+universe,pair_393,Commerce Twp,MI,no_dac_affiliation,,,,,,,,,,,,,,Hospital,2769395896,828,EINSTEIN PRACTICE PLAN INC,,,,independence_unresolved,no_dac_affiliation,,,,,
1265851612,"Elaine Brantley, DO",PE,roster_only,,,FL,affiliation_location_mismatch,,,,,,,,,,,,,Women's Care Enterprises,,,,,,,,independence_unresolved,affiliation_location_mismatch,,,,,
1265895031,Dr. Julianna Friesen,Non-PE,universe,pair_194,Grand Blanc,MI,location_resolved,phone,4284641713,"WOMENS SPECIALTY ASSOCIATES, P.C.",3,0,3,3,1,3,,,,,,,,,3,"WOMENS SPECIALTY ASSOCIATES, P.C.",TRUE,independence_unresolved,no affirmative evidence either way,,,,,
1265925499,Dr. Yamen Hafed,PE,universe,pair_362,Miami,FL,location_resolved,phone,7113114794,"JAIME ALVAREZ, M.D., P.A.",2,0,0,2,1,2,,,Femwell Group Health,Femwell Group Health,,,,,,,,not_independent_supported,"sampled organisation contains clinicians from PE platform ""Femwell Group Health"" on the study roster",,,,,
1265963615,Dr. Mary Lynch,Non-PE,fielded+universe,pair_307,Philadelphia,PA,location_resolved,phone,2769395896,EINSTEIN PRACTICE PLAN INC,592,72,26,66,83,592,46,0.0439,,,Hospital,,,,592,EINSTEIN PRACTICE PLAN INC,FALSE,not_independent_supported,organisation name carries a hospital/system/academic/government token,,,,,
1275066292,"Abigail Gurall, MD, FACOG",PE,roster_only,,,CT,affiliation_location_mismatch,,,,,,,,,,,,,Unified Women's Healthcare,,,,,,,,independence_unresolved,affiliation_location_mismatch,,,,,
1275500779,Dr. Katherine Barrett,PE,fielded+universe,pair_389,Cary,NC,location_resolved,phone,0042448169,UWH OF THE CAROLINAS PLLC,294,40,208,5,66,294,8,0.7075,Unified Women's Healthcare,Unified Women's Healthcare,Hospital,3577721034|42448169,301,OBHG NORTH CAROLINA PC|UWH OF NORTH CAROLINA LLP,,,,not_independent_supported,"sampled organisation contains clinicians from PE platform ""Unified Women's Healthcare"" on the study roster",,,,,
1275522377,"Randall C. Kahan, MD",PE,roster_only,,,IL,affiliation_location_mismatch,,,,,,,,,,,,,Nova Women's Health Partners,,,,,,,,independence_unresolved,affiliation_location_mismatch,,,,,
1275529026,Dr. Carolina Escobio,PE,roster_only,,,FL,no_dac_affiliation,,,,,,,,,,,,,,,,,,,,,independence_unresolved,no_dac_affiliation,,,,,
1275543720,Dr. Sandra Neal,Non-PE,fielded+universe,pair_300,Livonia,MI,no_organisation_on_sampled_row,phone,,,,,,,,,,,,,Hospital,8325205297,2,M H NEAL MD PC,NA,,NA,independence_unresolved,no_organisation_on_sampled_row,,,,,
1275618985,Dr. Scott Multack,Non-PE,fielded+universe,pair_351,Bloomingdale,IL,location_resolved,phone,0244135762,ADVENTIST HEALTH PARTNERS INC,210,52,12,201,35,210,27,0.0571,,,Hospital,244135762,203,ADVENTIST HEALTH PARTNERS INC,210,ADVENTIST HEALTH PARTNERS INC,FALSE,independence_unresolved,"large organisation, name uninformative; needs external adjudication",,,,,
1275620700,Dr. Kathryn Ray,PE,fielded+universe,pair_346,Arlington Heights,IL,location_resolved,city_state,7012818354,"MIDWEST CENTER FOR WOMEN'S HEALTHCARE, LTD",67,21,60,4,22,67,3,0.8955,Together Women's Health,Together Women's Health,Hospital,7012818354,45,"MIDWEST CENTER FOR WOMEN'S HEALTHCARE, LTD",,,,not_independent_supported,"sampled organisation contains clinicians from PE platform ""Together Women's Health"" on the study roster",,,,,
1275641003,Dr. Robin Whatley,PE,fielded,pair_317,Bolingbrook,IL,no_dac_affiliation,,,,,,,,,,,,,,,7810179702,74,OBHG ILLINOIS SC,,,,independence_unresolved,no_dac_affiliation,,,,,
1275657611,Dr. William Hudson,Non-PE,universe,pair_281,Birmingham,AL,no_organisation_on_sampled_row,phone,,,,,,,,,,,,,,,,,NA,,NA,independence_unresolved,no_organisation_on_sampled_row,,,,,
1275709206,"Tara Winkelmann, MD",PE,roster_only,,,TX,no_dac_affiliation,,,,,,,,,,,,,,,,,,,,,independence_unresolved,no_dac_affiliation,,,,,
1275736092,Dr. Christi Kidd,PE,fielded,pair_398,Mckinney,TX,location_resolved,phone,4385944230,UNIFIED WOMENS HEALTHCARE OF TEXAS PLLC,154,18,121,15,57,154,5,0.7857,Unified Women's Healthcare,Unified Women's Healthcare,Hospital,2163464942,9,"NORTH CENTRAL WOMEN'S HEALTH PARTNERS II, LP",,,,not_independent_supported,"sampled organisation contains clinicians from PE platform ""Unified Women's Healthcare"" on the study roster",,,,,
1275783300,Dr. Meredith Martin Johnston,Non-PE,fielded,pair_236,Hoffman Estates,IL,location_resolved,phone,7517863178,BONAVENTURE MEDICAL FOUNDATION LLC,153,26,22,2,37,153,26,0.1438,Nova Women's Health Partners,Nova Women's Health Partners,Hospital,244135762|7416860440,897,ADVENTIST HEALTH PARTNERS INC|MERCY HEALTH SYSTEM CORPORATION,153,BONAVENTURE MEDICAL FOUNDATION LLC,FALSE,not_independent_supported,"sampled organisation contains clinicians from PE platform ""Nova Women's Health Partners"" on the study roster",,,,,
1275823312,"Samuel New, MD, FACOG",PE,roster_only,,,FL,affiliation_location_mismatch,,,,,,,,,,,,,Women's Care Enterprises,,,,,,,,independence_unresolved,affiliation_location_mismatch,,,,,
1275850414,"Chantel Cross, MD",PE,roster_only,,,VA,affiliation_location_mismatch,,,,,,,,,,,,,CCRM Fertility,,,,,,,,independence_unresolved,affiliation_location_mismatch,,,,,
1275896581,Dr. Magda Mckearin,Non-PE,universe,pair_110,Miami Beach,FL,location_resolved,phone,9436336120,PHYSICIAN PRACTICES OF MSMC LLC,130,15,9,5,33,130,,,,,,,,,130,PHYSICIAN PRACTICES OF MSMC LLC,FALSE,independence_unresolved,"large organisation, name uninformative; needs external adjudication",,,,,
1275973133,Dr. Monica Fortson,PE,universe,pair_297,Columbus,GA,location_resolved,city_state,9931291226,"SERENA D. TIDWELL, M.D., P.C.",6,0,4,3,3,6,3,0.6667,Nova Women's Health Partners,Nova Women's Health Partners,,,,,,,,not_independent_supported,"sampled organisation contains clinicians from PE platform ""Nova Women's Health Partners"" on the study roster",,,,,
1275976250,"Nathan Watters, MD, FACOG",PE,roster_only,,,NJ,affiliation_location_mismatch,,,,,,,,,,,,,Axia Women's Health,,,,,,,,independence_unresolved,affiliation_location_mismatch,,,,,
1285620062,Dr. Gregory Morrow,Non-PE,universe,pair_396,Miami,FL,location_resolved,phone,8921091786,VITALMD GROUP HOLDING LLC,430,152,283,375,117,430,22,0.6581,Femwell Group Health,Femwell Group Health,,,,,430,VITALMD GROUP HOLDING LLC,FALSE,not_independent_supported,"sampled organisation contains clinicians from PE platform ""Femwell Group Health"" on the study roster",,,,,
1285627570,Dr. Wendy Sapolsky,PE,roster_only,,,FL,no_dac_affiliation,,,,,,,,,,,,,,,,,,,,,independence_unresolved,no_dac_affiliation,,,,,
1285630665,Dr. Alice Roberts,PE,universe,pair_249,Abington,PA,location_resolved,city_state,2961316328,REGIONAL WOMENS HEALTH GROUP LLC,334,85,227,10,110,334,8,0.6796,Axia Women's Health,Axia Women's Health,,,,,,,,not_independent_supported,"sampled organisation contains clinicians from PE platform ""Axia Women's Health"" on the study roster",,,,,
1285637355,Dr. Lisa Miller,PE,universe,pair_84,Miami,FL,no_dac_affiliation,,,,,,,,,,,,,,,,,,,,,independence_unresolved,no_dac_affiliation,,,,,
1285640425,Dr. Janice Johnson,Non-PE,universe,pair_301,Skokie,IL,no_organisation_on_sampled_row,phone,,,,,,,,,,,,,,,,,NA,,NA,independence_unresolved,no_organisation_on_sampled_row,,,,,
1285664136,Dr. Samuel Abramovitz,PE,universe,pair_95,Miami,FL,location_resolved,city_state,8921091786,VITALMD GROUP HOLDING LLC,430,152,283,375,117,430,22,0.6581,Femwell Group Health,Femwell Group Health,,,,,,,,not_independent_supported,"sampled organisation contains clinicians from PE platform ""Femwell Group Health"" on the study roster",,,,,
1285669036,"Robert Rubino, MD, FACOG",PE,roster_only,,,NJ,affiliation_location_mismatch,,,,,,,,,,,,,Axia Women's Health,,,,,,,,independence_unresolved,affiliation_location_mismatch,,,,,
1285671768,Dr. Larry Spiegelman,PE,universe,pair_137,Miami,FL,location_resolved,phone,8921091786,VITALMD GROUP HOLDING LLC,430,152,283,7,117,430,22,0.6581,Femwell Group Health,Femwell Group Health,,,,,,,,not_independent_supported,"sampled organisation contains clinicians from PE platform ""Femwell Group Health"" on the study roster",,,,,
1285716829,Dr. Elizabeth Ramirez,Non-PE,fielded+universe,pair_494,Jersey City,NJ,no_organisation_on_sampled_row,phone,,,,,,,,,,,,,Hospital,5799910741,3,JERSEY WOMENS CARE CENTER INC,NA,,NA,independence_unresolved,no_organisation_on_sampled_row,,,,,
1285773887,"Qi Zhang, MD, FACOG",PE,roster_only,,,AZ,affiliation_location_mismatch,,,,,,,,,,,,,Unified Women's Healthcare / Genesis OBGYN,,,,,,,,independence_unresolved,affiliation_location_mismatch,,,,,
1285811232,Dr. Ninoutchka Dejean,Non-PE,universe,pair_79,Miami,FL,location_resolved,phone,5395807218,FLORIDA WOMAN CARE LLC,510,87,337,2,214,510,8,0.6608,Women's Care Enterprises,Women's Care Enterprises,,,,,510,FLORIDA WOMAN CARE LLC,FALSE,not_independent_supported,"sampled organisation contains clinicians from PE platform ""Women's Care Enterprises"" on the study roster",,,,,
1285828533,Dr. Olga Echeverria,PE,universe,pair_127,Weston,FL,no_dac_affiliation,,,,,,,,,,,,,,,,,,,,,independence_unresolved,no_dac_affiliation,,,,,
1285858761,Dr. Rayza Cordero,PE,roster_only,,,FL,no_dac_affiliation,,,,,,,,,,,,,,,,,,,,,independence_unresolved,no_dac_affiliation,,,,,
1285944462,Dr. Lina Fouad,PE,roster_only,,,FL,no_dac_affiliation,,,,,,,,,,,,,,,,,,,,,independence_unresolved,no_dac_affiliation,,,,,
1285991679,"Amanda Adeleye, MD",PE,roster_only,,,IL,affiliation_location_mismatch,,,,,,,,,,,,,CCRM Fertility,,,,,,,,independence_unresolved,affiliation_location_mismatch,,,,,
1295018133,Dr. Rebecca Metz,Non-PE,fielded+universe,pair_500,Mountainside,NJ,no_organisation_on_sampled_row,phone,,,,,,,,,,,,,Hospital,1456332170|5890703177,1061,"LIFELINE MEDICAL ASSOCIATES, LLC|PRACTICE ASSOCIATES MEDICAL GROUP",1109,PRACTICE ASSOCIATES MEDICAL GROUP,FALSE,independence_unresolved,no_organisation_on_sampled_row,,,,,
1295021749,"Jennifer Conway, M.D.",PE,roster_only,,,NC,affiliation_location_mismatch,,,,,,,,,,,,,Unified Women's Healthcare,,,,,,,,independence_unresolved,affiliation_location_mismatch,,,,,
1295116309,Dr. Kristin Kean,Non-PE,fielded+universe,pair_287,Willow Grove,PA,location_resolved,phone,0042109902,HR PHYSICIAN SERVICES,140,29,26,16,31,140,21,0.1857,,,Hospital,,,,140,HR PHYSICIAN SERVICES,FALSE,independence_unresolved,"large organisation, name uninformative; needs external adjudication",,,,,
1295120699,"Daniel DiSabatino, DO",PE,roster_only,,,NJ,affiliation_location_mismatch,,,,,,,,,,,,,Axia Women's Health,,,,,,,,independence_unresolved,affiliation_location_mismatch,,,,,
1295316289,"Alina Zabolotico, DO",PE,roster_only,,,FL,no_dac_affiliation,,,,,,,,,,,,,,,,,,,,,independence_unresolved,no_dac_affiliation,,,,,
1295704708,Dr. Nicola London,Non-PE,universe,pair_309,Bel Air,MD,location_resolved,phone,0547413825,MEDSTAR MEDICAL GROUP II LLC,1769,191,58,49,105,1769,,,,,,,,,1769,MEDSTAR MEDICAL GROUP II LLC,FALSE,independence_unresolved,"large organisation, name uninformative; needs external adjudication",,,,,
1295705168,Dr. Lisa Gilbertahee,Non-PE,fielded,pair_363,Warren,MI,location_resolved,phone,0648180406,ASCENSION MEDICAL GROUP MICHIGAN,102,33,15,3,50,102,15,0.1471,,,Hospital,648180406|7315859725,233,ASCENSION MACOMB OAKLAND HOSPITAL|ASCENSION MEDICAL GROUP MICHIGAN,102,ASCENSION MEDICAL GROUP MICHIGAN,FALSE,not_independent_supported,organisation name carries a hospital/system/academic/government token,,,,,
1295716611,Dr. Jennifer Akins,Non-PE,universe,pair_233,West Chester,PA,location_resolved,phone,2961316328,REGIONAL WOMENS HEALTH GROUP LLC,334,85,227,10,110,334,8,0.6796,Axia Women's Health,Axia Women's Health,,,,,334,REGIONAL WOMENS HEALTH GROUP LLC,FALSE,not_independent_supported,"sampled organisation contains clinicians from PE platform ""Axia Women's Health"" on the study roster",,,,,
1295729754,Dr. Norman Ruiz-Castaneda,PE,universe,pair_401,South Miami,FL,no_dac_affiliation,,,,,,,,,,,,,,,,,,,,,independence_unresolved,no_dac_affiliation,,,,,
1295735934,Dr. Charles Touey,PE,fielded+universe,pair_311,Paoli,PA,location_resolved,city_state,2961316328,REGIONAL WOMENS HEALTH GROUP LLC,334,85,227,11,110,334,8,0.6796,Axia Women's Health,Axia Women's Health,Hospital,2961316328|4082679519|5395804827,298,"COMMUNITY HEALTH AND DENTAL CARE, INC|REGIONAL WOMENS HEALTH GROUP LLC|WOMENS HEALTH CARE GROUP OF P",,,,not_independent_supported,"sampled organisation contains clinicians from PE platform ""Axia Women's Health"" on the study roster",,,,,
1295736221,"Alvin M. Schoenberger, MD",PE,roster_only,,,MI,affiliation_location_mismatch,,,,,,,,,,,,,Unified Women's Healthcare,,,,,,,,independence_unresolved,affiliation_location_mismatch,,,,,
1295739175,Dr. Robert Jason,Non-PE,universe,pair_336,New Hyde Park,NY,no_organisation_on_sampled_row,phone,,,,,,,,,,,,,,,,,NA,,NA,independence_unresolved,no_organisation_on_sampled_row,,,,,
1295745925,"Eric Surrey, MD",PE,roster_only,,,CO,no_dac_affiliation,,,,,,,,,,,,,,,,,,,,,independence_unresolved,no_dac_affiliation,,,,,
1295751857,Dr. Trudi Fahey,PE,universe,pair_79,Miami,FL,location_resolved,city_state,8921091786,VITALMD GROUP HOLDING LLC,430,152,283,375,117,430,22,0.6581,Femwell Group Health,Femwell Group Health,,,,,,,,not_independent_supported,"sampled organisation contains clinicians from PE platform ""Femwell Group Health"" on the study roster",,,,,
1295758613,Dr. Yvonne Prioleau,Non-PE,universe,pair_237,Philadelphia,PA,no_organisation_on_sampled_row,phone,,,,,,,,,,,,,,,,,NA,,NA,independence_unresolved,no_organisation_on_sampled_row,,,,,
1295769511,Dr. Mara Thur,PE,universe,pair_267,Abington,PA,location_resolved,city_state,2961316328,REGIONAL WOMENS HEALTH GROUP LLC,334,85,227,10,110,334,8,0.6796,Axia Women's Health,Axia Women's Health,,,,,,,,not_independent_supported,"sampled organisation contains clinicians from PE platform ""Axia Women's Health"" on the study roster",,,,,
1295771970,Dr. Peter Davidow,PE,universe,pair_417,Worcester,MA,location_resolved,phone,3274430665,"PHYSICIANS FOR WOMEN'S HEALTH, LLC",278,45,201,20,78,278,7,0.723,Unified Women's Healthcare,Unified Women's Healthcare,,,,,,,,not_independent_supported,"sampled organisation contains clinicians from PE platform ""Unified Women's Healthcare"" on the study roster",,,,,
1295831220,Dr. Ayleen Pinera-Llano,PE,universe,pair_29,Miami,FL,no_dac_affiliation,,,,,,,,,,,,,,,,,,,,,independence_unresolved,no_dac_affiliation,,,,,
1295836641,Dr. Delisa Skeete-Henry,Non-PE,universe,pair_89,Miami,FL,location_resolved,phone,8921091786,VITALMD GROUP HOLDING LLC,430,152,283,375,117,430,22,0.6581,Femwell Group Health,Femwell Group Health,,,,,430,VITALMD GROUP HOLDING LLC,FALSE,not_independent_supported,"sampled organisation contains clinicians from PE platform ""Femwell Group Health"" on the study roster",,,,,
1295868883,Dr. John Visintine,Non-PE,fielded,pair_400,Corpus Christi,TX,location_resolved,phone,3678478872,CHILDREN'S PHYSICIAN SERVICES OF SOUTH TEXAS,38,11,7,38,7,38,18,0.1842,,,,3375501802|3678478872,189,CHILDREN'S PHYSICIAN SERVICES OF SOUTH TEXAS|DRISCOLL MATERNAL & FETAL PHYSICIANS GROUP,38,CHILDREN'S PHYSICIAN SERVICES OF SOUTH TEXAS,FALSE,independence_unresolved,no affirmative evidence either way,,,,,
1295933117,Dr. Camil Marrero,PE,universe,pair_63,Miami,FL,location_resolved,city_state,8921091786,VITALMD GROUP HOLDING LLC,430,152,283,375,117,430,22,0.6581,Femwell Group Health,Femwell Group Health,,,,,,,,not_independent_supported,"sampled organisation contains clinicians from PE platform ""Femwell Group Health"" on the study roster",,,,,
1295938090,Dr. Carmen Selman,Non-PE,fielded+universe,pair_394,Pembroke Pines,FL,location_resolved,phone,8921091786,VITALMD GROUP HOLDING LLC,430,152,283,5,117,430,22,0.6581,Femwell Group Health,Femwell Group Health,Hospital,8921091786,466,VITALMD GROUP HOLDING LLC,430,VITALMD GROUP HOLDING LLC,FALSE,not_independent_supported,"sampled organisation contains clinicians from PE platform ""Femwell Group Health"" on the study roster",,,,,
1295938751,"David Afram, MD",PE,roster_only,,,VA,affiliation_location_mismatch,,,,,,,,,,,,,Advantia Health,,,,,,,,independence_unresolved,affiliation_location_mismatch,,,,,
1295939148,"Melanie Ochalski, M.D.",PE,roster_only,,,PA,affiliation_location_mismatch,,,,,,,,,,,,,US Fertility,,,,,,,,independence_unresolved,affiliation_location_mismatch,,,,,
1306005145,Dr. Fahimeh Sasan,PE,fielded,pair_184,New York,NY,no_dac_affiliation,,,,,,,,,,,,,,,2264691070,2389,ICAHN SCHOOL OF MEDICINE AT MOUNT SINAI,,,,independence_unresolved,no_dac_affiliation,,,,,
1306007463,Dr. Rafael Arcone,Non-PE,universe,pair_85,Miami,FL,location_resolved,phone,5395807218,FLORIDA WOMAN CARE LLC,510,87,337,8,214,510,8,0.6608,Women's Care Enterprises,Women's Care Enterprises,,,,,510,FLORIDA WOMAN CARE LLC,FALSE,not_independent_supported,"sampled organisation contains clinicians from PE platform ""Women's Care Enterprises"" on the study roster",,,,,
1306046362,"Jaime Knopman, MD",PE,roster_only,,,NY,no_dac_affiliation,,,,,,,,,,,,,,,,,,,,,independence_unresolved,no_dac_affiliation,,,,,
1306073127,Dr. Lethenia Baker,Non-PE,fielded,pair_177,Kennesaw,GA,location_resolved,phone,6709065402,"WELLSTAR MEDICAL GROUP, LLC",1818,235,57,1599,182,1818,59,0.0314,,,Hospital,3072679307|6709065402,1530,"UPSON WOMENS SERVICES LLC|WELLSTAR MEDICAL GROUP, LLC",1818,"WELLSTAR MEDICAL GROUP, LLC",FALSE,not_independent_supported,organisation name carries a hospital/system/academic/government token,,,,,
1306108980,Dr. Anita Bernhard,Non-PE,universe,pair_276,Phoenix,AZ,location_resolved,phone,4284724279,GENESIS OB GYN PLLC,60,12,39,12,13,60,3,0.65,Unified Women's Healthcare,Unified Women's Healthcare,,,,,60,GENESIS OB GYN PLLC,FALSE,not_independent_supported,"sampled organisation contains clinicians from PE platform ""Unified Women's Healthcare"" on the study roster",,,,,
1306157722,Dr. Melissa Acevedo,PE,roster_only,,,FL,affiliation_location_mismatch,,,,,,,,,,,,,Femwell Group Health,,,,,,,,independence_unresolved,affiliation_location_mismatch,,,,,
1306161880,Dr. Cecilia Chui,PE,universe,pair_266,Hoffman Estates,IL,location_resolved,phone,7517863178,BONAVENTURE MEDICAL FOUNDATION LLC,153,26,22,8,37,153,26,0.1438,Nova Women's Health Partners,Nova Women's Health Partners,,,,,,,,not_independent_supported,"sampled organisation contains clinicians from PE platform ""Nova Women's Health Partners"" on the study roster",,,,,
1306162771,Dr. Adi Abramovici,Non-PE,universe,pair_138,Plantation,FL,location_resolved,phone,2860496247,SINAI PERINATAL LLC,2,1,2,2,1,2,,,,,,,,,2,SINAI PERINATAL LLC,TRUE,independence_unresolved,no affirmative evidence either way,,,,,
1306285952,Dr. Victoria Bedell,PE,universe,pair_70,Miami,FL,location_resolved,phone,8921091786,VITALMD GROUP HOLDING LLC,430,152,283,3,117,430,22,0.6581,Femwell Group Health,Femwell Group Health,,,,,,,,not_independent_supported,"sampled organisation contains clinicians from PE platform ""Femwell Group Health"" on the study roster",,,,,
1306336706,Dr. Samantha Seidor,PE,fielded+universe,pair_456,Bayonne,NJ,location_resolved,city_state,2961316328,REGIONAL WOMENS HEALTH GROUP LLC,334,85,227,3,110,334,8,0.6796,Axia Women's Health,Axia Women's Health,,,,,,,,not_independent_supported,"sampled organisation contains clinicians from PE platform ""Axia Women's Health"" on the study roster",,,,,
1306374376,"Perrin Downing, MD",PE,roster_only,,,NJ,no_dac_affiliation,,,,,,,,,,,,,,,,,,,,,independence_unresolved,no_dac_affiliation,,,,,
1306409602,Dr. Kimberly Ferguson,PE,roster_only,,,FL,no_dac_affiliation,,,,,,,,,,,,,,,,,,,,,independence_unresolved,no_dac_affiliation,,,,,
1306465000,Dr. Arvin Jadoo,PE,universe,pair_41,Miami,FL,no_dac_affiliation,,,,,,,,,,,,,,,,,,,,,independence_unresolved,no_dac_affiliation,,,,,
1306465802,Dr. Emma Braun,PE,universe,pair_219,Philadelphia,PA,no_dac_affiliation,,,,,,,,,,,,,,,,,,,,,independence_unresolved,no_dac_affiliation,,,,,
1306812078,"Richard Gates, MD",PE,roster_only,,,NJ,affiliation_location_mismatch,,,,,,,,,,,,,Axia Women's Health,,,,,,,,independence_unresolved,affiliation_location_mismatch,,,,,
1306831482,"Robert Wold, MD",PE,roster_only,,,NJ,affiliation_location_mismatch,,,,,,,,,,,,,Axia Women's Health,,,,,,,,independence_unresolved,affiliation_location_mismatch,,,,,
1306832357,Dr. Gostal Arcelin,PE,roster_only,,,FL,affiliation_location_mismatch,,,,,,,,,,,,,Femwell Group Health,,,,,,,,independence_unresolved,affiliation_location_mismatch,,,,,
1306835327,"Shirley Tsong, MD, FACOG",PE,roster_only,,,NJ,affiliation_location_mismatch,,,,,,,,,,,,,Axia Women's Health,,,,,,,,independence_unresolved,affiliation_location_mismatch,,,,,
1306848759,Dr. Kenneth Budowsky,PE,roster_only,,,FL,no_dac_affiliation,,,,,,,,,,,,,,,,,,,,,independence_unresolved,no_dac_affiliation,,,,,
1306893987,Dr. Mitchell Alverson,Non-PE,universe,pair_152,Orlando,FL,location_resolved,phone,9537059084,ORLANDO HEALTH MEDICAL GROUP INC,1384,132,76,55,146,1384,58,0.0549,,,,,,,1384,ORLANDO HEALTH MEDICAL GROUP INC,FALSE,not_independent_supported,organisation name carries a hospital/system/academic/government token,,,,,
1306926969,Eli A. Rybak,PE,roster_only,,,NJ,no_dac_affiliation,,,,,,,,,,,,,,,,,,,,,independence_unresolved,no_dac_affiliation,,,,,
1306954060,Dr. Javier Vizoso,PE,universe,pair_105,Miami,FL,location_resolved,city_state,8921091786,VITALMD GROUP HOLDING LLC,430,152,283,375,117,430,22,0.6581,Femwell Group Health,Femwell Group Health,,,,,,,,not_independent_supported,"sampled organisation contains clinicians from PE platform ""Femwell Group Health"" on the study roster",,,,,
1306999735,Dr. Ghulam Khan,Non-PE,universe,pair_382,Miami,FL,location_resolved,phone,8921091786,VITALMD GROUP HOLDING LLC,430,152,283,375,117,430,22,0.6581,Femwell Group Health,Femwell Group Health,,,,,430,VITALMD GROUP HOLDING LLC,FALSE,not_independent_supported,"sampled organisation contains clinicians from PE platform ""Femwell Group Health"" on the study roster",,,,,
1316057763,Dr. Letty Villa,PE,universe,pair_66,Miami,FL,location_resolved,city_state,8921091786,VITALMD GROUP HOLDING LLC,430,152,283,375,117,430,22,0.6581,Femwell Group Health,Femwell Group Health,,,,,,,,not_independent_supported,"sampled organisation contains clinicians from PE platform ""Femwell Group Health"" on the study roster",,,,,
1316149198,"Natalie Chavez, MD",PE,roster_only,,,DE,affiliation_location_mismatch,,,,,,,,,,,,,Unified Women's Healthcare,,,,,,,,independence_unresolved,affiliation_location_mismatch,,,,,
1316149909,Dr. Adegboyega Adejana,Non-PE,fielded,pair_22,Baltimore,MD,no_organisation_on_sampled_row,phone,,,,,,,,,,,,,,3678472214|5395981716,424,"TRINITY OBSTETRICS & GYNECOLOGY, P.C.|UNIVERSITY OF MARYLAND COMMUNITY MEDICAL GROUP INC",NA,,NA,independence_unresolved,no_organisation_on_sampled_row,,,,,
1316152861,"Shefali Shastri, MD",PE,roster_only,,,IL,no_dac_affiliation,,,,,,,,,,,,,,,,,,,,,independence_unresolved,no_dac_affiliation,,,,,
1316234081,Dr. Karanvir Virk,Non-PE,fielded,pair_342,Jonesboro,GA,location_resolved,phone,6204829013,THE SOUTHEAST PERMANENTE MEDICAL GROUP,559,134,14,106,27,559,40,0.025,,,,8729002548|8921910225,13204,NORTH ATLANTA SURGICAL ASSOCIATES|PERMANENTE MEDICAL GROUP INC,559,THE SOUTHEAST PERMANENTE MEDICAL GROUP,FALSE,not_independent_supported,organisation name carries a hospital/system/academic/government token,,,,,
1316247026,Dr. Youssef Mouhayar,PE,roster_only,,,FL,no_dac_affiliation,,,,,,,,,,,,,,,,,,,,,independence_unresolved,no_dac_affiliation,,,,,
1316259260,Dr. Enrique Vazquez-Vera,Non-PE,universe,pair_142,Miami,FL,location_resolved,phone,8921091786,VITALMD GROUP HOLDING LLC,430,152,283,3,117,430,22,0.6581,Femwell Group Health,Femwell Group Health,,,,,430,VITALMD GROUP HOLDING LLC,FALSE,not_independent_supported,"sampled organisation contains clinicians from PE platform ""Femwell Group Health"" on the study roster",,,,,
1316307374,Dr. Ingrid Paredes,PE,roster_only,,,FL,affiliation_location_mismatch,,,,,,,,,,,,,Femwell Group Health,,,,,,,,independence_unresolved,affiliation_location_mismatch,,,,,
1316309172,Dr. Abigail Armstrong,PE,fielded,pair_182,Santa Monica,CA,no_dac_affiliation,,,,,,,,,,,,,,,,,,,,,independence_unresolved,no_dac_affiliation,,,,,
1316309529,Dr. Cindy Vu,Non-PE,universe,pair_339,Raleigh,NC,location_resolved,phone,2466788377,WAKEMED SPECIALISTS GROUP LLC,690,75,30,11,38,690,42,0.0435,,,,,,,690,WAKEMED SPECIALISTS GROUP LLC,FALSE,not_independent_supported,organisation name carries a hospital/system/academic/government token,,,,,
1316521958,Dr. Sydney Heigle,PE,universe,pair_177,Tampa,FL,no_dac_affiliation,,,,,,,,,,,,,,,,,,,,,independence_unresolved,no_dac_affiliation,,,,,
1316523061,Dr. Jessica Cooper,PE,universe,pair_184,Ruskin,FL,no_dac_affiliation,,,,,,,,,,,,,,,,,,,,,independence_unresolved,no_dac_affiliation,,,,,
1316560451,Dr. Hilary Hinton,PE,fielded,pair_277,Media,PA,location_resolved,phone,2961316328,REGIONAL WOMENS HEALTH GROUP LLC,334,85,227,3,110,334,8,0.6796,Axia Women's Health,Axia Women's Health,Hospital,,,,,,,not_independent_supported,"sampled organisation contains clinicians from PE platform ""Axia Women's Health"" on the study roster",,,,,
1316911191,Dr. Charles Kirkham,PE,universe,pair_351,Corpus Christi,TX,location_resolved,phone,0345206082,"NUECES COUNTY WOMEN'S CLINIC, PA",4,0,4,4,1,4,1,1.0,Unified Women's Healthcare,Unified Women's Healthcare,,,,,,,,not_independent_supported,"sampled organisation contains clinicians from PE platform ""Unified Women's Healthcare"" on the study roster",,,,,
1316918485,"Dr. Cosme Gomez, MD",PE,roster_only,,,FL,affiliation_location_mismatch,,,,,,,,,,,,,Femwell Group Health,,,,,,,,independence_unresolved,affiliation_location_mismatch,,,,,
1316929847,Dr. Deborah Delrosario,Non-PE,universe,pair_216,Carmel,IN,location_resolved,phone,0749188142,SEVEN HILLS OB-GYN ASSOCIATES LLC,110,28,65,12,32,110,7,0.5909,Axia Women's Health,Axia Women's Health,,,,,110,SEVEN HILLS OB-GYN ASSOCIATES LLC,FALSE,not_independent_supported,"sampled organisation contains clinicians from PE platform ""Axia Women's Health"" on the study roster",,,,,
1316938277,Dr. Michael Fesenmeier,PE,fielded+universe,pair_275,Harrison,OH,location_resolved,city_state,0749188142,SEVEN HILLS OB-GYN ASSOCIATES LLC,110,28,65,12,32,110,7,0.5909,Axia Women's Health,Axia Women's Health,Hospital,749188142,64,SEVEN HILLS OB/GYN ASSOCIATES INC,,,,not_independent_supported,"sampled organisation contains clinicians from PE platform ""Axia Women's Health"" on the study roster",,,,,
1316948748,Dr. Melissa Delaney,PE,fielded+universe,pair_267,Bryn Mawr,PA,location_resolved,city_state,2961316328,REGIONAL WOMENS HEALTH GROUP LLC,334,85,227,24,110,334,8,0.6796,Axia Women's Health,Axia Women's Health,Hospital,2961316328,298,REGIONAL WOMENS HEALTH GROUP LLC,,,,not_independent_supported,"sampled organisation contains clinicians from PE platform ""Axia Women's Health"" on the study roster",,,,,
1316968886,Dr. Patricia Chen,Non-PE,universe,pair_16,Miami,FL,location_resolved,phone,8921091786,VITALMD GROUP HOLDING LLC,430,152,283,375,117,430,22,0.6581,Femwell Group Health,Femwell Group Health,,,,,430,VITALMD GROUP HOLDING LLC,FALSE,not_independent_supported,"sampled organisation contains clinicians from PE platform ""Femwell Group Health"" on the study roster",,,,,
1316995574,"Eric Carlson, DO",PE,roster_only,,,NJ,no_dac_affiliation,,,,,,,,,,,,,,,,,,,,,independence_unresolved,no_dac_affiliation,,,,,
1326033655,Dr. Alejandra Angel,PE,universe,pair_65,Miami,FL,location_resolved,city_state,8921091786,VITALMD GROUP HOLDING LLC,430,152,283,375,117,430,22,0.6581,Femwell Group Health,Femwell Group Health,,,,,,,,not_independent_supported,"sampled organisation contains clinicians from PE platform ""Femwell Group Health"" on the study roster",,,,,
1326037433,"Susan M. Lupo, MD",PE,roster_only,,,IL,affiliation_location_mismatch,,,,,,,,,,,,,Nova Women's Health Partners,,,,,,,,independence_unresolved,affiliation_location_mismatch,,,,,
1326038308,"Nina W. Wilkey, MD, FACOG",PE,roster_only,,,AZ,affiliation_location_mismatch,,,,,,,,,,,,,Unified Women's Healthcare / Genesis OBGYN,,,,,,,,independence_unresolved,affiliation_location_mismatch,,,,,
1326050444,Dr. Rebecca Stern,Non-PE,universe,pair_8,Miami,FL,location_resolved,phone,8921091786,VITALMD GROUP HOLDING LLC,430,152,283,375,117,430,22,0.6581,Femwell Group Health,Femwell Group Health,,,,,430,VITALMD GROUP HOLDING LLC,FALSE,not_independent_supported,"sampled organisation contains clinicians from PE platform ""Femwell Group Health"" on the study roster",,,,,
1326070376,"Allan Kessel, MD, FACOG",PE,roster_only,,,NJ,affiliation_location_mismatch,,,,,,,,,,,,,Axia Women's Health,,,,,,,,independence_unresolved,affiliation_location_mismatch,,,,,
1326087610,Dr. Niraj Patel,Non-PE,universe,pair_27,Miramar,FL,location_resolved,phone,5799016846,DHP OF MANATEE PA,37,10,36,7,7,37,2,0.973,,,,,,,368,DHP OF MANATEE PA | FLORIDA MEDICAL CLINIC LLC,FALSE,independent_supported,"single-specialty OB/GYN organisation, no system token, no PE-roster member",,,,,
1326143017,Dr. Richard Bridgewater,PE,universe,pair_383,Miami,FL,location_resolved,city_state,8921091786,VITALMD GROUP HOLDING LLC,430,152,283,375,117,430,22,0.6581,Femwell Group Health,Femwell Group Health,,,,,,,,not_independent_supported,"sampled organisation contains clinicians from PE platform ""Femwell Group Health"" on the study roster",,,,,
1326157058,Dr. Gerald Casas,Non-PE,universe,pair_329,Henderson,NV,location_resolved,phone,5991856072,GERALD CASAS MD LTD,2,1,2,2,1,2,,,,,,,,,2,GERALD CASAS MD LTD,TRUE,independence_unresolved,no affirmative evidence either way,,,,,
1326205303,"Sareena Singh, MD, FACOG",PE,roster_only,,,FL,affiliation_location_mismatch,,,,,,,,,,,,,Women's Care Enterprises,,,,,,,,independence_unresolved,affiliation_location_mismatch,,,,,
1326281023,Dr. Amber Jaeger,Non-PE,fielded,pair_186,San Francisco,CA,location_resolved,phone,6305160300,REGENTS UNIV OF CALIFORNIA UCSF,200,43,22,200,1,200,34,0.11,,,Hospital,6305160300|6406040138|8123251477,139,"AMBER JAEGER, MD, INC.|PRIMA MEDICAL FOUNDATION|REGENTS UNIV OF CALIFORNIA UCSF",200,REGENTS UNIV OF CALIFORNIA UCSF,FALSE,not_independent_supported,organisation name carries a hospital/system/academic/government token,,,,,
1326299975,"Cherise Chambers, MD, FACOG",PE,roster_only,,,FL,affiliation_location_mismatch,,,,,,,,,,,,,Women's Care Enterprises,,,,,,,,independence_unresolved,affiliation_location_mismatch,,,,,
1326304510,Dr. Suzette Delgado,PE,universe,pair_136,Miami,FL,no_dac_affiliation,,,,,,,,,,,,,,,,,,,,,independence_unresolved,no_dac_affiliation,,,,,
1326364332,Jonathan D. Kort,PE,roster_only,,,CA,no_dac_affiliation,,,,,,,,,,,,,,,,,,,,,independence_unresolved,no_dac_affiliation,,,,,
1326435645,Dr. Nicole Haslett,PE,fielded+universe,pair_276,Bryn Mawr,PA,location_resolved,city_state,1951215201,MAIN LINE HEALTHCARE,896,111,41,14,111,896,44,0.0458,Axia Women's Health,Axia Women's Health,Hospital,,,,,,,not_independent_supported,"sampled organisation contains clinicians from PE platform ""Axia Women's Health"" on the study roster",,,,,
1326451188,Dr. Jhonathan Duarte,Non-PE,universe,pair_119,Miami,FL,location_resolved,phone,5395807218,FLORIDA WOMAN CARE LLC,510,87,337,1,214,510,8,0.6608,Women's Care Enterprises,Women's Care Enterprises,,,,,510,FLORIDA WOMAN CARE LLC,FALSE,not_independent_supported,"sampled organisation contains clinicians from PE platform ""Women's Care Enterprises"" on the study roster",,,,,
1326464934,Dr. Coleen Korzen,PE,universe,pair_233,Downingtown,PA,location_resolved,phone,2961316328,REGIONAL WOMENS HEALTH GROUP LLC,334,85,227,10,110,334,8,0.6796,Axia Women's Health,Axia Women's Health,,,,,,,,not_independent_supported,"sampled organisation contains clinicians from PE platform ""Axia Women's Health"" on the study roster",,,,,
1326485723,Dr. Shannon Hahn,PE,universe,pair_154,Winter Park,FL,location_resolved,phone,9234031444,WOMENS CARE FLORIDA LLC,293,58,198,14,74,293,8,0.6758,Women's Care Enterprises,Women's Care Enterprises,,,,,,,,not_independent_supported,"sampled organisation contains clinicians from PE platform ""Women's Care Enterprises"" on the study roster",,,,,
1326487133,Dr. Danielle Kramer,PE,roster_only,,,FL,affiliation_location_mismatch,,,,,,,,,,,,,Femwell Group Health,,,,,,,,independence_unresolved,affiliation_location_mismatch,,,,,
1326495334,Dr. Rachel Zilles,Non-PE,universe,pair_317,Woodbury,MN,location_resolved,phone,9638329394,MINNESOTA WOMENS CARE PA,39,6,10,33,3,39,,,,,,,,,39,MINNESOTA WOMENS CARE PA,FALSE,independence_unresolved,no affirmative evidence either way,,,,,
1326499849,Dr. David Doyle,Non-PE,fielded,pair_207,Mount Clemens,MI,location_resolved,phone,8921912791,MCLAREN MACOMB,121,26,11,47,27,121,20,0.0909,,,Hospital,,,,121,DOWNRIVER COMMUNITY SERVICES INC | MCLAREN MACOMB,FALSE,not_independent_supported,organisation name carries a hospital/system/academic/government token,,,,,
1326545906,Dr. Catherine Hoeppner,Non-PE,universe,pair_80,Miami,FL,location_resolved,phone,0244380434,PUBLIC HEALTH TRUST OF MIAMI DADE COUNTY FLORIDA,340,24,11,21,8,340,25,0.0324,,,,,,,340,PUBLIC HEALTH TRUST OF MIAMI DADE COUNTY FLORIDA,FALSE,not_independent_supported,organisation name carries a hospital/system/academic/government token,,,,,
1326609637,Dr. Carolina Salazar,Non-PE,universe,pair_368,Miami,FL,location_resolved,phone,8921091786,VITALMD GROUP HOLDING LLC,430,152,283,375,117,430,22,0.6581,Femwell Group Health,Femwell Group Health,,,,,430,VITALMD GROUP HOLDING LLC,FALSE,not_independent_supported,"sampled organisation contains clinicians from PE platform ""Femwell Group Health"" on the study roster",,,,,
1326675406,Dr. Allyson Hill,PE,universe,pair_170,Safety Harbor,FL,no_dac_affiliation,,,,,,,,,,,,,,,,,,,,,independence_unresolved,no_dac_affiliation,,,,,
1336101138,Dr. Leandro Rodriguez,PE,roster_only,,,FL,affiliation_location_mismatch,,,,,,,,,,,,,Femwell Group Health,,,,,,,,independence_unresolved,affiliation_location_mismatch,,,,,
1336110139,Dr. Roselyn Bonilla,PE,universe,pair_52,Miami,FL,location_resolved,phone,8921091786,VITALMD GROUP HOLDING LLC,430,152,283,4,117,430,22,0.6581,Femwell Group Health,Femwell Group Health,,,,,,,,not_independent_supported,"sampled organisation contains clinicians from PE platform ""Femwell Group Health"" on the study roster",,,,,
1336130657,Dr. June O'Connor,PE,universe,pair_427,Worcester,MA,location_resolved,phone,3274430665,"PHYSICIANS FOR WOMEN'S HEALTH, LLC",278,45,201,20,78,278,7,0.723,Unified Women's Healthcare,Unified Women's Healthcare,,,,,,,,not_independent_supported,"sampled organisation contains clinicians from PE platform ""Unified Women's Healthcare"" on the study roster",,,,,
1336132174,Dr. Finuccia Perez,PE,universe,pair_456,Somers Point,NJ,location_resolved,city_state,2961316328,REGIONAL WOMENS HEALTH GROUP LLC,334,85,227,9,110,334,8,0.6796,Axia Women's Health,Axia Women's Health,,,,,,,,not_independent_supported,"sampled organisation contains clinicians from PE platform ""Axia Women's Health"" on the study roster",,,,,
1336174416,Dr. Wendy Cervi,Non-PE,fielded+universe,pair_490,Newark,NJ,location_resolved,phone,9537316955,BARNABAS HEALTH MEDICAL GROUP PC,566,167,55,11,171,566,41,0.0972,,,Hospital,3173437464|6305733601,98,NBIMC DEPARTMENT OF OBSTETRICS AND|NEWARK BETH ISRAEL MEDICAL CENTER INC,566,BARNABAS HEALTH MEDICAL GROUP PC,FALSE,not_independent_supported,organisation name carries a hospital/system/academic/government token,,,,,
1336200351,Dr. Jorge Pimienta,Non-PE,fielded+universe,pair_138,Miami,FL,no_organisation_on_sampled_row,phone,,,,,,,,,,,,,,5991850448,1,JORGE F PIMIENTA MD INC,NA,,NA,independence_unresolved,no_organisation_on_sampled_row,,,,,
1336250380,"Timothy Vierling, MD",PE,roster_only,,,IL,no_dac_affiliation,,,,,,,,,,,,,,,,,,,,,independence_unresolved,no_dac_affiliation,,,,,
1336257054,Dr. Thomas Horst,PE,roster_only,,,FL,affiliation_location_mismatch,,,,,,,,,,,,,Femwell Group Health,,,,,,,,independence_unresolved,affiliation_location_mismatch,,,,,
1336294362,Kathleen Lin,PE,roster_only,,,WA,no_dac_affiliation,,,,,,,,,,,,,,,,,,,,,independence_unresolved,no_dac_affiliation,,,,,
1336348499,Dr. Erika Glas,PE,roster_only,,,FL,affiliation_location_mismatch,,,,,,,,,,,,,Femwell Group Health,,,,,,,,independence_unresolved,affiliation_location_mismatch,,,,,
1336350446,Dr. Amy Flick,PE,roster_only,,,FL,no_dac_affiliation,,,,,,,,,,,,,,,,,,,,,independence_unresolved,no_dac_affiliation,,,,,
1336366699,Dr. Simone Piraino,PE,fielded+universe,pair_216,Schenectady,NY,location_resolved,city_state,7719975143,"CARENET MEDICAL GROUP, PC",6,1,6,6,1,6,1,1.0,Women's Care Enterprises,Women's Care Enterprises,Hospital,,,,,,,not_independent_supported,"sampled organisation contains clinicians from PE platform ""Women's Care Enterprises"" on the study roster",,,,,
1336390970,Dr. Melissa Lee,PE,fielded,pair_208,Orlando,FL,location_resolved,phone,9234031444,WOMENS CARE FLORIDA LLC,293,58,198,9,74,293,8,0.6758,Women's Care Enterprises,Women's Care Enterprises,,8729996608,757,LEE MEMORIAL HEALTH SYSTEM,,,,not_independent_supported,"sampled organisation contains clinicians from PE platform ""Women's Care Enterprises"" on the study roster",,,,,
1336481019,"Megan Stoller, MD",PE,roster_only,,,NJ,no_dac_affiliation,,,,,,,,,,,,,,,,,,,,,independence_unresolved,no_dac_affiliation,,,,,
1336494426,Dr. Jennifer Lopez Troy,Non-PE,universe,pair_159,Gibsonton,FL,location_resolved,phone,9234031444,WOMENS CARE FLORIDA LLC,293,58,198,13,74,293,8,0.6758,Women's Care Enterprises,Women's Care Enterprises,,,,,293,WOMENS CARE FLORIDA LLC,FALSE,not_independent_supported,"sampled organisation contains clinicians from PE platform ""Women's Care Enterprises"" on the study roster",,,,,
1336609544,"Amanda Onyewuenyi, MD, MPH",PE,roster_only,,,MD,affiliation_location_mismatch,,,,,,,,,,,,,Advantia Health,,,,,,,,independence_unresolved,affiliation_location_mismatch,,,,,
1336762681,Dr. Leigh Durudogan,PE,fielded+universe,pair_126,Novi,MI,no_dac_affiliation,,,,,,,,,,,,,,,,,,,,,independence_unresolved,no_dac_affiliation,,,,,
1346203387,Dr. William Jr,PE,universe,pair_278,Birmingham,AL,location_resolved,city_state,4981646734,TOGETHER WOMEN'S HEALTH MEDICAL GROUP OF ALABAMA PC,12,1,7,6,4,12,2,0.5833,Together Women's Health,Together Women's Health,,,,,,,,not_independent_supported,"sampled organisation contains clinicians from PE platform ""Together Women's Health"" on the study roster",,,,,
1346214160,Dr. Marsh McEachrane,PE,roster_only,,,FL,affiliation_location_mismatch,,,,,,,,,,,,,Femwell Group Health,,,,,,,,independence_unresolved,affiliation_location_mismatch,,,,,
1346216595,Dr. Scott Kagan,Non-PE,fielded,pair_262,Bloomingdale,IL,location_resolved,phone,5496667941,DUPAGE MEDICAL GROUP LTD,1196,264,54,423,118,1196,53,0.0452,,,Hospital,5496667941,1123,DU PAGE MEDICAL GROUP LTD,1196,DUPAGE MEDICAL GROUP LTD,FALSE,independence_unresolved,"large organisation, name uninformative; needs external adjudication",,,,,
1346230786,Dr. Just Brahmatewari,PE,universe,pair_40,Miami,FL,no_organisation_on_sampled_row,phone,,,,,,,,,,,,,,,,,,,,independence_unresolved,no_organisation_on_sampled_row,,,,,
1346236551,"Bryan Perkins, MD",PE,roster_only,,,NJ,affiliation_location_mismatch,,,,,,,,,,,,,Axia Women's Health,,,,,,,,independence_unresolved,affiliation_location_mismatch,,,,,
1346265840,Dr. Barbara Noel,PE,universe,pair_73,Coral Springs,FL,location_resolved,city_state,8921091786,VITALMD GROUP HOLDING LLC,430,152,283,3,117,430,22,0.6581,Femwell Group Health,Femwell Group Health,,,,,,,,not_independent_supported,"sampled organisation contains clinicians from PE platform ""Femwell Group Health"" on the study roster",,,,,
1346282670,Dr. Marion Colas-Lacombe,PE,universe,pair_4,Miami,FL,location_resolved,phone,8921091786,VITALMD GROUP HOLDING LLC,430,152,283,6,117,430,22,0.6581,Femwell Group Health,Femwell Group Health,,,,,,,,not_independent_supported,"sampled organisation contains clinicians from PE platform ""Femwell Group Health"" on the study roster",,,,,
1346287315,Dr. Hetal Shah,PE,universe,pair_258,Palatine,IL,no_organisation_on_sampled_row,city_state,,,,,,,,,,,,,,,,,,,,independence_unresolved,no_organisation_on_sampled_row,,,,,
1346290145,Dr. Meetesh Desai,PE,universe,pair_128,Miami,FL,location_resolved,city_state,8921091786,VITALMD GROUP HOLDING LLC,430,152,283,375,117,430,22,0.6581,Femwell Group Health,Femwell Group Health,,,,,,,,not_independent_supported,"sampled organisation contains clinicians from PE platform ""Femwell Group Health"" on the study roster",,,,,
1346295342,Dr. Gina Zuniga,PE,universe,pair_415,Kearny,NJ,location_resolved,phone,2961316328,REGIONAL WOMENS HEALTH GROUP LLC,334,85,227,20,110,334,8,0.6796,Axia Women's Health,Axia Women's Health,,,,,,,,not_independent_supported,"sampled organisation contains clinicians from PE platform ""Axia Women's Health"" on the study roster",,,,,
1346357779,Dr. John Norris,Non-PE,universe,pair_217,Franklin,IN,location_resolved,phone,1850629361,JOHNSON MEMORIAL HEALTH PHYSICIAN NETWORK LLC,35,5,5,8,12,35,,,,,,,,,35,JOHNSON MEMORIAL HEALTH PHYSICIAN NETWORK LLC,FALSE,not_independent_supported,organisation name carries a hospital/system/academic/government token,,,,,
1346471042,Dr. Jessica White,PE,universe,pair_18,Miami,FL,location_resolved,city_state,8921091786,VITALMD GROUP HOLDING LLC,430,152,283,375,117,430,22,0.6581,Femwell Group Health,Femwell Group Health,,,,,,,,not_independent_supported,"sampled organisation contains clinicians from PE platform ""Femwell Group Health"" on the study roster",,,,,
1346486743,Dr. Jennifer Huebner,PE,fielded+universe,pair_399,Shenandoah,TX,no_dac_affiliation,,,,,,,,,,,,,,,1557535481,4,ALL ABOUT WOMEN OBSTETRICS & GYNECOLOGY PLLC,,,,independence_unresolved,no_dac_affiliation,,,,,
1346655727,Dr. Patricia Eliasinski,Non-PE,universe,pair_225,Blue Bell,PA,location_resolved,phone,0345588711,TEMPLE FACULTY PRACTICE PLAN INC,1064,206,35,5,39,1064,55,0.0329,Axia Women's Health,Axia Women's Health,,,,,1064,TEMPLE FACULTY PRACTICE PLAN INC,FALSE,not_independent_supported,"sampled organisation contains clinicians from PE platform ""Axia Women's Health"" on the study roster",,,,,
1346744703,Keri Bergin,PE,roster_only,,,CA,no_dac_affiliation,,,,,,,,,,,,,,,,,,,,,independence_unresolved,no_dac_affiliation,,,,,
1346771698,Dr. Jennifer Weiss,PE,fielded,pair_174,Maywood,IL,location_resolved,city_state,3779488903,LOYOLA UNIVERSITY MEDICAL CENTER,873,189,19,832,31,873,58,0.0218,IVI RMA Global,IVI RMA Global,Hospital,,,,,,,not_independent_supported,"sampled organisation contains clinicians from PE platform ""IVI RMA Global"" on the study roster",,,,,
1346772597,"Angela Liu, MD",PE,roster_only,,,CA,no_dac_affiliation,,,,,,,,,,,,,,,,,,,,,independence_unresolved,no_dac_affiliation,,,,,
1346789690,Dr. Millet Yang,PE,fielded+universe,pair_4,Washington,DC,no_dac_affiliation,,,,,,,,,,,,,,,,,,,,,independence_unresolved,no_dac_affiliation,,,,,
1346815875,"Lucy Bolerjack, DO",PE,roster_only,,,FL,no_dac_affiliation,,,,,,,,,,,,,,,,,,,,,independence_unresolved,no_dac_affiliation,,,,,
1356305353,Dr. Todd Hunter,Non-PE,universe,pair_421,Worcester,MA,location_resolved,phone,3577506906,NEARY AND HUNTER OB/GYN LLC,4,4,2,4,1,4,,,,,,,,,4,NEARY AND HUNTER OB/GYN LLC,TRUE,independence_unresolved,no affirmative evidence either way,,,,,
1356305445,Dr. Herman Epstein,Non-PE,universe,pair_50,Fort Lauderdale,FL,location_resolved,phone,5395807218,FLORIDA WOMAN CARE LLC,510,87,337,1,214,510,8,0.6608,Women's Care Enterprises,Women's Care Enterprises,,,,,510,FLORIDA WOMAN CARE LLC,FALSE,not_independent_supported,"sampled organisation contains clinicians from PE platform ""Women's Care Enterprises"" on the study roster",,,,,
1356342901,Dr. Victor Chen,PE,universe,pair_283,Tucson,AZ,location_resolved,phone,4284724279,GENESIS OB GYN PLLC,60,12,39,14,13,60,3,0.65,Unified Women's Healthcare,Unified Women's Healthcare,,,,,,,,not_independent_supported,"sampled organisation contains clinicians from PE platform ""Unified Women's Healthcare"" on the study roster",,,,,
1356363832,Dr. Laura Greenbaum,PE,roster_only,,,FL,affiliation_location_mismatch,,,,,,,,,,,,,Femwell Group Health,,,,,,,,independence_unresolved,affiliation_location_mismatch,,,,,
1356383681,Dr. Manal Antoun,PE,roster_only,,,FL,affiliation_location_mismatch,,,,,,,,,,,,,Femwell Group Health,,,,,,,,independence_unresolved,affiliation_location_mismatch,,,,,
1356425797,"Gilad Greenberg, MD",PE,roster_only,,,NY,affiliation_location_mismatch,,,,,,,,,,,,,Unified Women's Healthcare,,,,,,,,independence_unresolved,affiliation_location_mismatch,,,,,
1356503643,Dr. Geraldine Ekpo,PE,roster_only,,,CA,no_dac_affiliation,,,,,,,,,,,,,,,,,,,,,independence_unresolved,no_dac_affiliation,,,,,
1356504039,"Elizabeth Thomas, MD",PE,roster_only,,,MI,affiliation_location_mismatch,,,,,,,,,,,,,Unified Women's Healthcare,,,,,,,,independence_unresolved,affiliation_location_mismatch,,,,,
1356683072,Dr. Alexandra Garcia,PE,universe,pair_145,Pembroke Pines,FL,no_dac_affiliation,,,,,,,,,,,,,,,,,,,,,independence_unresolved,no_dac_affiliation,,,,,
1356703342,Dr. Sandra Diaz,PE,roster_only,,,FL,affiliation_location_mismatch,,,,,,,,,,,,,Femwell Group Health,,,,,,,,independence_unresolved,affiliation_location_mismatch,,,,,
1356735542,Dr. Stephanie Roy,Non-PE,fielded+universe,pair_426,Katy,TX,location_resolved,phone,5193722502,"T.L. JENKINS M.D., P.A.",4,1,4,4,1,4,1,1.0,,,,,,,4,"T.L. JENKINS M.D., P.A.",TRUE,independent_supported,"single-specialty OB/GYN organisation, no system token, no PE-roster member",,,,,
1356775530,Dr. Rafael Garcia-Ocasio,Non-PE,universe,pair_20,Hialeah,FL,location_resolved,phone,5395807218,FLORIDA WOMAN CARE LLC,510,87,337,5,214,510,8,0.6608,Women's Care Enterprises,Women's Care Enterprises,,,,,510,FLORIDA WOMAN CARE LLC,FALSE,not_independent_supported,"sampled organisation contains clinicians from PE platform ""Women's Care Enterprises"" on the study roster",,,,,
1356787832,Dr. Kir-Wei Chen,Non-PE,universe,pair_10,Coconut Creek,FL,location_resolved,phone,0446396261,DR. CHEN OB/GYN P.A.,2,0,2,2,1,2,,,,,,,,,2,DR. CHEN OB/GYN P.A.,TRUE,independence_unresolved,no affirmative evidence either way,,,,,
1356795595,Dr. Sharon Kim,PE,fielded+universe,pair_403,Fairfax,VA,location_resolved,phone,4880582741,CAPITAL WOMENS CARE LLC,252,47,182,11,64,252,7,0.7222,Advantia Health,Advantia Health,,6507778255,4675,MAYO CLINIC,,,,not_independent_supported,"sampled organisation contains clinicians from PE platform ""Advantia Health"" on the study roster",,,,,
1356801617,Dr. Taylor Schwartz,PE,universe,pair_386,Boca Raton,FL,no_dac_affiliation,,,,,,,,,,,,,,,,,,,,,independence_unresolved,no_dac_affiliation,,,,,
1356845903,Dr. Mitchell Bitran,Non-PE,fielded+universe,pair_78,Miami Beach,FL,location_resolved,phone,8921091786,VITALMD GROUP HOLDING LLC,430,152,283,3,117,430,22,0.6581,Femwell Group Health,Femwell Group Health,,,,,430,VITALMD GROUP HOLDING LLC,FALSE,not_independent_supported,"sampled organisation contains clinicians from PE platform ""Femwell Group Health"" on the study roster",,,,,
1356871917,Dr. Gabriella Pugliese,PE,fielded+universe,pair_305,Lansdale,PA,location_resolved,phone,2961316328,REGIONAL WOMENS HEALTH GROUP LLC,334,85,227,4,110,334,8,0.6796,Axia Women's Health,Axia Women's Health,Hospital,,,,,,,not_independent_supported,"sampled organisation contains clinicians from PE platform ""Axia Women's Health"" on the study roster",,,,,
1356875892,Dr. Allison Heiden,Non-PE,universe,pair_354,Fairfax,VA,location_resolved,phone,4880582741,CAPITAL WOMENS CARE LLC,252,47,182,7,64,252,7,0.7222,Advantia Health,Advantia Health,,,,,252,CAPITAL WOMENS CARE LLC,FALSE,not_independent_supported,"sampled organisation contains clinicians from PE platform ""Advantia Health"" on the study roster",,,,,
1366010381,"John Pisan, MD",PE,roster_only,,,MI,no_dac_affiliation,,,,,,,,,,,,,,,,,,,,,independence_unresolved,no_dac_affiliation,,,,,
1366424822,Dr. Susan Shulman,PE,roster_only,,,FL,no_dac_affiliation,,,,,,,,,,,,,,,,,,,,,independence_unresolved,no_dac_affiliation,,,,,
1366430654,"Richard B. Rudolph, MD",PE,roster_only,,,FL,affiliation_location_mismatch,,,,,,,,,,,,,Women's Care Enterprises,,,,,,,,independence_unresolved,affiliation_location_mismatch,,,,,
1366436388,Dr. Akemi Nakanishi,Non-PE,fielded+universe,pair_301,Libertyville,IL,location_resolved,phone,7618059874,OB-GYNE ASSOCIATES OF LIBERTYVILLE SC,5,0,5,5,1,5,1,1.0,,,Hospital,7618059874,5,"OB-GYNE ASSOCIATES OF LIBERTYVILLE, SC",5,OB-GYNE ASSOCIATES OF LIBERTYVILLE SC,TRUE,independent_supported,"single-specialty OB/GYN organisation, no system token, no PE-roster member",,,,,
1366447195,Dr. Christine Dasilva,Non-PE,universe,pair_14,Miami,FL,location_resolved,phone,8921091786,VITALMD GROUP HOLDING LLC,430,152,283,375,117,430,22,0.6581,Femwell Group Health,Femwell Group Health,,,,,430,VITALMD GROUP HOLDING LLC,FALSE,not_independent_supported,"sampled organisation contains clinicians from PE platform ""Femwell Group Health"" on the study roster",,,,,
1366448805,Dr. John Meyers,PE,universe,pair_77,Miami,FL,location_resolved,city_state,8921091786,VITALMD GROUP HOLDING LLC,430,152,283,375,117,430,22,0.6581,Femwell Group Health,Femwell Group Health,,,,,,,,not_independent_supported,"sampled organisation contains clinicians from PE platform ""Femwell Group Health"" on the study roster",,,,,
1366472946,"Marshall Pollack, MD",PE,roster_only,,,NJ,affiliation_location_mismatch,,,,,,,,,,,,,Axia Women's Health,,,,,,,,independence_unresolved,affiliation_location_mismatch,,,,,
1366519167,"Jaime L. Sepulveda, MD",PE,roster_only,,,FL,no_dac_affiliation,,,,,,,,,,,,,,,,,,,,,independence_unresolved,no_dac_affiliation,,,,,
1366550188,Dr. Robi Burns,Non-PE,fielded,pair_378,Henderson,NV,no_organisation_on_sampled_row,phone,,,,,,,,,,,,,,8729208236,1,INTEGRATIVE WOMENS HEALTHCARE OF NEVADA,NA,,NA,independence_unresolved,no_organisation_on_sampled_row,,,,,
1366630709,Dr. Stefan Novac,PE,roster_only,,,FL,no_dac_affiliation,,,,,,,,,,,,,,,,,,,,,independence_unresolved,no_dac_affiliation,,,,,
1366633620,Dr. Stephanie Mayes,Non-PE,fielded,pair_334,Phoenix,AZ,location_resolved,phone,0648256156,SOUTHWEST CONTEMPORARY WOMEN'S CARE PC,23,5,17,21,3,23,2,0.7391,,,,648256156,24,"SOUTHWEST CONTEMPORARY WOMEN'S CARE, PC",23,SOUTHWEST CONTEMPORARY WOMEN'S CARE PC,FALSE,independence_unresolved,no affirmative evidence either way,,,,,
1366837577,"Nicole McConnell, MD",PE,roster_only,,,FL,affiliation_location_mismatch,,,,,,,,,,,,,Women's Care Enterprises,,,,,,,,independence_unresolved,affiliation_location_mismatch,,,,,
1366859084,Dr. Yun Lin Cheng,Non-PE,universe,pair_219,Drexel Hill,PA,location_resolved,phone,5698065142,PROSPECT HEALTH ACCESS NETWORK INC,197,34,17,4,65,197,19,0.0863,,,,,,,197,PROSPECT HEALTH ACCESS NETWORK INC,FALSE,not_independent_supported,organisation name carries a hospital/system/academic/government token,,,,,
1366905432,Dr. Keila Sole,PE,roster_only,,,FL,no_dac_affiliation,,,,,,,,,,,,,,,,,,,,,independence_unresolved,no_dac_affiliation,,,,,
1366975708,Dr. Stefanny Cortes,Non-PE,universe,pair_189,Jacksonville,FL,location_resolved,phone,5395807218,FLORIDA WOMAN CARE LLC,510,87,337,9,214,510,8,0.6608,Women's Care Enterprises,Women's Care Enterprises,,,,,510,FLORIDA WOMAN CARE LLC,FALSE,not_independent_supported,"sampled organisation contains clinicians from PE platform ""Women's Care Enterprises"" on the study roster",,,,,
1376502161,Dr. Thomas Enyart,Non-PE,universe,pair_164,Orlando,FL,location_resolved,phone,9537059084,ORLANDO HEALTH MEDICAL GROUP INC,1384,132,76,55,146,1384,58,0.0549,,,,,,,1384,ORLANDO HEALTH MEDICAL GROUP INC,FALSE,not_independent_supported,organisation name carries a hospital/system/academic/government token,,,,,
1376504134,Adrienne Neithardt,PE,roster_only,,,PA,no_dac_affiliation,,,,,,,,,,,,,,,,,,,,,independence_unresolved,no_dac_affiliation,,,,,
1376512970,"Frank White, MD",PE,roster_only,,,NJ,affiliation_location_mismatch,,,,,,,,,,,,,Axia Women's Health,,,,,,,,independence_unresolved,affiliation_location_mismatch,,,,,
1376522482,Dr. Monica Daniel,PE,universe,pair_47,Pembroke Pines,FL,location_resolved,city_state,8921091786,VITALMD GROUP HOLDING LLC,430,152,283,2,117,430,22,0.6581,Femwell Group Health,Femwell Group Health,,,,,,,,not_independent_supported,"sampled organisation contains clinicians from PE platform ""Femwell Group Health"" on the study roster",,,,,
1376528265,Dr. Michelle Spector,Non-PE,fielded,pair_357,Rockville,MD,location_resolved,phone,4880582741,CAPITAL WOMENS CARE LLC,252,47,182,36,64,252,7,0.7222,Advantia Health,Advantia Health,,4880582741,227,CAPITAL WOMENS CARE LLC,252,CAPITAL WOMENS CARE LLC,FALSE,not_independent_supported,"sampled organisation contains clinicians from PE platform ""Advantia Health"" on the study roster",,,,,
1376548560,Dr. Edward Fidalgo,PE,roster_only,,,FL,affiliation_location_mismatch,,,,,,,,,,,,,Femwell Group Health,,,,,,,,independence_unresolved,affiliation_location_mismatch,,,,,
1376574673,Dr. Antonia Williams,Non-PE,fielded,pair_324,Birmingham,AL,location_resolved,phone,1355597923,CAHABA MEDICAL CARE FOUNDATION,83,6,3,16,12,83,13,0.0361,,,,1456254556,76,"SIMON-WILLIAMSON CLINIC, P.C.",83,CAHABA MEDICAL CARE FOUNDATION,FALSE,independence_unresolved,no affirmative evidence either way,,,,,
1376611202,Dr. Richard Biggs,Non-PE,fielded,pair_106,Bradenton,FL,location_resolved,phone,5496019119,MANATEE GYNECOLOGY LLC,8,1,3,8,1,8,3,0.375,,,Hospital,2264343979,351,THE MCDOWELL HOSPITAL INC,8,MANATEE GYNECOLOGY LLC,TRUE,independence_unresolved,no affirmative evidence either way,,,,,
1376656264,Dr. Daniel Kaelberer,Non-PE,fielded,pair_171,Murray,UT,no_organisation_on_sampled_row,phone,,,,,,,,,,,,,,9335432368,8,COTTONWOOD OB-GYN,NA,,NA,independence_unresolved,no_organisation_on_sampled_row,,,,,
1376700245,"Abbaa Sarhan, MD",PE,roster_only,,,VA,no_dac_affiliation,,,,,,,,,,,,,,,,,,,,,independence_unresolved,no_dac_affiliation,,,,,
1376718767,"Anish A. Shah, M.D.",PE,roster_only,,,VA,no_dac_affiliation,,,,,,,,,,,,,,,,,,,,,independence_unresolved,no_dac_affiliation,,,,,
1376730341,Dr. Wendy Quirino,PE,universe,pair_148,Orlando,FL,location_resolved,phone,9234031444,WOMENS CARE FLORIDA LLC,293,58,198,12,74,293,8,0.6758,Women's Care Enterprises,Women's Care Enterprises,,,,,,,,not_independent_supported,"sampled organisation contains clinicians from PE platform ""Women's Care Enterprises"" on the study roster",,,,,
1376734269,Dr. Khari Bridges,PE,roster_only,,,FL,affiliation_location_mismatch,,,,,,,,,,,,,Femwell Group Health,,,,,,,,independence_unresolved,affiliation_location_mismatch,,,,,
1376741793,"Christina Kushnir, MD, MPH, FACOG",PE,roster_only,,,NV,affiliation_location_mismatch,,,,,,,,,,,,,Unified Women's Healthcare,,,,,,,,independence_unresolved,affiliation_location_mismatch,,,,,
1376752634,Dr. Mariusz Koziol,PE,universe,pair_230,Elk Grove Village,IL,location_resolved,phone,2769605401,MIDWEST OB/GYN AND MIDWIFERY,2,0,2,2,1,2,1,1.0,Nova Women's Health Partners,Nova Women's Health Partners,,,,,,,,not_independent_supported,"sampled organisation contains clinicians from PE platform ""Nova Women's Health Partners"" on the study roster",,,,,
1376770370,Dr. Ha Nguyen,PE,fielded,pair_179,Bethlehem,PA,location_resolved,city_state,3072425123,LEHIGH VALLEY PHYSICIAN GROUP,1746,232,51,2,193,1746,59,0.0292,US Fertility,US Fertility,Hospital,3072425123,1190,LEHIGH VALLEY PHYSICIAN GROUP,,,,not_independent_supported,"sampled organisation contains clinicians from PE platform ""US Fertility"" on the study roster",,,,,
1376771386,Dr. Maria Suescum-Diaz,PE,universe,pair_384,Miami,FL,location_resolved,phone,8921091786,VITALMD GROUP HOLDING LLC,430,152,283,2,117,430,22,0.6581,Femwell Group Health,Femwell Group Health,,,,,,,,not_independent_supported,"sampled organisation contains clinicians from PE platform ""Femwell Group Health"" on the study roster",,,,,
1376777037,Dr. Lina Echavarria,PE,universe,pair_45,Miramar,FL,no_dac_affiliation,,,,,,,,,,,,,,,,,,,,,independence_unresolved,no_dac_affiliation,,,,,
1376785881,Dr. Jacqueline Roman,Non-PE,fielded+universe,pair_458,Ocean,NJ,location_resolved,phone,1456332170,LIFELINE MEDICAL ASSOCIATES LLC,156,42,115,2,40,156,5,0.7372,Unified Women's Healthcare,Unified Women's Healthcare,Hospital,1456332170,154,"LIFELINE MEDICAL ASSOCIATES, LLC",156,LIFELINE MEDICAL ASSOCIATES LLC,FALSE,not_independent_supported,"sampled organisation contains clinicians from PE platform ""Unified Women's Healthcare"" on the study roster",,,,,
1376906099,Dr. Shailja Dayal,Non-PE,universe,pair_170,Safety Harbor,FL,location_resolved,phone,5395807218,FLORIDA WOMAN CARE LLC,510,87,337,2,214,510,8,0.6608,Women's Care Enterprises,Women's Care Enterprises,,,,,510,FLORIDA WOMAN CARE LLC,FALSE,not_independent_supported,"sampled organisation contains clinicians from PE platform ""Women's Care Enterprises"" on the study roster",,,,,
1376920165,Dr. Daniel Martingano,Non-PE,fielded+universe,pair_505,Elizabeth,NJ,location_resolved,phone,6709002850,TRINITAS PHYSICIANS PRACTICE LLC,29,8,6,3,7,29,10,0.2069,,,Hospital,,,,86,ST JOHN'S MEDICAL SERVICES PC | TRINITAS PHYSICIANS PRACTICE,FALSE,independence_unresolved,no affirmative evidence either way,,,,,
1386038214,"Elise Clem, MD",PE,roster_only,,,AL,affiliation_location_mismatch,,,,,,,,,,,,,Together Women's Health,,,,,,,,independence_unresolved,affiliation_location_mismatch,,,,,
1386212280,Dr. Nabeel Salka,PE,fielded+universe,pair_242,Springfield,IL,no_dac_affiliation,,,,,,,,,,,,,,Hospital,,,,,,,independence_unresolved,no_dac_affiliation,,,,,
1386214641,Dr. Savannah Nightingale,PE,fielded+universe,pair_299,Long Branch,NJ,no_dac_affiliation,,,,,,,,,,,,,,,,,,,,,independence_unresolved,no_dac_affiliation,,,,,
1386613891,"Susan Roitman, MD, FACOG",PE,roster_only,,,NJ,affiliation_location_mismatch,,,,,,,,,,,,,Axia Women's Health,,,,,,,,independence_unresolved,affiliation_location_mismatch,,,,,
1386632255,"Michael Conley, MD, FACOG",PE,roster_only,,,NJ,affiliation_location_mismatch,,,,,,,,,,,,,Axia Women's Health,,,,,,,,independence_unresolved,affiliation_location_mismatch,,,,,
1386654408,Dr. Brett Vassallo,Non-PE,universe,pair_323,Arlington Heights,IL,location_resolved,phone,0840180303,ILLINOIS UROGYNECOLOGY LTD,6,4,6,1,3,6,1,1.0,,,,,,,6,ILLINOIS UROGYNECOLOGY LTD,TRUE,independent_supported,"single-specialty OB/GYN organisation, no system token, no PE-roster member",,,,,
1386662872,"Michael Dimino, MD, FACOG",PE,roster_only,,,NJ,affiliation_location_mismatch,,,,,,,,,,,,,Axia Women's Health,,,,,,,,independence_unresolved,affiliation_location_mismatch,,,,,
1386692028,Dr. Michelle Neff,PE,fielded+universe,pair_297,Carmel,IN,location_resolved,city_state,0749188142,SEVEN HILLS OB-GYN ASSOCIATES LLC,110,28,65,12,32,110,7,0.5909,Axia Women's Health,Axia Women's Health,Hospital,6608780978,48,OBSTETRICS & GYNECOLOGY OF INDIANA PC,,,,not_independent_supported,"sampled organisation contains clinicians from PE platform ""Axia Women's Health"" on the study roster",,,,,
1386699494,"Danny Benjamin, MD",PE,roster_only,,,MI,affiliation_location_mismatch,,,,,,,,,,,,,Unified Women's Healthcare,,,,,,,,independence_unresolved,affiliation_location_mismatch,,,,,
1386700367,Thomas A. Molinaro,PE,roster_only,,,NJ,no_dac_affiliation,,,,,,,,,,,,,,,,,,,,,independence_unresolved,no_dac_affiliation,,,,,
1386803260,Dr. Tessie Larrieu,Non-PE,universe,pair_106,Miami,FL,location_resolved,phone,8921091786,VITALMD GROUP HOLDING LLC,430,152,283,375,117,430,22,0.6581,Femwell Group Health,Femwell Group Health,,,,,430,VITALMD GROUP HOLDING LLC,FALSE,not_independent_supported,"sampled organisation contains clinicians from PE platform ""Femwell Group Health"" on the study roster",,,,,
1386842136,Dr. Amir Shariati,Non-PE,universe,pair_26,Coconut Creek,FL,location_resolved,phone,2264752443,INSTITUTE FOR WOMEN'S HEALTH AND BODY LLC,43,7,27,3,34,43,5,0.6279,,,,,,,43,INSTITUTE FOR WOMEN'S HEALTH AND BODY LLC,FALSE,independence_unresolved,no affirmative evidence either way,,,,,
1386851350,"Anthony  N. Imudia, M.D.",PE,roster_only,,,FL,no_dac_affiliation,,,,,,,,,,,,,,,,,,,,,independence_unresolved,no_dac_affiliation,,,,,
1386864155,Malgorzata E. Skaznik-Wikiel,PE,roster_only,,,CO,no_dac_affiliation,,,,,,,,,,,,,,,,,,,,,independence_unresolved,no_dac_affiliation,,,,,
1386871333,Dr. Vijayselwyn Dhas,Non-PE,universe,pair_213,Tampa,FL,location_resolved,phone,9234031444,WOMENS CARE FLORIDA LLC,293,58,198,260,74,293,8,0.6758,Women's Care Enterprises,Women's Care Enterprises,,,,,293,WOMENS CARE FLORIDA LLC,FALSE,not_independent_supported,"sampled organisation contains clinicians from PE platform ""Women's Care Enterprises"" on the study roster",,,,,
1386902203,Dr. Giselle Torres,Non-PE,universe,pair_177,Tampa,FL,location_resolved,phone,9234031444,WOMENS CARE FLORIDA LLC,293,58,198,260,74,293,8,0.6758,Women's Care Enterprises,Women's Care Enterprises,,,,,293,WOMENS CARE FLORIDA LLC,FALSE,not_independent_supported,"sampled organisation contains clinicians from PE platform ""Women's Care Enterprises"" on the study roster",,,,,
1396035580,Dr. Tara Abraham,Non-PE,universe,pair_306,Washington,DC,location_resolved,phone,3173510328,FOXHALL OB GYN ASSOC PC,11,0,11,11,1,11,,,,,,,,,11,FOXHALL OB GYN ASSOC PC,FALSE,independence_unresolved,no affirmative evidence either way,,,,,
1396075057,Dr. Remberto Santos,Non-PE,universe,pair_137,North Miami,FL,no_organisation_on_sampled_row,phone,,,,,,,,,,,,,,,,,NA,,NA,independence_unresolved,no_organisation_on_sampled_row,,,,,
1396108528,"Michelle Melanson, MD",PE,roster_only,,,FL,affiliation_location_mismatch,,,,,,,,,,,,,Women's Care Enterprises,,,,,,,,independence_unresolved,affiliation_location_mismatch,,,,,
1396123550,Dr. Ramya Sethuram,PE,roster_only,,,CA,no_dac_affiliation,,,,,,,,,,,,,,,,,,,,,independence_unresolved,no_dac_affiliation,,,,,
1396179073,Dr. Robert Drenchko,PE,fielded+universe,pair_248,Sylvania,OH,location_resolved,city_state,2365348190,PROMEDICA CENTRAL PHYSICIANS,821,100,36,146,66,821,44,0.0438,Women's Care Enterprises,Women's Care Enterprises,,2365348190|2961309638,879,PROMEDICA CENTRAL PHYSICIANS LLC|THE TOLEDO HOSPITAL,,,,not_independent_supported,"sampled organisation contains clinicians from PE platform ""Women's Care Enterprises"" on the study roster",,,,,
1396181046,"Emily Barnard, D.O.",PE,roster_only,,,MD,no_dac_affiliation,,,,,,,,,,,,,,,,,,,,,independence_unresolved,no_dac_affiliation,,,,,
1396187449,Dr. Estrella Chavez Benzaquen,Non-PE,fielded+universe,pair_154,Pompano Beach,FL,location_resolved,phone,4486634417,PEDIATRIX MEDICAL GROUP OF FLORIDA INC,58,15,31,1,49,58,8,0.5345,,,Hospital,7416868120,164,"COMMUNITY HEALTH CENTERS OF THE CENTRAL COAST, INC.",58,PEDIATRIX MEDICAL GROUP OF FLORIDA INC,FALSE,independence_unresolved,no affirmative evidence either way,,,,,
1396300653,"Chinwe Echeazu, MD, MPH",PE,roster_only,,,MD,affiliation_location_mismatch,,,,,,,,,,,,,Advantia Health,,,,,,,,independence_unresolved,affiliation_location_mismatch,,,,,
1396713392,Dr. Kimberly Biss,PE,universe,pair_190,Tampa,FL,location_resolved,phone,9234031444,WOMENS CARE FLORIDA LLC,293,58,198,4,74,293,8,0.6758,Women's Care Enterprises,Women's Care Enterprises,,,,,,,,not_independent_supported,"sampled organisation contains clinicians from PE platform ""Women's Care Enterprises"" on the study roster",,,,,
1396746194,"Margot Abundis, MD",PE,roster_only,,,MI,affiliation_location_mismatch,,,,,,,,,,,,,Together Women's Health,,,,,,,,independence_unresolved,affiliation_location_mismatch,,,,,
1396779229,Dr. Efren Salinero,PE,universe,pair_9,Coral Gables,FL,no_dac_affiliation,,,,,,,,,,,,,,,,,,,,,independence_unresolved,no_dac_affiliation,,,,,
1396780649,Dr. Oscar Morales,PE,universe,pair_64,Miami,FL,location_resolved,city_state,8921091786,VITALMD GROUP HOLDING LLC,430,152,283,375,117,430,22,0.6581,Femwell Group Health,Femwell Group Health,,,,,,,,not_independent_supported,"sampled organisation contains clinicians from PE platform ""Femwell Group Health"" on the study roster",,,,,
1396852190,"Mojdeh Saberin, MD",PE,roster_only,,,NJ,affiliation_location_mismatch,,,,,,,,,,,,,Axia Women's Health,,,,,,,,independence_unresolved,affiliation_location_mismatch,,,,,
1396890596,Dr. Carrie Greenspan,PE,universe,pair_392,Coral Springs,FL,location_resolved,phone,8921091786,VITALMD GROUP HOLDING LLC,430,152,283,1,117,430,22,0.6581,Femwell Group Health,Femwell Group Health,,,,,,,,not_independent_supported,"sampled organisation contains clinicians from PE platform ""Femwell Group Health"" on the study roster",,,,,
1396905642,Dr. Meaghan Delaney,Non-PE,universe,pair_424,Worcester,MA,location_resolved,phone,4284539891,UMASS MEMORIAL MEDICAL GROUP INC,1871,348,48,27,87,1871,61,0.0257,Unified Women's Healthcare,Unified Women's Healthcare,,,,,1871,UMASS MEMORIAL MEDICAL GROUP INC,FALSE,not_independent_supported,"sampled organisation contains clinicians from PE platform ""Unified Women's Healthcare"" on the study roster",,,,,
1407210883,"Amanda N. King, MD",PE,roster_only,,,MI,affiliation_location_mismatch,,,,,,,,,,,,,Unified Women's Healthcare,,,,,,,,independence_unresolved,affiliation_location_mismatch,,,,,
1407266901,Dr. Maria Munoz,Non-PE,fielded+universe,pair_405,Boca Raton,FL,location_resolved,phone,5395807218,FLORIDA WOMAN CARE LLC,510,87,337,2,214,510,8,0.6608,Women's Care Enterprises,Women's Care Enterprises,Hospital,7416244496,389,"PROSPECT CT MEDICAL FOUNDATION, INC.",510,FLORIDA WOMAN CARE LLC,FALSE,not_independent_supported,"sampled organisation contains clinicians from PE platform ""Women's Care Enterprises"" on the study roster",,,,,
1407426752,Dr. Harshini Sahani,PE,universe,pair_210,Jacksonville,FL,no_dac_affiliation,,,,,,,,,,,,,,,,,,,,,independence_unresolved,no_dac_affiliation,,,,,
1407805922,"Karyn Grimm Herndon, MD, FACOG",PE,roster_only,,,IL,affiliation_location_mismatch,,,,,,,,,,,,,Together Women's Health,,,,,,,,independence_unresolved,affiliation_location_mismatch,,,,,
1407817505,"Christine Sigal, MD, FACOG",PE,roster_only,,,NJ,affiliation_location_mismatch,,,,,,,,,,,,,Axia Women's Health,,,,,,,,independence_unresolved,affiliation_location_mismatch,,,,,
1407819808,Dr. Tara Solomon,Non-PE,universe,pair_37,Coconut Creek,FL,no_organisation_on_sampled_row,phone,,,,,,,,,,,,,,,,,NA,,NA,independence_unresolved,no_organisation_on_sampled_row,,,,,
1407829815,Dr. Aimee Ferrandino,PE,fielded,pair_167,Durham,NC,no_dac_affiliation,,,,,,,,,,,,,,,1355254368,2787,PRIVATE DIAGNOSTIC CLINIC PLLC,,,,independence_unresolved,no_dac_affiliation,,,,,
1407842461,"Amy Solomon, MD",PE,roster_only,,,FL,affiliation_location_mismatch,,,,,,,,,,,,,Women's Care Enterprises,,,,,,,,independence_unresolved,affiliation_location_mismatch,,,,,
1407846637,Dr. Kristine Bolin,PE,universe,pair_216,Fishers,IN,location_resolved,city_state,0749188142,SEVEN HILLS OB-GYN ASSOCIATES LLC,110,28,65,4,32,110,7,0.5909,Axia Women's Health,Axia Women's Health,,,,,,,,not_independent_supported,"sampled organisation contains clinicians from PE platform ""Axia Women's Health"" on the study roster",,,,,
1407849722,Dr. Stephanie Gordon,Non-PE,universe,pair_295,Stockbridge,GA,location_resolved,phone,9931196516,THE WOMENS CENTER PC,3,1,3,1,2,3,,,,,,,,,3,THE WOMENS CENTER PC,TRUE,independence_unresolved,no affirmative evidence either way,,,,,
1407860661,"Gayle Harris, MD, FACOG",PE,roster_only,,,CT,affiliation_location_mismatch,,,,,,,,,,,,,Unified Women's Healthcare,,,,,,,,independence_unresolved,affiliation_location_mismatch,,,,,
1407885114,"Caleb Kallen, M.D.",PE,roster_only,,,PA,no_dac_affiliation,,,,,,,,,,,,,,,,,,,,,independence_unresolved,no_dac_affiliation,,,,,
1407903495,Dr. Jocelyn Craparo,PE,fielded+universe,pair_392,Bryn Mawr,PA,location_resolved,phone,2961316328,REGIONAL WOMENS HEALTH GROUP LLC,334,85,227,24,110,334,8,0.6796,Axia Women's Health,Axia Women's Health,Hospital,2961316328|4082679519,298,REGIONAL WOMENS HEALTH GROUP LLC|WOMENS HEALTH CARE GROUP OF PENNSYLVANIA LLC,,,,not_independent_supported,"sampled organisation contains clinicians from PE platform ""Axia Women's Health"" on the study roster",,,,,
1417003047,"Lauren Roth, M.D.",PE,roster_only,,,MD,no_dac_affiliation,,,,,,,,,,,,,,,,,,,,,independence_unresolved,no_dac_affiliation,,,,,
1417026188,Dr. Stephanie Chin,PE,fielded+universe,pair_331,Tucson,AZ,location_resolved,phone,4284724279,GENESIS OB GYN PLLC,60,12,39,21,13,60,3,0.65,Unified Women's Healthcare,Unified Women's Healthcare,Hospital,4284724279,52,"GENESIS OB/GYN, PC",,,,not_independent_supported,"sampled organisation contains clinicians from PE platform ""Unified Women's Healthcare"" on the study roster",,,,,
1417110271,"Carlene Denis, MD, FACOG",PE,roster_only,,,NJ,affiliation_location_mismatch,,,,,,,,,,,,,Axia Women's Health,,,,,,,,independence_unresolved,affiliation_location_mismatch,,,,,
1417110610,Dr. Ryan Neuhaus,PE,universe,pair_169,Tampa,FL,location_resolved,phone,9234031444,WOMENS CARE FLORIDA LLC,293,58,198,9,74,293,8,0.6758,Women's Care Enterprises,Women's Care Enterprises,,,,,,,,not_independent_supported,"sampled organisation contains clinicians from PE platform ""Women's Care Enterprises"" on the study roster",,,,,
1417190125,Dr. Valerie Gathers,Non-PE,fielded+universe,pair_297,Fishers,IN,location_resolved,phone,7012047640,ST VINCENT MEDICAL GROUP INC,628,132,24,1,141,628,45,0.0382,,,,1759416662,1286,COMMUNITY PHYSICIANS OF INDIANA INC,628,ST VINCENT MEDICAL GROUP INC,FALSE,not_independent_supported,organisation name carries a hospital/system/academic/government token,,,,,
1417222852,Dr. Angela Maria Truong,Non-PE,universe,pair_100,Miami,FL,location_resolved,phone,0244380434,PUBLIC HEALTH TRUST OF MIAMI DADE COUNTY FLORIDA,340,24,11,111,8,340,25,0.0324,,,,,,,340,PUBLIC HEALTH TRUST OF MIAMI DADE COUNTY FLORIDA,FALSE,not_independent_supported,organisation name carries a hospital/system/academic/government token,,,,,
1417290719,Dr. Philip Cheng,PE,fielded,pair_169,Basking Ridge,NJ,no_dac_affiliation,,,,,,,,,,,,,,,941525273,1582,UNIVERSITY OF UTAH ADULT SERVICES,,,,independence_unresolved,no_dac_affiliation,,,,,
1417307216,Dr. Allison Halstead,Non-PE,universe,pair_36,Miami,FL,location_resolved,phone,8921091786,VITALMD GROUP HOLDING LLC,430,152,283,375,117,430,22,0.6581,Femwell Group Health,Femwell Group Health,,,,,430,VITALMD GROUP HOLDING LLC,FALSE,not_independent_supported,"sampled organisation contains clinicians from PE platform ""Femwell Group Health"" on the study roster",,,,,
1417368382,"Katherine MacLean, MD",PE,roster_only,,,NJ,affiliation_location_mismatch,,,,,,,,,,,,,Axia Women's Health,,,,,,,,independence_unresolved,affiliation_location_mismatch,,,,,
1417410861,"Shelby Keyser, DO",PE,roster_only,,,NJ,no_dac_affiliation,,,,,,,,,,,,,,,,,,,,,independence_unresolved,no_dac_affiliation,,,,,
1417441288,Dr. Serena Joseph,PE,universe,pair_180,Altamonte Springs,FL,location_resolved,city_state,5395807218,FLORIDA WOMAN CARE LLC,510,87,337,14,214,510,8,0.6608,Women's Care Enterprises,Women's Care Enterprises,,,,,,,,not_independent_supported,"sampled organisation contains clinicians from PE platform ""Women's Care Enterprises"" on the study roster",,,,,
1417480005,Dr. Catherine Walkington,PE,roster_only,,,FL,affiliation_location_mismatch,,,,,,,,,,,,,Femwell Group Health,,,,,,,,independence_unresolved,affiliation_location_mismatch,,,,,
1417537283,Dr. Madison Rush,PE,universe,pair_203,East Lansing,MI,no_dac_affiliation,,,,,,,,,,,,,,,,,,,,,independence_unresolved,no_dac_affiliation,,,,,
1417901174,Dr. Daphne Tumaneng,Non-PE,fielded+universe,pair_68,Warren,MI,location_resolved,phone,0648180406,ASCENSION MEDICAL GROUP MICHIGAN,102,33,15,5,50,102,15,0.1471,,,Hospital,648180406|7315859725|7618880667,839,ASCENSION MACOMB OAKLAND HOSPITAL|ASCENSION MEDICAL GROUP MICHIGAN|HAWAII PERMANENTE MEDICAL GROUP I,102,ASCENSION MEDICAL GROUP MICHIGAN,FALSE,not_independent_supported,organisation name carries a hospital/system/academic/government token,,,,,
1417926841,Dr. Ileana Romero-Bolumen,PE,universe,pair_138,Lauderhill,FL,no_dac_affiliation,,,,,,,,,,,,,,,,,,,,,independence_unresolved,no_dac_affiliation,,,,,
1417933292,Dr. Susan Laufer,PE,universe,pair_359,Boynton Beach,FL,no_dac_affiliation,,,,,,,,,,,,,,,,,,,,,independence_unresolved,no_dac_affiliation,,,,,
1417947474,"Lee D. Koon, MD, FACOG",PE,roster_only,,,AZ,affiliation_location_mismatch,,,,,,,,,,,,,Unified Women's Healthcare / Genesis OBGYN,,,,,,,,independence_unresolved,affiliation_location_mismatch,,,,,
1417956970,Dr. Mitzi Brock,Non-PE,universe,pair_91,Jacksonville,FL,location_resolved,phone,5395807218,FLORIDA WOMAN CARE LLC,510,87,337,1,214,510,8,0.6608,Women's Care Enterprises,Women's Care Enterprises,,,,,510,FLORIDA WOMAN CARE LLC,FALSE,not_independent_supported,"sampled organisation contains clinicians from PE platform ""Women's Care Enterprises"" on the study roster",,,,,
1417970377,Dr. Benny Esquenazi,PE,universe,pair_355,Pembroke Pines,FL,location_resolved,city_state,8921091786,VITALMD GROUP HOLDING LLC,430,152,283,5,117,430,22,0.6581,Femwell Group Health,Femwell Group Health,,,,,,,,not_independent_supported,"sampled organisation contains clinicians from PE platform ""Femwell Group Health"" on the study roster",,,,,
1417975301,Dr. Cesar Vinueza,PE,universe,pair_364,Miami,FL,no_dac_affiliation,,,,,,,,,,,,,,,,,,,,,independence_unresolved,no_dac_affiliation,,,,,
1417986381,Dr. Jeffrey Litt,PE,fielded,pair_91,Miami,FL,location_resolved,city_state,8921091786,VITALMD GROUP HOLDING LLC,430,152,283,375,117,430,22,0.6581,Femwell Group Health,Femwell Group Health,Hospital,8921091786,466,VITALMD GROUP HOLDING LLC,,,,not_independent_supported,"sampled organisation contains clinicians from PE platform ""Femwell Group Health"" on the study roster",,,,,
1427025204,Dr. Jennifer Nixon,PE,universe,pair_161,Lakeland,FL,location_resolved,phone,9234031444,WOMENS CARE FLORIDA LLC,293,58,198,8,74,293,8,0.6758,Women's Care Enterprises,Women's Care Enterprises,,,,,,,,not_independent_supported,"sampled organisation contains clinicians from PE platform ""Women's Care Enterprises"" on the study roster",,,,,
1427081736,Dr. Dilip Bharucha,PE,fielded+universe,pair_492,Kearny,NJ,location_resolved,phone,2961316328,REGIONAL WOMENS HEALTH GROUP LLC,334,85,227,3,110,334,8,0.6796,Axia Women's Health,Axia Women's Health,,5890825152,7,KIRIT PATEL M D P A,,,,not_independent_supported,"sampled organisation contains clinicians from PE platform ""Axia Women's Health"" on the study roster",,,,,
1427083914,"Kara E. Cockfield, MD",PE,roster_only,,,MI,affiliation_location_mismatch,,,,,,,,,,,,,Unified Women's Healthcare,,,,,,,,independence_unresolved,affiliation_location_mismatch,,,,,
1427120948,Dr. Meera Patel,Non-PE,fielded,pair_183,Clayton,MO,location_resolved,phone,8224923800,REHABILITATION PROFESSIONALS INC,170,47,5,170,2,170,23,0.0294,,,Hospital,3072421254,403,PHYSICIAN GROUPS LC,412,PHYSICIAN GROUPS LC | REHABILITATION PROFESSIONALS INC,FALSE,independence_unresolved,"large organisation, name uninformative; needs external adjudication",,,,,
1427153303,Dr. Judith Ferguson,PE,roster_only,,,FL,no_dac_affiliation,,,,,,,,,,,,,,,,,,,,,independence_unresolved,no_dac_affiliation,,,,,
1427167261,Dr. Jason Green,PE,universe,pair_10,Deerfield Beach,FL,location_resolved,city_state,8921091786,VITALMD GROUP HOLDING LLC,430,152,283,2,117,430,22,0.6581,Femwell Group Health,Femwell Group Health,,,,,,,,not_independent_supported,"sampled organisation contains clinicians from PE platform ""Femwell Group Health"" on the study roster",,,,,
1427246776,Dr. Roberto Burgos-Rodriguez,Non-PE,universe,pair_43,Riverview,FL,location_resolved,phone,9234031444,WOMENS CARE FLORIDA LLC,293,58,198,8,74,293,8,0.6758,Women's Care Enterprises,Women's Care Enterprises,,,,,293,WOMENS CARE FLORIDA LLC,FALSE,not_independent_supported,"sampled organisation contains clinicians from PE platform ""Women's Care Enterprises"" on the study roster",,,,,
1427311729,Dr. Daniel Cibulsky,Non-PE,fielded,pair_273,Jersey City,NJ,location_resolved,phone,9537316955,BARNABAS HEALTH MEDICAL GROUP PC,566,167,55,13,171,566,41,0.0972,,,Hospital,3274430665,262,PHYSICIANS FOR WOMENS HEALTH LLC,566,BARNABAS HEALTH MEDICAL GROUP PC,FALSE,not_independent_supported,organisation name carries a hospital/system/academic/government token,,,,,
1427435593,Nola S. Herlihy,PE,roster_only,,,TX,no_dac_affiliation,,,,,,,,,,,,,,,,,,,,,independence_unresolved,no_dac_affiliation,,,,,
1427481043,Dr. Hailey Robbins,Non-PE,universe,pair_297,Columbus,GA,location_resolved,phone,8729381033,ST FRANCIS PHYSICIAN PRACTICES LLC,81,18,13,53,17,81,,,,,,,,,81,ST FRANCIS PHYSICIAN PRACTICES LLC,FALSE,independence_unresolved,no affirmative evidence either way,,,,,
1427599646,Dr. Elise Gershman,PE,roster_only,,,FL,affiliation_location_mismatch,,,,,,,,,,,,,Femwell Group Health,,,,,,,,independence_unresolved,affiliation_location_mismatch,,,,,
1427679026,"Madeline Herrera, DO",PE,roster_only,,,MI,no_dac_affiliation,,,,,,,,,,,,,,,,,,,,,independence_unresolved,no_dac_affiliation,,,,,
1437117793,Dr. Andrew Shapiro,PE,fielded+universe,pair_428,Miami,FL,location_resolved,city_state,8921091786,VITALMD GROUP HOLDING LLC,430,152,283,375,117,430,22,0.6581,Femwell Group Health,Femwell Group Health,Home health agency|Hospital,1254485113|8921091786,466,ANDREW J SHAPIRO MD PA|VITALMD GROUP HOLDING LLC,,,,not_independent_supported,"sampled organisation contains clinicians from PE platform ""Femwell Group Health"" on the study roster",,,,,
1437119054,Dr. Babu Chithriki,Non-PE,universe,pair_23,Miramar,FL,location_resolved,phone,5799016846,DHP OF MANATEE PA,37,10,36,7,7,37,2,0.973,,,,,,,37,"DHP OF MANATEE PA | MEMORIAL SATILLA SPECIALISTS, LLC",FALSE,independent_supported,"single-specialty OB/GYN organisation, no system token, no PE-roster member",,,,,
1437140589,Dr. Judy Tom,PE,fielded+universe,pair_322,Glendale,AZ,location_resolved,city_state,3375529100,DESERT WEST OBSTETRICS AND GYNECOLOGY LTD,18,3,15,18,1,18,3,0.8333,Unified Women's Healthcare / Genesis OBGYN,Unified Women's Healthcare / Genesis OBGYN,Hospital,3375529100|7911094040,58,"ARIZONA OBGYN AFFILIATES, PC|DESERT WEST OBSTETRICS & GYNECOLOGY LTD",,,,not_independent_supported,"sampled organisation contains clinicians from PE platform ""Unified Women's Healthcare / Genesis OBGYN"" on the study roster",,,,,
1437140704,Dr. Jill Page,Non-PE,universe,pair_379,Rochester Hills,MI,location_resolved,phone,4183673015,"OAKLAND MACOMB OBSTETRICS AND GYNECOLOGY, P.C.",19,5,17,11,5,19,2,0.8947,,,,,,,19,"OAKLAND MACOMB OBSTETRICS AND GYNECOLOGY, P.C.",FALSE,independent_supported,"single-specialty OB/GYN organisation, no system token, no PE-roster member",,,,,
1437143716,"Phillip Williams, MD, FACOG",PE,roster_only,,,AZ,affiliation_location_mismatch,,,,,,,,,,,,,,,,,,,,,independence_unresolved,affiliation_location_mismatch,,,,,
1437144045,Dr. Harold Leach,PE,universe,pair_146,Farmington Hills,MI,location_resolved,city_state,0345413258,MICHIGAN HEALTHCARE PROFESSIONALS PC,449,113,20,8,136,449,41,0.0445,Unified Women's Healthcare,Unified Women's Healthcare,,,,,,,,not_independent_supported,"sampled organisation contains clinicians from PE platform ""Unified Women's Healthcare"" on the study roster",,,,,
1437144839,Dr. Akram Zalatimo,PE,fielded+universe,pair_315,Wilkes Barre,PA,no_organisation_on_sampled_row,phone,,,,,,,,,,,,,Hospital,,,,,,,independence_unresolved,no_organisation_on_sampled_row,,,,,
1437177334,Dr. Elina Burstyn,Non-PE,fielded+universe,pair_216,Latham,NY,location_resolved,phone,9335208099,CAPITAL REGION OB-GYN,4,0,2,1,2,4,2,0.5,,,Hospital,9335208099,1,CAPITAL REGION OB-GYN,4,CAPITAL REGION OB-GYN,TRUE,independence_unresolved,no affirmative evidence either way,,,,,
1437198215,Dr. Matilda Miranda,PE,universe,pair_455,Bridgewater,NJ,location_resolved,phone,2961316328,REGIONAL WOMENS HEALTH GROUP LLC,334,85,227,3,110,334,8,0.6796,Axia Women's Health,Axia Women's Health,,,,,,,,not_independent_supported,"sampled organisation contains clinicians from PE platform ""Axia Women's Health"" on the study roster",,,,,
1437263126,"Wendy Schillings, MD",PE,roster_only,,,DE,no_dac_affiliation,,,,,,,,,,,,,,,,,,,,,independence_unresolved,no_dac_affiliation,,,,,
1437264389,Dr. Zoe Beatty,PE,fielded+universe,pair_388,Raleigh,NC,location_resolved,phone,0042448169,UWH OF THE CAROLINAS PLLC,294,40,208,8,66,294,8,0.7075,Unified Women's Healthcare,Unified Women's Healthcare,,42448169,301,UWH OF NORTH CAROLINA LLP,,,,not_independent_supported,"sampled organisation contains clinicians from PE platform ""Unified Women's Healthcare"" on the study roster",,,,,
1437323219,Dr. Jorge Pando,Non-PE,universe,pair_355,Miami Lakes,FL,no_organisation_on_sampled_row,phone,,,,,,,,,,,,,,,,,NA,,NA,independence_unresolved,no_organisation_on_sampled_row,,,,,
1437354099,Dr. Matthew Palmer,Non-PE,fielded+universe,pair_367,Plymouth,MN,location_resolved,phone,1355396110,PREMIER OBGYN OF MINNESOTA PLLC,68,14,46,16,21,68,6,0.6765,Unified Women's Healthcare,Unified Women's Healthcare,Hospital,1355396110|42123028,935,NORTH MEMORIAL HEALTH CARE|PREMIER OBGYN OF MINNESOTA PA,68,PREMIER OBGYN OF MINNESOTA PLLC,FALSE,not_independent_supported,"sampled organisation contains clinicians from PE platform ""Unified Women's Healthcare"" on the study roster",,,,,
1437370681,Dr. Rita Eye,Non-PE,universe,pair_186,Maitland,FL,location_resolved,phone,5395807218,FLORIDA WOMAN CARE LLC,510,87,337,8,214,510,8,0.6608,Women's Care Enterprises,Women's Care Enterprises,,,,,510,FLORIDA WOMAN CARE LLC,FALSE,not_independent_supported,"sampled organisation contains clinicians from PE platform ""Women's Care Enterprises"" on the study roster",,,,,
1437372604,"Sara Nicholas, MD, FACOG",PE,roster_only,,,NJ,affiliation_location_mismatch,,,,,,,,,,,,,Axia Women's Health,,,,,,,,independence_unresolved,affiliation_location_mismatch,,,,,
1437443108,"Morgan Tucker, MD",PE,roster_only,,,AL,no_dac_affiliation,,,,,,,,,,,,,,,,,,,,,independence_unresolved,no_dac_affiliation,,,,,
1437443835,Dr. Emma Rodgers Biebuyck,Non-PE,fielded+universe,pair_2,Petoskey,MI,ambiguous_multiple_org,phone,0345626073,UWH OF MICHIGAN PLC,39,8,31,6,5,39,2,0.7949,Unified Women's Healthcare,Unified Women's Healthcare,Hospital,6103808878,8,"BAYVIEW OB/GYN, PC",39,"BAYVIEW OB/GYN, PC | UWH OF MICHIGAN PLC",FALSE,independence_unresolved,ambiguous_multiple_org,,,,,
1437560703,Brent M. Hanson,PE,roster_only,,,CA,no_dac_affiliation,,,,,,,,,,,,,,,,,,,,,independence_unresolved,no_dac_affiliation,,,,,
1437583416,Dr. Marielena Guerra,PE,roster_only,,,FL,affiliation_location_mismatch,,,,,,,,,,,,,Femwell Group Health,,,,,,,,independence_unresolved,affiliation_location_mismatch,,,,,
1437595758,"Cassandra Roeca, M.D.",PE,roster_only,,,MD,no_dac_affiliation,,,,,,,,,,,,,,,,,,,,,independence_unresolved,no_dac_affiliation,,,,,
1437655008,Jessica Tozour,PE,roster_only,,,NJ,no_dac_affiliation,,,,,,,,,,,,,,,,,,,,,independence_unresolved,no_dac_affiliation,,,,,
1437788312,Dr. Kharian Youmans,PE,fielded,pair_214,Jacksonville,FL,no_dac_affiliation,,,,,,,,,,,,,,,,,,,,,independence_unresolved,no_dac_affiliation,,,,,
1447216908,Dr. Jorge Martin,Non-PE,universe,pair_377,Miami,FL,location_resolved,phone,8921091786,VITALMD GROUP HOLDING LLC,430,152,283,375,117,430,22,0.6581,Femwell Group Health,Femwell Group Health,,,,,430,VITALMD GROUP HOLDING LLC,FALSE,not_independent_supported,"sampled organisation contains clinicians from PE platform ""Femwell Group Health"" on the study roster",,,,,
1447241658,Dr. Stanley Surette,PE,universe,pair_429,Worcester,MA,location_resolved,phone,3274430665,"PHYSICIANS FOR WOMEN'S HEALTH, LLC",278,45,201,20,78,278,7,0.723,Unified Women's Healthcare,Unified Women's Healthcare,,,,,,,,not_independent_supported,"sampled organisation contains clinicians from PE platform ""Unified Women's Healthcare"" on the study roster",,,,,
1447250964,Dr. Jose Berthe,Non-PE,fielded+universe,pair_141,Coral Springs,FL,location_resolved,phone,8921091786,VITALMD GROUP HOLDING LLC,430,152,283,2,117,430,22,0.6581,Femwell Group Health,Femwell Group Health,,8921091786,466,VITALMD GROUP HOLDING LLC,430,VITALMD GROUP HOLDING LLC,FALSE,not_independent_supported,"sampled organisation contains clinicians from PE platform ""Femwell Group Health"" on the study roster",,,,,
1447309190,Dr. Sylvia Velarde,PE,universe,pair_114,Pembroke Pines,FL,no_dac_affiliation,,,,,,,,,,,,,,,,,,,,,independence_unresolved,no_dac_affiliation,,,,,
1447313515,Dr. Emily Balanky,PE,universe,pair_198,Jacksonville,FL,location_resolved,city_state,9234031444,WOMENS CARE FLORIDA LLC,293,58,198,1,74,293,8,0.6758,Women's Care Enterprises,Women's Care Enterprises,,,,,,,,not_independent_supported,"sampled organisation contains clinicians from PE platform ""Women's Care Enterprises"" on the study roster",,,,,
1447341920,Dr. Anthony Sciscione,Non-PE,fielded+universe,pair_340,Newark,DE,location_resolved,phone,6204923477,THE DELAWARE CENTER FOR MATERNAL AND FETAL MEDICINE OF CHRISTIANA CARE,9,3,7,8,2,9,2,0.7778,,,,6204923477|9739097569,1262,CHRISTIANA CARE HEALTH SERVICES INC|THE DELAWARE CENTER FOR MATERNAL AND FETAL MEDICINE OF CHRISTIAN,9,THE DELAWARE CENTER FOR MATERNAL AND FETAL MEDICINE OF CHRIS,TRUE,independent_supported,"single-specialty OB/GYN organisation, no system token, no PE-roster member",,,,,
1447350194,Dr. Carlos Pena,Non-PE,universe,pair_28,South Miami,FL,no_organisation_on_sampled_row,phone,,,,,,,,,,,,,,,,,NA,,NA,independence_unresolved,no_organisation_on_sampled_row,,,,,
1447350905,Dr. Daniel Goldstein,PE,universe,pair_438,Danbury,CT,location_resolved,phone,3274430665,"PHYSICIANS FOR WOMEN'S HEALTH, LLC",278,45,201,176,78,278,7,0.723,Unified Women's Healthcare,Unified Women's Healthcare,,,,,,,,not_independent_supported,"sampled organisation contains clinicians from PE platform ""Unified Women's Healthcare"" on the study roster",,,,,
1447363478,Dr. Sylvia Siegfried,PE,fielded+universe,pair_187,West Palm Beach,FL,location_resolved,phone,9234031444,WOMENS CARE FLORIDA LLC,293,58,198,9,74,293,8,0.6758,Women's Care Enterprises,Women's Care Enterprises,Hospital,4789626789,7,PALM BEACH OBSTETRICS & GYNECOLOGY PA,,,,not_independent_supported,"sampled organisation contains clinicians from PE platform ""Women's Care Enterprises"" on the study roster",,,,,
1447401351,Dr. Joseph Venditto,PE,roster_only,,,FL,affiliation_location_mismatch,,,,,,,,,,,,,Femwell Group Health,,,,,,,,independence_unresolved,affiliation_location_mismatch,,,,,
1447411699,Dr. Lindsay Curtis,PE,universe,pair_253,Abington,PA,location_resolved,city_state,2961316328,REGIONAL WOMENS HEALTH GROUP LLC,334,85,227,10,110,334,8,0.6796,Axia Women's Health,Axia Women's Health,,,,,,,,not_independent_supported,"sampled organisation contains clinicians from PE platform ""Axia Women's Health"" on the study roster",,,,,
1447460738,Dr. Gregory Guell,PE,roster_only,,,FL,affiliation_location_mismatch,,,,,,,,,,,,,Femwell Group Health,,,,,,,,independence_unresolved,affiliation_location_mismatch,,,,,
1447461736,Dr. Tamara Richards,PE,universe,pair_104,Clermont,FL,location_resolved,phone,8921091786,VITALMD GROUP HOLDING LLC,430,152,283,4,117,430,22,0.6581,Femwell Group Health,Femwell Group Health,,,,,,,,not_independent_supported,"sampled organisation contains clinicians from PE platform ""Femwell Group Health"" on the study roster",,,,,
1447477633,Dr. Jennifer Parker,Non-PE,universe,pair_98,Delray Beach,FL,location_resolved,phone,5395807218,FLORIDA WOMAN CARE LLC,510,87,337,3,214,510,8,0.6608,Women's Care Enterprises,Women's Care Enterprises,,,,,510,FLORIDA WOMAN CARE LLC,FALSE,not_independent_supported,"sampled organisation contains clinicians from PE platform ""Women's Care Enterprises"" on the study roster",,,,,
1447546338,Dr. Jacqueline Kohl,Non-PE,fielded,pair_293,Philadelphia,PA,location_resolved,phone,0648694414,PHILADELPHIA WOMENS HEALTH AND WELLNESS LLC,3,1,3,3,1,3,1,1.0,,,,3274437736,636,ABINGTON MEMORIAL HOSPITAL,3,PHILADELPHIA WOMENS HEALTH AND WELLNESS LLC,TRUE,independent_supported,"single-specialty OB/GYN organisation, no system token, no PE-roster member",,,,,
1447612973,Dr. Katherine Garfield,Non-PE,fielded,pair_175,Timonium,MD,location_resolved,phone,3779495858,"KAISER FOUNDATION HEALTH PLAN OF THE MID-ATLANTIC STATES,INC",1624,247,77,196,42,1624,58,0.0474,,,,,,,1624,"KAISER FOUNDATION HEALTH PLAN OF THE MID-ATLANTIC STATES,INC",FALSE,not_independent_supported,organisation name carries a hospital/system/academic/government token,,,,,
1447644935,Dr. Joshua Jones,PE,universe,pair_185,Tampa,FL,location_resolved,city_state,9234031444,WOMENS CARE FLORIDA LLC,293,58,198,260,74,293,8,0.6758,Women's Care Enterprises,Women's Care Enterprises,,,,,,,,not_independent_supported,"sampled organisation contains clinicians from PE platform ""Women's Care Enterprises"" on the study roster",,,,,
1447647938,"Elizabeth Bryant, MD",PE,roster_only,,,MI,affiliation_location_mismatch,,,,,,,,,,,,,Unified Women's Healthcare,,,,,,,,independence_unresolved,affiliation_location_mismatch,,,,,
1447814827,Mary Solomon,PE,roster_only,,,UT,no_dac_affiliation,,,,,,,,,,,,,,,,,,,,,independence_unresolved,no_dac_affiliation,,,,,
1457312738,"Paul Rebenack, MD",PE,roster_only,,,FL,affiliation_location_mismatch,,,,,,,,,,,,,Women's Care Enterprises,,,,,,,,independence_unresolved,affiliation_location_mismatch,,,,,
1457316465,"Uzoma Owunna, MD, FACOG",PE,roster_only,,,NJ,affiliation_location_mismatch,,,,,,,,,,,,,Axia Women's Health,,,,,,,,independence_unresolved,affiliation_location_mismatch,,,,,
1457322596,"Lennard Gildiner, MD, FACOG",PE,roster_only,,,NJ,affiliation_location_mismatch,,,,,,,,,,,,,Axia Women's Health,,,,,,,,independence_unresolved,affiliation_location_mismatch,,,,,
1457328064,Dr. Paul Vetter,Non-PE,fielded+universe,pair_497,Hackensack,NJ,location_resolved,phone,9133032519,HACKENSACK MERIDIAN HEALTH MEDICAL GROUP - SPECIALTY CARE PC,1117,248,93,431,85,1117,54,0.0833,,,Hospital,2961395819,10,BRICK WOMEN'S PHYSICIANS,1117,HACKENSACK MERIDIAN HEALTH MEDICAL GROUP - SPECIALTY CARE PC,FALSE,not_independent_supported,organisation name carries a hospital/system/academic/government token,,,,,
1457335499,Dr. Katia Apollon,Non-PE,fielded+universe,pair_428,Miami,FL,location_resolved,phone,8921091786,VITALMD GROUP HOLDING LLC,430,152,283,4,117,430,22,0.6581,Femwell Group Health,Femwell Group Health,,8921091786,466,VITALMD GROUP HOLDING LLC,430,VITALMD GROUP HOLDING LLC,FALSE,not_independent_supported,"sampled organisation contains clinicians from PE platform ""Femwell Group Health"" on the study roster",,,,,
1457337271,Dr. Michelle Starke,PE,universe,pair_117,Coral Gables,FL,no_dac_affiliation,,,,,,,,,,,,,,,,,,,,,independence_unresolved,no_dac_affiliation,,,,,
1457360109,Dr. Sandy Lieberman,PE,roster_only,,,FL,no_dac_affiliation,,,,,,,,,,,,,,,,,,,,,independence_unresolved,no_dac_affiliation,,,,,
1457371429,"William Schoolcraft, MD",PE,roster_only,,,CO,no_dac_affiliation,,,,,,,,,,,,,,,,,,,,,independence_unresolved,no_dac_affiliation,,,,,
1457374068,Dr. Jorge Gomez,Non-PE,fielded,pair_433,South Miami,FL,location_resolved,phone,8426014085,SOUTH FLORIDA PERINATAL MEDICINE,3,2,2,3,2,3,2,0.6667,,,,8224936851|8426014085,69,SOUTH FLORIDA PERINATAL MEDICINE|UNIVERSITY OF MIAMI OBSTETRICS & GYNECOLOGY,3,SOUTH FLORIDA PERINATAL MEDICINE,TRUE,independence_unresolved,no affirmative evidence either way,,,,,
1457437162,Dr. Jennifer Santiago,Non-PE,fielded,pair_355,Lanham,MD,location_resolved,phone,4385682061,PRIVIA MEDICAL GROUP LLC,1189,182,112,542,183,1189,48,0.0942,,,Hospital,4082528898,1106,"MEDICAL FACULTY ASSOCIATES, INC",1189,PRIVIA MEDICAL GROUP LLC,FALSE,independence_unresolved,"large organisation, name uninformative; needs external adjudication",,,,,
1457441784,"Raymond Quasarano, MD",PE,roster_only,,,MI,affiliation_location_mismatch,,,,,,,,,,,,,Together Women's Health,,,,,,,,independence_unresolved,affiliation_location_mismatch,,,,,
1457465825,Dr. Franz E. Rivera,PE,roster_only,,,FL,affiliation_location_mismatch,,,,,,,,,,,,,Femwell Group Health,,,,,,,,independence_unresolved,affiliation_location_mismatch,,,,,
1457473522,"Inna Berin, MD",PE,roster_only,,,NJ,no_dac_affiliation,,,,,,,,,,,,,,,,,,,,,independence_unresolved,no_dac_affiliation,,,,,
1457473704,Dr. Michele Lapayowker,Non-PE,universe,pair_356,Plantation,FL,location_resolved,phone,8921091786,VITALMD GROUP HOLDING LLC,430,152,283,6,117,430,22,0.6581,Femwell Group Health,Femwell Group Health,,,,,430,VITALMD GROUP HOLDING LLC,FALSE,not_independent_supported,"sampled organisation contains clinicians from PE platform ""Femwell Group Health"" on the study roster",,,,,
1457519738,Dr. Eva Crooke,Non-PE,fielded+universe,pair_212,Lutz,FL,location_resolved,phone,2163310236,WOMANS GROUP,23,1,22,5,4,23,2,0.9565,,,,2163310236,24,WOMANS GROUP,23,WOMANS GROUP,FALSE,independent_supported,"single-specialty OB/GYN organisation, no system token, no PE-roster member",,,,,
1457553562,Dr. Lucia Gaitan,PE,universe,pair_56,Miami,FL,location_resolved,city_state,8921091786,VITALMD GROUP HOLDING LLC,430,152,283,375,117,430,22,0.6581,Femwell Group Health,Femwell Group Health,,,,,,,,not_independent_supported,"sampled organisation contains clinicians from PE platform ""Femwell Group Health"" on the study roster",,,,,
1457615742,Dr. Ashley Abraham,PE,fielded,pair_236,Arlington Heights,IL,location_resolved,phone,7214203942,NORTHWEST COMMUNITY WOMEN SERVICES LLC,14,9,12,12,7,14,3,0.8571,Nova Women's Health Partners,Nova Women's Health Partners,Hospital,6901879311,38,VNA HEALTH CARE,,,,not_independent_supported,"sampled organisation contains clinicians from PE platform ""Nova Women's Health Partners"" on the study roster",,,,,
1457644635,"Renee Stevens, DO",PE,roster_only,,,MI,affiliation_location_mismatch,,,,,,,,,,,,,Unified Women's Healthcare,,,,,,,,independence_unresolved,affiliation_location_mismatch,,,,,
1457647190,Dr. Emily Harrison,PE,universe,pair_80,Miami,FL,location_resolved,city_state,8921091786,VITALMD GROUP HOLDING LLC,430,152,283,375,117,430,22,0.6581,Femwell Group Health,Femwell Group Health,,,,,,,,not_independent_supported,"sampled organisation contains clinicians from PE platform ""Femwell Group Health"" on the study roster",,,,,
1457660664,Dr. Leslie Bender,Non-PE,fielded+universe,pair_234,Tampa,FL,location_resolved,phone,5799016846,DHP OF MANATEE PA,37,10,36,10,7,37,2,0.973,,,,9234043712,168,MEDICAL FOUNDATION INC,37,DHP OF MANATEE PA,FALSE,independent_supported,"single-specialty OB/GYN organisation, no system token, no PE-roster member",,,,,
1457693293,Dr. Cassandra Mscp,PE,fielded,pair_365,Maplewood,MN,location_resolved,city_state,1355396110,PREMIER OBGYN OF MINNESOTA PLLC,68,14,46,2,21,68,6,0.6765,Unified Women's Healthcare,Unified Women's Healthcare,Hospital,1355396110,95,PREMIER OBGYN OF MINNESOTA PA,,,,not_independent_supported,"sampled organisation contains clinicians from PE platform ""Unified Women's Healthcare"" on the study roster",,,,,
1457715344,"Kristina Masi, MD",PE,roster_only,,,NJ,affiliation_location_mismatch,,,,,,,,,,,,,Axia Women's Health,,,,,,,,independence_unresolved,affiliation_location_mismatch,,,,,
1457731994,Dr. Frances Perez-Suarez,Non-PE,fielded+universe,pair_442,Miami,FL,location_resolved,phone,5395807218,FLORIDA WOMAN CARE LLC,510,87,337,8,214,510,8,0.6608,Women's Care Enterprises,Women's Care Enterprises,,,,,510,FLORIDA WOMAN CARE LLC,FALSE,not_independent_supported,"sampled organisation contains clinicians from PE platform ""Women's Care Enterprises"" on the study roster",,,,,
1457745382,"Meagan Cramer, MD",PE,roster_only,,,AL,affiliation_location_mismatch,,,,,,,,,,,,,Together Women's Health,,,,,,,,independence_unresolved,affiliation_location_mismatch,,,,,
1457746646,Dr. Lina Caicedo,PE,roster_only,,,FL,affiliation_location_mismatch,,,,,,,,,,,,,Femwell Group Health,,,,,,,,independence_unresolved,affiliation_location_mismatch,,,,,
1457768178,Dr. Lauren Mason-Cederberg,Non-PE,fielded+universe,pair_299,Long Branch,NJ,location_resolved,phone,9537316955,BARNABAS HEALTH MEDICAL GROUP PC,566,167,55,45,171,566,41,0.0972,,,Hospital,1456332170,154,"LIFELINE MEDICAL ASSOCIATES, LLC",566,BARNABAS HEALTH MEDICAL GROUP PC,FALSE,not_independent_supported,organisation name carries a hospital/system/academic/government token,,,,,
1457808651,Dr. Brian Vu,PE,fielded+universe,pair_377,Las Vegas,NV,location_resolved,city_state,4981687779,OPTUM MEDICAL GROUP II RHODES P C,314,48,11,70,22,314,15,0.035,Unified Women's Healthcare,Unified Women's Healthcare,,,,,,,,not_independent_supported,"sampled organisation contains clinicians from PE platform ""Unified Women's Healthcare"" on the study roster",,,,,
1467016196,Dr. Andres Hernandez,PE,fielded+universe,pair_251,Memphis,TN,location_resolved,city_state,1254241235,METHODIST INPATIENT PHYSICIANS LLC,113,9,0,24,5,113,5,0.0,Women's Care Enterprises,Women's Care Enterprises,Hospital,,,,,,,not_independent_supported,"sampled organisation contains clinicians from PE platform ""Women's Care Enterprises"" on the study roster",,,,,
1467430116,"Lisa Roberts, MD, FACOG, FACS, FICS",PE,roster_only,,,NV,affiliation_location_mismatch,,,,,,,,,,,,,Unified Women's Healthcare,,,,,,,,independence_unresolved,affiliation_location_mismatch,,,,,
1467436956,"Sakina Hakim, MD",PE,roster_only,,,MI,affiliation_location_mismatch,,,,,,,,,,,,,Unified Women's Healthcare,,,,,,,,independence_unresolved,affiliation_location_mismatch,,,,,
1467440271,Dr. Mitchell Feldman,Non-PE,universe,pair_42,Miami,FL,location_resolved,phone,8921091786,VITALMD GROUP HOLDING LLC,430,152,283,375,117,430,22,0.6581,Femwell Group Health,Femwell Group Health,,,,,430,VITALMD GROUP HOLDING LLC,FALSE,not_independent_supported,"sampled organisation contains clinicians from PE platform ""Femwell Group Health"" on the study roster",,,,,
1467472654,Dr. Emily Blair,Non-PE,universe,pair_431,Danbury,CT,location_resolved,phone,3274430665,"PHYSICIANS FOR WOMEN'S HEALTH, LLC",278,45,201,176,78,278,7,0.723,Unified Women's Healthcare,Unified Women's Healthcare,,,,,278,"PHYSICIANS FOR WOMEN'S HEALTH, LLC",FALSE,not_independent_supported,"sampled organisation contains clinicians from PE platform ""Unified Women's Healthcare"" on the study roster",,,,,
1467474767,Dr. Andrew Martin,PE,universe,pair_390,Clearwater,FL,no_dac_affiliation,,,,,,,,,,,,,,,,,,,,,independence_unresolved,no_dac_affiliation,,,,,
1467557546,Dr. Randye Karmin,Non-PE,universe,pair_363,Miami,FL,location_resolved,phone,5395807218,FLORIDA WOMAN CARE LLC,510,87,337,2,214,510,8,0.6608,Women's Care Enterprises,Women's Care Enterprises,,,,,510,FLORIDA WOMAN CARE LLC,FALSE,not_independent_supported,"sampled organisation contains clinicians from PE platform ""Women's Care Enterprises"" on the study roster",,,,,
1467569244,Dr. Patricia Calvo,PE,universe,pair_8,Miami,FL,location_resolved,phone,8921091786,VITALMD GROUP HOLDING LLC,430,152,283,2,117,430,22,0.6581,Femwell Group Health,Femwell Group Health,,,,,,,,not_independent_supported,"sampled organisation contains clinicians from PE platform ""Femwell Group Health"" on the study roster",,,,,
1467686162,Dr. Diana Huang,Non-PE,fielded+universe,pair_313,Bernardsville,NJ,location_resolved,phone,3678562188,ADVOCARE LLC,291,64,25,13,105,291,33,0.0859,,,,1456332170|4981684628,154,"LIFELINE MEDICAL ASSOCIATES, LLC|RUBINO OB GYN GROUP PA",291,ADVOCARE LLC,FALSE,independence_unresolved,"large organisation, name uninformative; needs external adjudication",,,,,
1467694083,Dr. Felipe Tudela,Non-PE,universe,pair_401,Miami,FL,location_resolved,phone,0244380434,PUBLIC HEALTH TRUST OF MIAMI DADE COUNTY FLORIDA,340,24,11,111,8,340,25,0.0324,,,,,,,340,PUBLIC HEALTH TRUST OF MIAMI DADE COUNTY FLORIDA,FALSE,not_independent_supported,organisation name carries a hospital/system/academic/government token,,,,,
1467773127,"Jason L. Bridge, MD, FACOG",PE,roster_only,,,FL,affiliation_location_mismatch,,,,,,,,,,,,,Women's Care Enterprises,,,,,,,,independence_unresolved,affiliation_location_mismatch,,,,,
1467779058,Dr. Juliana Rosenblat,PE,universe,pair_385,Miami,FL,location_resolved,city_state,8921091786,VITALMD GROUP HOLDING LLC,430,152,283,375,117,430,22,0.6581,Femwell Group Health,Femwell Group Health,,,,,,,,not_independent_supported,"sampled organisation contains clinicians from PE platform ""Femwell Group Health"" on the study roster",,,,,
1467914283,Dr. Julieta Morano,PE,universe,pair_370,Miami,FL,no_dac_affiliation,,,,,,,,,,,,,,,,,,,,,independence_unresolved,no_dac_affiliation,,,,,
1467984831,Dr. Myah Bell,PE,fielded+universe,pair_423,Lake Orion,MI,location_resolved,phone,1254355878,WOMEN'S HEALTHCARE ASSOCIATES OF OAKLAND PLLC,7,2,6,7,1,7,3,0.8571,Unified Women's Healthcare,Unified Women's Healthcare,,,,,,,,not_independent_supported,"sampled organisation contains clinicians from PE platform ""Unified Women's Healthcare"" on the study roster",,,,,
1467999474,Masaya Jimbo,PE,roster_only,,,PA,affiliation_location_mismatch,,,,,,,,,,,,,IVI RMA Global,,,,,,,,independence_unresolved,affiliation_location_mismatch,,,,,
1477130961,Dr. Ilana Gersowsky,PE,universe,pair_99,Parkland,FL,no_dac_affiliation,,,,,,,,,,,,,,,,,,,,,independence_unresolved,no_dac_affiliation,,,,,
1477172542,Dr. Amani Kwaider,PE,universe,pair_306,Washington,DC,no_dac_affiliation,,,,,,,,,,,,,,,,,,,,,independence_unresolved,no_dac_affiliation,,,,,
1477182210,"Jennifer Rich, MD",PE,roster_only,,,NJ,no_dac_affiliation,,,,,,,,,,,,,,,,,,,,,independence_unresolved,no_dac_affiliation,,,,,
1477503571,Dr. Melanie Blackstock,Non-PE,universe,pair_190,Tampa,FL,location_resolved,phone,5799016846,DHP OF MANATEE PA,37,10,36,10,7,37,2,0.973,,,,,,,37,DHP OF MANATEE PA,FALSE,independent_supported,"single-specialty OB/GYN organisation, no system token, no PE-roster member",,,,,
1477518884,Dr. Carrie Horst,PE,universe,pair_402,Miami,FL,location_resolved,city_state,8921091786,VITALMD GROUP HOLDING LLC,430,152,283,375,117,430,22,0.6581,Femwell Group Health,Femwell Group Health,,,,,,,,not_independent_supported,"sampled organisation contains clinicians from PE platform ""Femwell Group Health"" on the study roster",,,,,
1477532547,Dr. Emil Abdalla,PE,roster_only,,,FL,affiliation_location_mismatch,,,,,,,,,,,,,Femwell Group Health,,,,,,,,independence_unresolved,affiliation_location_mismatch,,,,,
1477548204,Dr. Johannes Lopez,PE,roster_only,,,FL,no_dac_affiliation,,,,,,,,,,,,,,,,,,,,,independence_unresolved,no_dac_affiliation,,,,,
1477589240,Dr. Jennifer Swanson,Non-PE,universe,pair_4,Miami,FL,location_resolved,phone,8921091786,VITALMD GROUP HOLDING LLC,430,152,283,375,117,430,22,0.6581,Femwell Group Health,Femwell Group Health,,,,,430,VITALMD GROUP HOLDING LLC,FALSE,not_independent_supported,"sampled organisation contains clinicians from PE platform ""Femwell Group Health"" on the study roster",,,,,
1477635332,"Kirsten Smith, MD",PE,roster_only,,,DE,affiliation_location_mismatch,,,,,,,,,,,,,Unified Women's Healthcare,,,,,,,,independence_unresolved,affiliation_location_mismatch,,,,,
1477711158,Dr. Lauren Callahan,Non-PE,fielded,pair_365,Woodbury,MN,location_resolved,phone,1052225042,INFINITE HEALTH COLLABORATIVE PA,776,59,44,5,76,776,26,0.0567,,,Hospital,6800866062,6,"ADEFRIS & TOPPIN WOMEN'S SPECIALISTS,MDPC",776,INFINITE HEALTH COLLABORATIVE PA,FALSE,independence_unresolved,"large organisation, name uninformative; needs external adjudication",,,,,
1477736288,Dr. Aaron Elkin,Non-PE,universe,pair_394,Hollywood,FL,location_resolved,phone,5395807218,FLORIDA WOMAN CARE LLC,510,87,337,1,214,510,8,0.6608,Women's Care Enterprises,Women's Care Enterprises,,,,,510,FLORIDA WOMAN CARE LLC,FALSE,not_independent_supported,"sampled organisation contains clinicians from PE platform ""Women's Care Enterprises"" on the study roster",,,,,
1477746915,"Stephanie Beall, M.D.",PE,roster_only,,,MD,no_dac_affiliation,,,,,,,,,,,,,,,,,,,,,independence_unresolved,no_dac_affiliation,,,,,
1477896199,Dr. Raquel Olavarrieta,PE,universe,pair_22,Miami,FL,no_dac_affiliation,,,,,,,,,,,,,,,,,,,,,independence_unresolved,no_dac_affiliation,,,,,
1477896702,Dr. Philip Mclemore,Non-PE,fielded+universe,pair_377,Las Vegas,NV,location_resolved,phone,2163415910,IRIYE MEDICAL GROUP PLLC,39,10,24,35,6,39,4,0.6154,,,,,,,39,IRIYE MEDICAL GROUP PLLC,FALSE,independence_unresolved,no affirmative evidence either way,,,,,
1477901460,Kassie Bollig,PE,roster_only,,,NJ,no_dac_affiliation,,,,,,,,,,,,,,,,,,,,,independence_unresolved,no_dac_affiliation,,,,,
1477933513,Dr. Annalise Almdale,PE,fielded+universe,pair_370,Burnsville,MN,location_resolved,city_state,1355396110,PREMIER OBGYN OF MINNESOTA PLLC,68,14,46,12,21,68,6,0.6765,Unified Women's Healthcare,Unified Women's Healthcare,Hospital,,,,,,,not_independent_supported,"sampled organisation contains clinicians from PE platform ""Unified Women's Healthcare"" on the study roster",,,,,
1477935179,Dr. Ujas Parikh,PE,roster_only,,,FL,affiliation_location_mismatch,,,,,,,,,,,,,Femwell Group Health,,,,,,,,independence_unresolved,affiliation_location_mismatch,,,,,
1487008280,"Grace W. Graham, D.O.",PE,roster_only,,,MD,no_dac_affiliation,,,,,,,,,,,,,,,,,,,,,independence_unresolved,no_dac_affiliation,,,,,
1487049565,"Nina Metcalfe, MD",PE,roster_only,,,GA,affiliation_location_mismatch,,,,,,,,,,,,,Together Women's Health,,,,,,,,independence_unresolved,affiliation_location_mismatch,,,,,
1487069415,"Jessica R. Kanter, M.D.",PE,roster_only,,,MD,no_dac_affiliation,,,,,,,,,,,,,,,,,,,,,independence_unresolved,no_dac_affiliation,,,,,
1487149779,Dr. Whitney Nieland,PE,fielded+universe,pair_250,Bloomfield Hills,MI,location_resolved,city_state,8426464884,IHA OLMA SPECIALTY SERVICES LLC,25,9,6,4,11,25,7,0.24,Women's Care Enterprises,Women's Care Enterprises,,,,,,,,not_independent_supported,"sampled organisation contains clinicians from PE platform ""Women's Care Enterprises"" on the study roster",,,,,
1487640330,Dr. Madelyn Dones,PE,roster_only,,,FL,no_dac_affiliation,,,,,,,,,,,,,,,,,,,,,independence_unresolved,no_dac_affiliation,,,,,
1487641403,Dr. Sherri Maetozo,PE,universe,pair_48,Miami,FL,location_resolved,city_state,8921091786,VITALMD GROUP HOLDING LLC,430,152,283,375,117,430,22,0.6581,Femwell Group Health,Femwell Group Health,,,,,,,,not_independent_supported,"sampled organisation contains clinicians from PE platform ""Femwell Group Health"" on the study roster",,,,,
1487642781,"Diana Connor, MD, FACOG",PE,roster_only,,,FL,affiliation_location_mismatch,,,,,,,,,,,,,Women's Care Enterprises,,,,,,,,independence_unresolved,affiliation_location_mismatch,,,,,
1487648069,"Radhika Kakarla, MD, FACOG",PE,roster_only,,,NJ,affiliation_location_mismatch,,,,,,,,,,,,,Axia Women's Health,,,,,,,,independence_unresolved,affiliation_location_mismatch,,,,,
1487717559,Dr. Latoya Kuester,PE,universe,pair_205,Yulee,FL,location_resolved,city_state,9234031444,WOMENS CARE FLORIDA LLC,293,58,198,6,74,293,8,0.6758,Women's Care Enterprises,Women's Care Enterprises,,,,,,,,not_independent_supported,"sampled organisation contains clinicians from PE platform ""Women's Care Enterprises"" on the study roster",,,,,
1487747283,Dr. Robin Wilson-Smith,Non-PE,fielded+universe,pair_511,Hammonton,NJ,location_resolved,phone,8527953660,ATLANTICARE PHYSICIAN GROUP PA,499,91,17,19,51,499,38,0.0341,,,Hospital,2860616877|8729982475|9931090214,254,"COOPER FACULTY OB GYN PC|COOPER GYN ONCOLOGY ASSOCIATION PC|KENNEDY MEDICAL GROUP PRACTICE, P.C.",499,ATLANTICARE PHYSICIAN GROUP PA,FALSE,independence_unresolved,"large organisation, name uninformative; needs external adjudication",,,,,
1487773263,Erica B. Johnstone,PE,roster_only,,,UT,no_dac_affiliation,,,,,,,,,,,,,,,,,,,,,independence_unresolved,no_dac_affiliation,,,,,
1487850319,Dr. Nazima Abrarova,Non-PE,universe,pair_448,Elizabeth,NJ,location_resolved,phone,6709002850,TRINITAS PHYSICIANS PRACTICE LLC,29,8,6,21,7,29,10,0.2069,,,,,,,29,TRINITAS PHYSICIANS PRACTICE LLC,FALSE,independence_unresolved,no affirmative evidence either way,,,,,
1487860359,Dr. Thomas Migliaccio,Non-PE,universe,pair_452,Harrington Park,NJ,location_resolved,phone,1355512252,MEDICAL ASSOCIATES OF ENGLEWOOD PC,521,128,22,209,177,521,41,0.0422,,,,,,,521,MEDICAL ASSOCIATES OF ENGLEWOOD PC,FALSE,independence_unresolved,"large organisation, name uninformative; needs external adjudication",,,,,
1487882825,"Michelle Santana Rothen, MD, FACOG",PE,roster_only,,,FL,affiliation_location_mismatch,,,,,,,,,,,,,Women's Care Enterprises,,,,,,,,independence_unresolved,affiliation_location_mismatch,,,,,
1497118251,"Kelley Robrock, MD",PE,roster_only,,,NJ,affiliation_location_mismatch,,,,,,,,,,,,,Axia Women's Health,,,,,,,,independence_unresolved,affiliation_location_mismatch,,,,,
1497146039,Nirali Shah Jain,PE,roster_only,,,NJ,no_dac_affiliation,,,,,,,,,,,,,,,,,,,,,independence_unresolved,no_dac_affiliation,,,,,
1497174809,"Megan McDowell, MD",PE,roster_only,,,FL,affiliation_location_mismatch,,,,,,,,,,,,,Women's Care Enterprises,,,,,,,,independence_unresolved,affiliation_location_mismatch,,,,,
1497307052,Dr. Samantha So,PE,fielded+universe,pair_307,Fort Washington,PA,location_resolved,city_state,0345588711,TEMPLE FACULTY PRACTICE PLAN INC,1064,206,35,106,39,1064,55,0.0329,Axia Women's Health,Axia Women's Health,Hospital,,,,,,,not_independent_supported,"sampled organisation contains clinicians from PE platform ""Axia Women's Health"" on the study roster",,,,,
1497704043,Dr. Elsa Hale,Non-PE,universe,pair_153,Tampa,FL,location_resolved,phone,3678593357,KARON R LOCICERO MD PA,10,2,1,4,5,10,,,,,,,,,10,KARON R LOCICERO MD PA,TRUE,independence_unresolved,no affirmative evidence either way,,,,,
1497712327,Dr. Susan Fox,Non-PE,universe,pair_18,Miami,FL,no_organisation_on_sampled_row,phone,,,,,,,,,,,,,,,,,NA,,NA,independence_unresolved,no_organisation_on_sampled_row,,,,,
1497712376,Kimberly Scott,PE,roster_only,,,UT,no_dac_affiliation,,,,,,,,,,,,,,,,,,,,,independence_unresolved,no_dac_affiliation,,,,,
1497712657,Dr. Gregory Demeo,PE,universe,pair_290,Newark,DE,location_resolved,phone,1456332170,LIFELINE MEDICAL ASSOCIATES LLC,156,42,115,11,40,156,5,0.7372,Unified Women's Healthcare,Unified Women's Healthcare,,,,,,,,not_independent_supported,"sampled organisation contains clinicians from PE platform ""Unified Women's Healthcare"" on the study roster",,,,,
1497720171,Dr. Carlos Jurado,PE,universe,pair_396,Miami,FL,location_resolved,city_state,8921091786,VITALMD GROUP HOLDING LLC,430,152,283,375,117,430,22,0.6581,Femwell Group Health,Femwell Group Health,,,,,,,,not_independent_supported,"sampled organisation contains clinicians from PE platform ""Femwell Group Health"" on the study roster",,,,,
1497722748,Dr. John Caravello,Non-PE,universe,pair_397,Pompano Beach,FL,location_resolved,phone,4486634417,PEDIATRIX MEDICAL GROUP OF FLORIDA INC,58,15,31,1,49,58,8,0.5345,,,,,,,58,PEDIATRIX MEDICAL GROUP OF FLORIDA INC,FALSE,independence_unresolved,no affirmative evidence either way,,,,,
1497727200,Dr. Papa Win Delacruz,Non-PE,universe,pair_312,Schaumburg,IL,location_resolved,phone,7517863178,BONAVENTURE MEDICAL FOUNDATION LLC,153,26,22,4,37,153,26,0.1438,Nova Women's Health Partners,Nova Women's Health Partners,,,,,153,BONAVENTURE MEDICAL FOUNDATION LLC,FALSE,not_independent_supported,"sampled organisation contains clinicians from PE platform ""Nova Women's Health Partners"" on the study roster",,,,,
1497734701,"Octavia Cannon, DO",PE,roster_only,,,MI,affiliation_location_mismatch,,,,,,,,,,,,,Unified Women's Healthcare,,,,,,,,independence_unresolved,affiliation_location_mismatch,,,,,
1497743793,"Karen K. Saravanos, MD",PE,roster_only,,,FL,affiliation_location_mismatch,,,,,,,,,,,,,Women's Care Enterprises,,,,,,,,independence_unresolved,affiliation_location_mismatch,,,,,
1497773279,"Sheryl Simpson-Jones, MD, FACOG",PE,roster_only,,,GA,affiliation_location_mismatch,,,,,,,,,,,,,Nova Women's Health Partners,,,,,,,,independence_unresolved,affiliation_location_mismatch,,,,,
1497843742,"Salli Tazuke, MD",PE,roster_only,,,CA,no_dac_affiliation,,,,,,,,,,,,,,,,,,,,,independence_unresolved,no_dac_affiliation,,,,,
1497869366,Dr. Carol Mckenzie,PE,universe,pair_12,Coral Springs,FL,location_resolved,city_state,8921091786,VITALMD GROUP HOLDING LLC,430,152,283,3,117,430,22,0.6581,Femwell Group Health,Femwell Group Health,,,,,,,,not_independent_supported,"sampled organisation contains clinicians from PE platform ""Femwell Group Health"" on the study roster",,,,,
1497913131,Dr. Scarlet Constant,PE,roster_only,,,FL,no_dac_affiliation,,,,,,,,,,,,,,,,,,,,,independence_unresolved,no_dac_affiliation,,,,,
1497972665,Dr. Brandy Hughes,PE,universe,pair_226,Zionsville,IN,location_resolved,phone,0749188142,SEVEN HILLS OB-GYN ASSOCIATES LLC,110,28,65,8,32,110,7,0.5909,Axia Women's Health,Axia Women's Health,,,,,,,,not_independent_supported,"sampled organisation contains clinicians from PE platform ""Axia Women's Health"" on the study roster",,,,,
1508012709,"Lindsay DeNicola Foutz, MD",PE,roster_only,,,FL,affiliation_location_mismatch,,,,,,,,,,,,,Women's Care Enterprises,,,,,,,,independence_unresolved,affiliation_location_mismatch,,,,,
1508050162,Dr. Maria Pimentel,Non-PE,fielded,pair_130,Clearwater,FL,location_resolved,phone,9234031444,WOMENS CARE FLORIDA LLC,293,58,198,4,74,293,8,0.6758,Women's Care Enterprises,Women's Care Enterprises,Hospital,1850674870|9234031444,446,"WOMENS CARE FLORIDA LLC|WOMENS' HEALTH HOSPITALISTS, LLC",293,WOMENS CARE FLORIDA LLC,FALSE,not_independent_supported,"sampled organisation contains clinicians from PE platform ""Women's Care Enterprises"" on the study roster",,,,,
1508063041,Dr. Carlos Barrionuevo,PE,fielded+universe,pair_450,Coral Springs,FL,location_resolved,phone,8921091786,VITALMD GROUP HOLDING LLC,430,152,283,4,117,430,22,0.6581,Femwell Group Health,Femwell Group Health,,8921091786,466,VITALMD GROUP HOLDING LLC,,,,not_independent_supported,"sampled organisation contains clinicians from PE platform ""Femwell Group Health"" on the study roster",,,,,
1508109372,"Selma Amrane, M.D.",PE,roster_only,,,MD,no_dac_affiliation,,,,,,,,,,,,,,,,,,,,,independence_unresolved,no_dac_affiliation,,,,,
1508150731,"Jason Patzwald, DO",PE,roster_only,,,FL,affiliation_location_mismatch,,,,,,,,,,,,,Women's Care Enterprises,,,,,,,,independence_unresolved,affiliation_location_mismatch,,,,,
1508159641,Dr. Thomas Lang,Non-PE,universe,pair_407,Boca Raton,FL,location_resolved,phone,5395807218,FLORIDA WOMAN CARE LLC,510,87,337,3,214,510,8,0.6608,Women's Care Enterprises,Women's Care Enterprises,,,,,510,FLORIDA WOMAN CARE LLC,FALSE,not_independent_supported,"sampled organisation contains clinicians from PE platform ""Women's Care Enterprises"" on the study roster",,,,,
1508201146,"Dr. Erin Mankus, OBHG hospitalist",PE,roster_only,,,TX,no_dac_affiliation,,,,,,,,,,,,,,,,,,,,,independence_unresolved,no_dac_affiliation,,,,,
1508228248,Dr. Derrick G. Owens,PE,roster_only,,,FL,no_dac_affiliation,,,,,,,,,,,,,,,,,,,,,independence_unresolved,no_dac_affiliation,,,,,
1508243783,"Emily Cheston, MD",PE,roster_only,,,NJ,affiliation_location_mismatch,,,,,,,,,,,,,Axia Women's Health,,,,,,,,independence_unresolved,affiliation_location_mismatch,,,,,
1508351230,"Jenna Molander, DO",PE,roster_only,,,FL,affiliation_location_mismatch,,,,,,,,,,,,,Women's Care Enterprises,,,,,,,,independence_unresolved,affiliation_location_mismatch,,,,,
1508821620,Dr. Ana Hernandez-Puga,PE,universe,pair_405,Miami,FL,no_dac_affiliation,,,,,,,,,,,,,,,,,,,,,independence_unresolved,no_dac_affiliation,,,,,
1508841008,Dr. Laida Casanova,PE,universe,pair_32,Miami,FL,location_resolved,phone,8921091786,VITALMD GROUP HOLDING LLC,430,152,283,1,117,430,22,0.6581,Femwell Group Health,Femwell Group Health,,,,,,,,not_independent_supported,"sampled organisation contains clinicians from PE platform ""Femwell Group Health"" on the study roster",,,,,
1508846106,Dr. Michael Augustino,PE,universe,pair_61,Miami,FL,location_resolved,phone,8921091786,VITALMD GROUP HOLDING LLC,430,152,283,1,117,430,22,0.6581,Femwell Group Health,Femwell Group Health,,,,,,,,not_independent_supported,"sampled organisation contains clinicians from PE platform ""Femwell Group Health"" on the study roster",,,,,
1508852211,Dr. Norman Goldberg,PE,universe,pair_28,Village Of Palmetto Bay,FL,no_dac_affiliation,,,,,,,,,,,,,,,,,,,,,independence_unresolved,no_dac_affiliation,,,,,
1508852567,Dr. Allyson Jones,PE,fielded+universe,pair_230,Tampa,FL,location_resolved,city_state,9234031444,WOMENS CARE FLORIDA LLC,293,58,198,260,74,293,8,0.6758,Women's Care Enterprises,Women's Care Enterprises,,1850674870|9234031444,446,"WOMENS CARE FLORIDA LLC|WOMENS' HEALTH HOSPITALISTS, LLC",,,,not_independent_supported,"sampled organisation contains clinicians from PE platform ""Women's Care Enterprises"" on the study roster",,,,,
1508853599,"Pat McShane, M.D.",PE,roster_only,,,MD,no_dac_affiliation,,,,,,,,,,,,,,,,,,,,,independence_unresolved,no_dac_affiliation,,,,,
1508858614,Dr. Scott Dinesen,Non-PE,fielded,pair_305,Doylestown,PA,location_resolved,phone,2961316328,REGIONAL WOMENS HEALTH GROUP LLC,334,85,227,8,110,334,8,0.6796,Axia Women's Health,Axia Women's Health,,1759334675|3476858614,3,"MINIBARRX OF PENNSYLVANIA P.C.|SCOTT A DINESEN FACOG, PC",334,REGIONAL WOMENS HEALTH GROUP LLC,FALSE,not_independent_supported,"sampled organisation contains clinicians from PE platform ""Axia Women's Health"" on the study roster",,,,,
1508862723,Dr. Benjamin Supnet,PE,fielded,pair_400,Corpus Christi,TX,location_resolved,city_state,0345206082,"NUECES COUNTY WOMEN'S CLINIC, PA",4,0,4,4,1,4,1,1.0,Unified Women's Healthcare,Unified Women's Healthcare,Hospital,345206082,10,"NUECES COUNTY WOMEN'S CLINIC, PA",,,,not_independent_supported,"sampled organisation contains clinicians from PE platform ""Unified Women's Healthcare"" on the study roster",,,,,
1508869629,Dr. Mark Ginsburg,PE,roster_only,,,FL,no_dac_affiliation,,,,,,,,,,,,,,,,,,,,,independence_unresolved,no_dac_affiliation,,,,,
1508902370,Dr. Carole Condevaux,PE,fielded,pair_362,Rochester Hills,MI,location_resolved,phone,2466543640,"TOGETHER WOMEN'S HEALTH MEDICAL GROUP, P.C.",24,7,24,4,7,24,1,1.0,Together Women's Health,Together Women's Health,Hospital,2365349545,4,PAINT CREEK OBSTETRICS & GYNECOLOGY PC,,,,not_independent_supported,"sampled organisation contains clinicians from PE platform ""Together Women's Health"" on the study roster",,,,,
1518101187,Dr. Michael Stine,PE,roster_only,,,FL,affiliation_location_mismatch,,,,,,,,,,,,,Femwell Group Health,,,,,,,,independence_unresolved,affiliation_location_mismatch,,,,,
1518128024,"Nancey Hahn, MD, FACOOG",PE,roster_only,,,NJ,affiliation_location_mismatch,,,,,,,,,,,,,Axia Women's Health,,,,,,,,independence_unresolved,affiliation_location_mismatch,,,,,
1518145473,Dr. Mark Zakaria,PE,fielded+universe,pair_141,Coral Springs,FL,location_resolved,city_state,8921091786,VITALMD GROUP HOLDING LLC,430,152,283,3,117,430,22,0.6581,Femwell Group Health,Femwell Group Health,,,,,,,,not_independent_supported,"sampled organisation contains clinicians from PE platform ""Femwell Group Health"" on the study roster",,,,,
1518152677,Dr. Anamar Aponte Mellado,Non-PE,universe,pair_92,Miami,FL,location_resolved,phone,8921091786,VITALMD GROUP HOLDING LLC,430,152,283,375,117,430,22,0.6581,Femwell Group Health,Femwell Group Health,,,,,430,VITALMD GROUP HOLDING LLC,FALSE,not_independent_supported,"sampled organisation contains clinicians from PE platform ""Femwell Group Health"" on the study roster",,,,,
1518196443,Dr. Anna Nelson-Moseke,PE,fielded,pair_332,Tucson,AZ,location_resolved,city_state,4284724279,GENESIS OB GYN PLLC,60,12,39,14,13,60,3,0.65,Unified Women's Healthcare,Unified Women's Healthcare,,4284724279,52,"GENESIS OB/GYN, PC",,,,not_independent_supported,"sampled organisation contains clinicians from PE platform ""Unified Women's Healthcare"" on the study roster",,,,,
1518253350,Dr. Emily Wu,Non-PE,universe,pair_439,Worcester,MA,location_resolved,phone,4284539891,UMASS MEMORIAL MEDICAL GROUP INC,1871,348,48,27,87,1871,61,0.0257,Unified Women's Healthcare,Unified Women's Healthcare,,,,,1871,UMASS MEMORIAL MEDICAL GROUP INC,FALSE,not_independent_supported,"sampled organisation contains clinicians from PE platform ""Unified Women's Healthcare"" on the study roster",,,,,
1518285782,"Jaimin S. Shah, M.D.",PE,roster_only,,,MD,affiliation_location_mismatch,,,,,,,,,,,,,US Fertility,,,,,,,,independence_unresolved,affiliation_location_mismatch,,,,,
1518286319,Dr. Lauren Moorhead,Non-PE,universe,pair_209,Trinity,FL,location_resolved,phone,9234031444,WOMENS CARE FLORIDA LLC,293,58,198,12,74,293,8,0.6758,Women's Care Enterprises,Women's Care Enterprises,,,,,293,WOMENS CARE FLORIDA LLC,FALSE,not_independent_supported,"sampled organisation contains clinicians from PE platform ""Women's Care Enterprises"" on the study roster",,,,,
1518352376,"Ryan Brosch, MD",PE,roster_only,,,FL,affiliation_location_mismatch,,,,,,,,,,,,,Women's Care Enterprises,,,,,,,,independence_unresolved,affiliation_location_mismatch,,,,,
1518923671,"Shari Senzon, MD",PE,roster_only,,,NJ,affiliation_location_mismatch,,,,,,,,,,,,,Axia Women's Health,,,,,,,,independence_unresolved,affiliation_location_mismatch,,,,,
1518932052,Dr. Jerome Sturm,PE,roster_only,,,FL,no_dac_affiliation,,,,,,,,,,,,,,,,,,,,,independence_unresolved,no_dac_affiliation,,,,,
1518935048,Dr. Thomas Lorenc,PE,universe,pair_244,Fort Wayne,IN,location_resolved,phone,0749188142,SEVEN HILLS OB-GYN ASSOCIATES LLC,110,28,65,7,32,110,7,0.5909,Axia Women's Health,Axia Women's Health,,,,,,,,not_independent_supported,"sampled organisation contains clinicians from PE platform ""Axia Women's Health"" on the study roster",,,,,
1518952894,"Neil A. Brickman, MD",PE,roster_only,,,MI,affiliation_location_mismatch,,,,,,,,,,,,,Unified Women's Healthcare,,,,,,,,independence_unresolved,affiliation_location_mismatch,,,,,
1518956531,"Eugene Kaskiw, MD, FACOG",PE,roster_only,,,NJ,affiliation_location_mismatch,,,,,,,,,,,,,Axia Women's Health,,,,,,,,independence_unresolved,affiliation_location_mismatch,,,,,
1518966951,"Alan Newman, MD",PE,roster_only,,,MI,affiliation_location_mismatch,,,,,,,,,,,,,Unified Women's Healthcare,,,,,,,,independence_unresolved,affiliation_location_mismatch,,,,,
1518971753,Dr. Bassem Chahine,PE,universe,pair_116,Miami,FL,no_dac_affiliation,,,,,,,,,,,,,,,,,,,,,independence_unresolved,no_dac_affiliation,,,,,
1528000478,Dr. Jose Iparraguirre,PE,roster_only,,,FL,affiliation_location_mismatch,,,,,,,,,,,,,Femwell Group Health,,,,,,,,independence_unresolved,affiliation_location_mismatch,,,,,
1528016813,Dr. Gomathy Mohan,PE,roster_only,,,FL,no_dac_affiliation,,,,,,,,,,,,,,,,,,,,,independence_unresolved,no_dac_affiliation,,,,,
1528035391,"Peter M. Alvarez, MD, FACOG",PE,roster_only,,,FL,affiliation_location_mismatch,,,,,,,,,,,,,Women's Care Enterprises,,,,,,,,independence_unresolved,affiliation_location_mismatch,,,,,
1528039179,"Bernard Cortese, MD",PE,roster_only,,,NJ,affiliation_location_mismatch,,,,,,,,,,,,,Axia Women's Health,,,,,,,,independence_unresolved,affiliation_location_mismatch,,,,,
1528043825,Dr. Arthur Herpolsheimer,PE,universe,pair_329,Henderson,NV,location_resolved,phone,4082845664,"WOMEN'S HEALTH ASSOCIATES OF SOUTHERN NEVADA- MARTIN, PLLC",83,17,42,5,17,83,4,0.506,Unified Women's Healthcare,Unified Women's Healthcare,,,,,,,,not_independent_supported,"sampled organisation contains clinicians from PE platform ""Unified Women's Healthcare"" on the study roster",,,,,
1528054624,"Martina Reiss, MD",PE,roster_only,,,FL,affiliation_location_mismatch,,,,,,,,,,,,,Women's Care Enterprises,,,,,,,,independence_unresolved,affiliation_location_mismatch,,,,,
1528227717,"Hanna Kim, MD",PE,roster_only,,,CA,affiliation_location_mismatch,,,,,,,,,,,,,CCRM Fertility,,,,,,,,independence_unresolved,affiliation_location_mismatch,,,,,
1528263456,"Steven M. Granger, MD, FACOG",PE,roster_only,,,FL,affiliation_location_mismatch,,,,,,,,,,,,,Women's Care Enterprises,,,,,,,,independence_unresolved,affiliation_location_mismatch,,,,,
1528282787,Dr. Latashia Walker,Non-PE,universe,pair_311,Gaithersburg,MD,location_resolved,phone,3779495858,"KAISER FOUNDATION HEALTH PLAN OF THE MID-ATLANTIC STATES,INC",1624,247,77,227,42,1624,58,0.0474,,,,,,,1624,"KAISER FOUNDATION HEALTH PLAN OF THE MID-ATLANTIC STATES,INC",FALSE,not_independent_supported,organisation name carries a hospital/system/academic/government token,,,,,
1528298312,Dr. Ivan Carreras,PE,universe,pair_391,Hialeah,FL,location_resolved,phone,8921091786,VITALMD GROUP HOLDING LLC,430,152,283,1,117,430,22,0.6581,Femwell Group Health,Femwell Group Health,,,,,,,,not_independent_supported,"sampled organisation contains clinicians from PE platform ""Femwell Group Health"" on the study roster",,,,,
1528322070,"Lauren Mellor, DO",PE,roster_only,,,MI,affiliation_location_mismatch,,,,,,,,,,,,,Together Women's Health,,,,,,,,independence_unresolved,affiliation_location_mismatch,,,,,
1528398153,"Joan Devine, DO, FACOG",PE,roster_only,,,NJ,affiliation_location_mismatch,,,,,,,,,,,,,Axia Women's Health,,,,,,,,independence_unresolved,affiliation_location_mismatch,,,,,
1528404712,Dr. Erika Collado,PE,universe,pair_44,Miami,FL,location_resolved,city_state,8921091786,VITALMD GROUP HOLDING LLC,430,152,283,375,117,430,22,0.6581,Femwell Group Health,Femwell Group Health,,,,,,,,not_independent_supported,"sampled organisation contains clinicians from PE platform ""Femwell Group Health"" on the study roster",,,,,
1528564572,Dr. Alexa Narzikul,PE,universe,pair_254,Malvern,PA,location_resolved,city_state,2961316328,REGIONAL WOMENS HEALTH GROUP LLC,334,85,227,9,110,334,8,0.6796,Axia Women's Health,Axia Women's Health,,,,,,,,not_independent_supported,"sampled organisation contains clinicians from PE platform ""Axia Women's Health"" on the study roster",,,,,
1528621612,"Chloe Phillips, MD, FACOG",PE,roster_only,,,NJ,affiliation_location_mismatch,,,,,,,,,,,,,Axia Women's Health,,,,,,,,independence_unresolved,affiliation_location_mismatch,,,,,
1538104286,Dr. Aylssa Ta,Non-PE,universe,pair_195,Plant City,FL,location_resolved,phone,6406753623,"BAYCARE MEDICAL GROUP, INC.",976,118,11,3,115,976,,,Femwell Group Health,Femwell Group Health,,,,,976,"BAYCARE MEDICAL GROUP, INC.",FALSE,not_independent_supported,"sampled organisation contains clinicians from PE platform ""Femwell Group Health"" on the study roster",,,,,
1538116819,"Ketan S. Patel, MD",PE,roster_only,,,AZ,affiliation_location_mismatch,,,,,,,,,,,,,CCRM Fertility,,,,,,,,independence_unresolved,affiliation_location_mismatch,,,,,
1538155650,Dr. Vicki Chamberlain,PE,universe,pair_357,Arlington Heights,IL,location_resolved,phone,3476545914,GYNECOLOGICAL AND OBSTETRIC ASSOCS SC,3,0,3,3,1,3,1,1.0,Nova Women's Health Partners,Nova Women's Health Partners,,,,,,,,not_independent_supported,"sampled organisation contains clinicians from PE platform ""Nova Women's Health Partners"" on the study roster",,,,,
1538169297,"Paul Nehra, MD",PE,roster_only,,,MI,affiliation_location_mismatch,,,,,,,,,,,,,Together Women's Health,,,,,,,,independence_unresolved,affiliation_location_mismatch,,,,,
1538170634,Dr. Sueny Seeney,PE,universe,pair_236,Media,PA,location_resolved,phone,2961316328,REGIONAL WOMENS HEALTH GROUP LLC,334,85,227,3,110,334,8,0.6796,Axia Women's Health,Axia Women's Health,,,,,,,,not_independent_supported,"sampled organisation contains clinicians from PE platform ""Axia Women's Health"" on the study roster",,,,,
1538307699,Dr. Kelly Gumbrecht,Non-PE,universe,pair_314,Rochester Hills,MI,location_resolved,phone,2961826938,BEYOND WOMENS CARE PC,4,1,4,4,1,4,,,,,,,,,4,BEYOND WOMENS CARE PC,TRUE,independence_unresolved,no affirmative evidence either way,,,,,
1538320783,Dr. Dana Mahlab,PE,fielded,pair_291,Abington,PA,location_resolved,city_state,2961316328,REGIONAL WOMENS HEALTH GROUP LLC,334,85,227,10,110,334,8,0.6796,Axia Women's Health,Axia Women's Health,,3274437736,636,ABINGTON MEMORIAL HOSPITAL,,,,not_independent_supported,"sampled organisation contains clinicians from PE platform ""Axia Women's Health"" on the study roster",,,,,
1538429170,Dr. Jessica Martin,Non-PE,universe,pair_259,Noblesville,IN,location_resolved,phone,1759416662,COMMUNITY PHYSICIANS OF INDIANA INC,1324,185,58,4,263,1324,55,0.0438,Axia Women's Health,Axia Women's Health,,,,,1324,COMMUNITY PHYSICIANS OF INDIANA INC,FALSE,not_independent_supported,"sampled organisation contains clinicians from PE platform ""Axia Women's Health"" on the study roster",,,,,
1538502588,"Jessica Arendal, MD",PE,roster_only,,,NJ,affiliation_location_mismatch,,,,,,,,,,,,,Axia Women's Health,,,,,,,,independence_unresolved,affiliation_location_mismatch,,,,,
1538570833,Dr. Kristin Kinsler,PE,fielded+universe,pair_490,Kearny,NJ,location_resolved,city_state,2961316328,REGIONAL WOMENS HEALTH GROUP LLC,334,85,227,20,110,334,8,0.6796,Axia Women's Health,Axia Women's Health,Hospital,2961316328|7416011887,298,"BRUNSWICK-HILLS OBSTETRICS AND GYNECOLOGY, PA|REGIONAL WOMENS HEALTH GROUP LLC",,,,not_independent_supported,"sampled organisation contains clinicians from PE platform ""Axia Women's Health"" on the study roster",,,,,
1538587050,Dr. Sidra Khan,PE,universe,pair_323,Buffalo Grove,IL,location_resolved,phone,7517863178,BONAVENTURE MEDICAL FOUNDATION LLC,153,26,22,4,37,153,26,0.1438,Nova Women's Health Partners,Nova Women's Health Partners,,,,,,,,not_independent_supported,"sampled organisation contains clinicians from PE platform ""Nova Women's Health Partners"" on the study roster",,,,,
1538628839,Dr. Ashley Hodges,PE,universe,pair_291,Wilmington,DE,no_dac_affiliation,,,,,,,,,,,,,,,,,,,,,independence_unresolved,no_dac_affiliation,,,,,
1538742028,Dr. Nashali Ferrara,PE,fielded+universe,pair_273,Newark,NJ,no_dac_affiliation,,,,,,,,,,,,,,,,,,,,,independence_unresolved,no_dac_affiliation,,,,,
1548203383,"Oren Keiser, MD, FACOG",PE,roster_only,,,NJ,affiliation_location_mismatch,,,,,,,,,,,,,Axia Women's Health,,,,,,,,independence_unresolved,affiliation_location_mismatch,,,,,
1548267354,"Rebecca L. Weber, MD, FACOG",PE,roster_only,,,FL,affiliation_location_mismatch,,,,,,,,,,,,,Women's Care Enterprises,,,,,,,,independence_unresolved,affiliation_location_mismatch,,,,,
1548299415,Dr. Marc Kaufman,PE,roster_only,,,FL,affiliation_location_mismatch,,,,,,,,,,,,,Femwell Group Health,,,,,,,,independence_unresolved,affiliation_location_mismatch,,,,,
1548325871,"Erika B. Johnston-MacAnanny, M.D.",PE,roster_only,,,VA,no_dac_affiliation,,,,,,,,,,,,,,,,,,,,,independence_unresolved,no_dac_affiliation,,,,,
1548431604,"Nicole Kummer, MD",PE,roster_only,,,AZ,no_dac_affiliation,,,,,,,,,,,,,,,,,,,,,independence_unresolved,no_dac_affiliation,,,,,
1548467137,Dr. John Vaclavik,PE,fielded+universe,pair_458,Eatontown,NJ,location_resolved,phone,2961316328,REGIONAL WOMENS HEALTH GROUP LLC,334,85,227,7,110,334,8,0.6796,Axia Women's Health,Axia Women's Health,Hospital,8325096811,5,"DRS. GOULD, HENDERSON, ROGERS, AND VACLAVIK LLC",,,,not_independent_supported,"sampled organisation contains clinicians from PE platform ""Axia Women's Health"" on the study roster",,,,,
1548497852,Dr. Letty Romary,PE,roster_only,,,FL,no_dac_affiliation,,,,,,,,,,,,,,,,,,,,,independence_unresolved,no_dac_affiliation,,,,,
1548562051,Dr. Daniel Bolet,Non-PE,universe,pair_141,Miami,FL,location_resolved,phone,8921091786,VITALMD GROUP HOLDING LLC,430,152,283,2,117,430,22,0.6581,Femwell Group Health,Femwell Group Health,,,,,430,VITALMD GROUP HOLDING LLC,FALSE,not_independent_supported,"sampled organisation contains clinicians from PE platform ""Femwell Group Health"" on the study roster",,,,,
1548619596,Dr. Christian Dawes,Non-PE,fielded,pair_294,Zionsville,IN,location_resolved,phone,0749188142,SEVEN HILLS OB-GYN ASSOCIATES LLC,110,28,65,8,32,110,7,0.5909,Axia Women's Health,Axia Women's Health,,,,,110,SEVEN HILLS OB-GYN ASSOCIATES LLC,FALSE,not_independent_supported,"sampled organisation contains clinicians from PE platform ""Axia Women's Health"" on the study roster",,,,,
1548641863,"Arielle Bayer, MD",PE,roster_only,,,NY,no_dac_affiliation,,,,,,,,,,,,,,,,,,,,,independence_unresolved,no_dac_affiliation,,,,,
1548688237,Dr. Alejandra Salazar,PE,universe,pair_129,Miami,FL,location_resolved,city_state,8921091786,VITALMD GROUP HOLDING LLC,430,152,283,375,117,430,22,0.6581,Femwell Group Health,Femwell Group Health,,,,,,,,not_independent_supported,"sampled organisation contains clinicians from PE platform ""Femwell Group Health"" on the study roster",,,,,
1548840630,Dr. Alyse Victor,PE,fielded+universe,pair_207,Roseville,MI,no_dac_affiliation,,,,,,,,,,,,,,Hospital,,,,,,,independence_unresolved,no_dac_affiliation,,,,,
1548883424,Dr. Elizabeth Buren,PE,universe,pair_338,Hickory,NC,no_dac_affiliation,,,,,,,,,,,,,,,,,,,,,independence_unresolved,no_dac_affiliation,,,,,
1558357079,Dr. Michael Boothe,PE,universe,pair_217,Greenwood,IN,location_resolved,phone,0749188142,SEVEN HILLS OB-GYN ASSOCIATES LLC,110,28,65,17,32,110,7,0.5909,Axia Women's Health,Axia Women's Health,,,,,,,,not_independent_supported,"sampled organisation contains clinicians from PE platform ""Axia Women's Health"" on the study roster",,,,,
1558367581,Dr. Richard Vagovic,Non-PE,universe,pair_77,Miami,FL,location_resolved,phone,8921091786,VITALMD GROUP HOLDING LLC,430,152,283,375,117,430,22,0.6581,Femwell Group Health,Femwell Group Health,,,,,430,VITALMD GROUP HOLDING LLC,FALSE,not_independent_supported,"sampled organisation contains clinicians from PE platform ""Femwell Group Health"" on the study roster",,,,,
1558385856,Dr. Paul Norris,Non-PE,universe,pair_64,North Miami,FL,location_resolved,phone,5395807218,FLORIDA WOMAN CARE LLC,510,87,337,1,214,510,8,0.6608,Women's Care Enterprises,Women's Care Enterprises,,,,,510,FLORIDA WOMAN CARE LLC,FALSE,not_independent_supported,"sampled organisation contains clinicians from PE platform ""Women's Care Enterprises"" on the study roster",,,,,
1558447391,Dr. Thomas Le,PE,universe,pair_273,Glendale,AZ,no_dac_affiliation,,,,,,,,,,,,,,,,,,,,,independence_unresolved,no_dac_affiliation,,,,,
1558538744,Dr. Kristin Caldow,Non-PE,universe,pair_176,Jacksonville,FL,location_resolved,phone,5395807218,FLORIDA WOMAN CARE LLC,510,87,337,6,214,510,8,0.6608,Women's Care Enterprises,Women's Care Enterprises,,,,,510,FLORIDA WOMAN CARE LLC,FALSE,not_independent_supported,"sampled organisation contains clinicians from PE platform ""Women's Care Enterprises"" on the study roster",,,,,
1558560128,Dr. Brandon Behjatnia,PE,universe,pair_85,Miami,FL,location_resolved,city_state,8921091786,VITALMD GROUP HOLDING LLC,430,152,283,375,117,430,22,0.6581,Femwell Group Health,Femwell Group Health,,,,,,,,not_independent_supported,"sampled organisation contains clinicians from PE platform ""Femwell Group Health"" on the study roster",,,,,
1558708032,Dr. Brittany Johnson,Non-PE,universe,pair_265,Mooresville,IN,location_resolved,phone,0749188142,SEVEN HILLS OB-GYN ASSOCIATES LLC,110,28,65,17,32,110,7,0.5909,Axia Women's Health,Axia Women's Health,,,,,110,SEVEN HILLS OB-GYN ASSOCIATES LLC,FALSE,not_independent_supported,"sampled organisation contains clinicians from PE platform ""Axia Women's Health"" on the study roster",,,,,
1558748186,"Beth Zhou, MD",PE,roster_only,,,TX,no_dac_affiliation,,,,,,,,,,,,,,,,,,,,,independence_unresolved,no_dac_affiliation,,,,,
1558756098,"Erin Conway, MD, FACOG",PE,roster_only,,,NJ,affiliation_location_mismatch,,,,,,,,,,,,,Axia Women's Health,,,,,,,,independence_unresolved,affiliation_location_mismatch,,,,,
1558781567,Dr. Leah Kaminetzky,PE,universe,pair_241,Abington,PA,location_resolved,city_state,2961316328,REGIONAL WOMENS HEALTH GROUP LLC,334,85,227,10,110,334,8,0.6796,Axia Women's Health,Axia Women's Health,,,,,,,,not_independent_supported,"sampled organisation contains clinicians from PE platform ""Axia Women's Health"" on the study roster",,,,,
1558822817,Dr. Alexandra Berger,Non-PE,universe,pair_12,Parkland,FL,location_resolved,phone,2264752443,INSTITUTE FOR WOMEN'S HEALTH AND BODY LLC,43,7,27,1,34,43,5,0.6279,,,,,,,43,INSTITUTE FOR WOMEN'S HEALTH AND BODY LLC,FALSE,independence_unresolved,no affirmative evidence either way,,,,,
1558856674,Dr. Emmanuelle Bagdasarian,Non-PE,universe,pair_193,Tampa,FL,location_resolved,phone,9234031444,WOMENS CARE FLORIDA LLC,293,58,198,260,74,293,8,0.6758,Women's Care Enterprises,Women's Care Enterprises,,,,,293,WOMENS CARE FLORIDA LLC,FALSE,not_independent_supported,"sampled organisation contains clinicians from PE platform ""Women's Care Enterprises"" on the study roster",,,,,
1558894683,Dr. Laura Puckett,Non-PE,universe,pair_66,Miami,FL,location_resolved,phone,5395807218,FLORIDA WOMAN CARE LLC,510,87,337,8,214,510,8,0.6608,Women's Care Enterprises,Women's Care Enterprises,,,,,510,FLORIDA WOMAN CARE LLC,FALSE,not_independent_supported,"sampled organisation contains clinicians from PE platform ""Women's Care Enterprises"" on the study roster",,,,,
1558939942,"Rebecca Pisan, MD",PE,roster_only,,,MI,no_dac_affiliation,,,,,,,,,,,,,,,,,,,,,independence_unresolved,no_dac_affiliation,,,,,
1568421667,Dr. Christi Hunt,PE,universe,pair_342,Asheville,NC,location_resolved,city_state,0042448169,UWH OF THE CAROLINAS PLLC,294,40,208,9,66,294,8,0.7075,Unified Women's Healthcare,Unified Women's Healthcare,,,,,,,,not_independent_supported,"sampled organisation contains clinicians from PE platform ""Unified Women's Healthcare"" on the study roster",,,,,
1568433308,Dr. Robert Puig,PE,universe,pair_122,Miami,FL,location_resolved,phone,8921091786,VITALMD GROUP HOLDING LLC,430,152,283,5,117,430,22,0.6581,Femwell Group Health,Femwell Group Health,,,,,,,,not_independent_supported,"sampled organisation contains clinicians from PE platform ""Femwell Group Health"" on the study roster",,,,,
1568464568,Dr. Joel Kramer,Non-PE,fielded,pair_392,Philadelphia,PA,location_resolved,phone,0042109902,HR PHYSICIAN SERVICES,140,29,26,11,31,140,21,0.1857,,,Hospital,42109902,256,HR PHYSICIAN SERVICES,140,HR PHYSICIAN SERVICES,FALSE,independence_unresolved,"large organisation, name uninformative; needs external adjudication",,,,,
1568485969,Dr. Emilio Juncosa,Non-PE,universe,pair_406,Miami,FL,location_resolved,phone,8921091786,VITALMD GROUP HOLDING LLC,430,152,283,375,117,430,22,0.6581,Femwell Group Health,Femwell Group Health,,,,,430,VITALMD GROUP HOLDING LLC,FALSE,not_independent_supported,"sampled organisation contains clinicians from PE platform ""Femwell Group Health"" on the study roster",,,,,
1568496453,Michael R. Drews,PE,roster_only,,,NJ,no_dac_affiliation,,,,,,,,,,,,,,,,,,,,,independence_unresolved,no_dac_affiliation,,,,,
1568540995,Dr. Karen Updike,Non-PE,universe,pair_44,Miami,FL,location_resolved,phone,8921091786,VITALMD GROUP HOLDING LLC,430,152,283,7,117,430,22,0.6581,Femwell Group Health,Femwell Group Health,,,,,430,VITALMD GROUP HOLDING LLC,FALSE,not_independent_supported,"sampled organisation contains clinicians from PE platform ""Femwell Group Health"" on the study roster",,,,,
1568552511,Dr. Humberto Barrios,Non-PE,universe,pair_383,Miami,FL,no_organisation_on_sampled_row,phone,,,,,,,,,,,,,,,,,NA,,NA,independence_unresolved,no_organisation_on_sampled_row,,,,,
1568572014,"Jeffrey Miller, MD",PE,roster_only,,,NY,affiliation_location_mismatch,,,,,,,,,,,,,Unified Women's Healthcare,,,,,,,,independence_unresolved,affiliation_location_mismatch,,,,,
1568626703,Dr. Keri Thompson,PE,universe,pair_156,Novi,MI,location_resolved,phone,0345626073,UWH OF MICHIGAN PLC,39,8,31,6,5,39,2,0.7949,Unified Women's Healthcare,Unified Women's Healthcare,,,,,,,,not_independent_supported,"sampled organisation contains clinicians from PE platform ""Unified Women's Healthcare"" on the study roster",,,,,
1568669075,"Stephanie Marshall Thompson, MD",PE,roster_only,,,NJ,no_dac_affiliation,,,,,,,,,,,,,,,,,,,,,independence_unresolved,no_dac_affiliation,,,,,
1568688836,Dr. Marta Perez-Silva,PE,universe,pair_92,Miami,FL,no_dac_affiliation,,,,,,,,,,,,,,,,,,,,,independence_unresolved,no_dac_affiliation,,,,,
1568689917,"Mary Katherine Goodwin, MD, MA, FACOG",PE,roster_only,,,NC,affiliation_location_mismatch,,,,,,,,,,,,,Unified Women's Healthcare,,,,,,,,independence_unresolved,affiliation_location_mismatch,,,,,
1568704732,"Laterica Barton, DO, FACOOG",PE,roster_only,,,FL,affiliation_location_mismatch,,,,,,,,,,,,,Women's Care Enterprises,,,,,,,,independence_unresolved,affiliation_location_mismatch,,,,,
1568842623,"Colleen Dempsey, MD",PE,roster_only,,,NJ,affiliation_location_mismatch,,,,,,,,,,,,,Axia Women's Health,,,,,,,,independence_unresolved,affiliation_location_mismatch,,,,,
1568952877,Dr. Grace Wey,PE,fielded+universe,pair_459,Bayonne,NJ,location_resolved,phone,2961316328,REGIONAL WOMENS HEALTH GROUP LLC,334,85,227,3,110,334,8,0.6796,Axia Women's Health,Axia Women's Health,Hospital,,,,,,,not_independent_supported,"sampled organisation contains clinicians from PE platform ""Axia Women's Health"" on the study roster",,,,,
1578052338,Haley G. Genovese,PE,roster_only,,,CA,no_dac_affiliation,,,,,,,,,,,,,,,,,,,,,independence_unresolved,no_dac_affiliation,,,,,
1578067187,Dr. Catherine Yu,PE,fielded+universe,pair_314,New Brunswick,NJ,no_dac_affiliation,,,,,,,,,,,,,,Hospital,,,,,,,independence_unresolved,no_dac_affiliation,,,,,
1578521563,Dr. Xiao-Mei Zeng,Non-PE,universe,pair_22,Miami,FL,location_resolved,phone,8921091786,VITALMD GROUP HOLDING LLC,430,152,283,375,117,430,22,0.6581,Femwell Group Health,Femwell Group Health,,,,,430,VITALMD GROUP HOLDING LLC,FALSE,not_independent_supported,"sampled organisation contains clinicians from PE platform ""Femwell Group Health"" on the study roster",,,,,
1578533626,Dr. Jorge Echenique,PE,universe,pair_15,Miami,FL,location_resolved,city_state,8921091786,VITALMD GROUP HOLDING LLC,430,152,283,375,117,430,22,0.6581,Femwell Group Health,Femwell Group Health,,,,,,,,not_independent_supported,"sampled organisation contains clinicians from PE platform ""Femwell Group Health"" on the study roster",,,,,
1578534350,Dr. Damon Hou,PE,universe,pair_352,Alexandria,VA,location_resolved,phone,4880582741,CAPITAL WOMENS CARE LLC,252,47,182,11,64,252,7,0.7222,Advantia Health,Advantia Health,,,,,,,,not_independent_supported,"sampled organisation contains clinicians from PE platform ""Advantia Health"" on the study roster",,,,,
1578543195,Dr. Douglas Smith,PE,roster_only,,,FL,affiliation_location_mismatch,,,,,,,,,,,,,Femwell Group Health,,,,,,,,independence_unresolved,affiliation_location_mismatch,,,,,
1578558656,Dr. Rachel Ciaccio,PE,roster_only,,,FL,affiliation_location_mismatch,,,,,,,,,,,,,Femwell Group Health,,,,,,,,independence_unresolved,affiliation_location_mismatch,,,,,
1578577581,Dr. Terrence Harris,Non-PE,universe,pair_374,Miami,FL,location_resolved,phone,8921091786,VITALMD GROUP HOLDING LLC,430,152,283,375,117,430,22,0.6581,Femwell Group Health,Femwell Group Health,,,,,430,VITALMD GROUP HOLDING LLC,FALSE,not_independent_supported,"sampled organisation contains clinicians from PE platform ""Femwell Group Health"" on the study roster",,,,,
1578615084,Dr. Anne Petit,Non-PE,fielded+universe,pair_457,Somers Point,NJ,location_resolved,phone,0648163659,RELIANCE MEDICAL GROUP LLC,4,2,3,1,3,4,2,0.75,,,,3072899830|648163659,37,ADVANTAGE WOMENS HEALTH|RELIANCE MEDICAL GROUP LLC,4,RELIANCE MEDICAL GROUP LLC,TRUE,independent_supported,"single-specialty OB/GYN organisation, no system token, no PE-roster member",,,,,
1578662276,Dr. Gene Krishingner,PE,fielded+universe,pair_87,Orlando,FL,no_dac_affiliation,,,,,,,,,,,,,,,5395807218,517,FLORIDA WOMAN CARE LLC,,,,independence_unresolved,no_dac_affiliation,,,,,
1578721155,Dr. Lina Millan,PE,fielded,pair_341,Roswell,GA,location_resolved,phone,0143568634,ADVANCED GYNECOLOGY PC,11,0,4,7,2,11,4,0.3636,Together Women's Health,Together Women's Health,Hospital,,,,,,,not_independent_supported,"sampled organisation contains clinicians from PE platform ""Together Women's Health"" on the study roster",,,,,
1578761037,"Radwan Asaad, MD",PE,roster_only,,,MI,affiliation_location_mismatch,,,,,,,,,,,,,Unified Women's Healthcare,,,,,,,,independence_unresolved,affiliation_location_mismatch,,,,,
1578895314,Dr. Jorge Fernandez-Sanchez,Non-PE,universe,pair_40,Hialeah,FL,no_organisation_on_sampled_row,phone,,,,,,,,,,,,,,,,,NA,,NA,independence_unresolved,no_organisation_on_sampled_row,,,,,
1578916813,Dr. Natalie Diaz,PE,universe,pair_37,Sunrise,FL,no_dac_affiliation,,,,,,,,,,,,,,,,,,,,,independence_unresolved,no_dac_affiliation,,,,,
1588047484,"Shalini Golla, MD, FACOG",PE,roster_only,,,FL,affiliation_location_mismatch,,,,,,,,,,,,,Women's Care Enterprises,,,,,,,,independence_unresolved,affiliation_location_mismatch,,,,,
1588084016,Dr. Kendra Gillespie,PE,universe,pair_91,Jacksonville,FL,no_dac_affiliation,,,,,,,,,,,,,,,,,,,,,independence_unresolved,no_dac_affiliation,,,,,
1588156384,Dr. Nicole Baker,PE,universe,pair_153,Tampa,FL,location_resolved,city_state,9234031444,WOMENS CARE FLORIDA LLC,293,58,198,260,74,293,8,0.6758,Women's Care Enterprises,Women's Care Enterprises,,,,,,,,not_independent_supported,"sampled organisation contains clinicians from PE platform ""Women's Care Enterprises"" on the study roster",,,,,
1588185862,Dr. Sonia Koshy,Non-PE,universe,pair_84,Miami,FL,location_resolved,phone,8921091786,VITALMD GROUP HOLDING LLC,430,152,283,375,117,430,22,0.6581,Femwell Group Health,Femwell Group Health,,,,,430,VITALMD GROUP HOLDING LLC,FALSE,not_independent_supported,"sampled organisation contains clinicians from PE platform ""Femwell Group Health"" on the study roster",,,,,
1588192561,Dr. Kathryn Ruymann,PE,universe,pair_263,West Chester,PA,no_dac_affiliation,,,,,,,,,,,,,,,,,,,,,independence_unresolved,no_dac_affiliation,,,,,
1588283238,Dr. Jamie Funk,PE,universe,pair_330,Las Vegas,NV,no_dac_affiliation,,,,,,,,,,,,,,,,,,,,,independence_unresolved,no_dac_affiliation,,,,,
1588283956,Dr. Macie Hurtado,PE,roster_only,,,FL,no_dac_affiliation,,,,,,,,,,,,,,,,,,,,,independence_unresolved,no_dac_affiliation,,,,,
1588605646,Dr. Celestino Castellon,Non-PE,universe,pair_385,Hialeah,FL,no_organisation_on_sampled_row,phone,,,,,,,,,,,,,,,,,NA,,NA,independence_unresolved,no_organisation_on_sampled_row,,,,,
1588609101,Dr. Crista Crisler,Non-PE,fielded,pair_251,Memphis,TN,location_resolved,phone,7214918762,MEMPHIS OBSTETRICS AND GYNECOLOGICAL ASSOCIATION PC,38,11,37,14,8,38,2,0.9737,,,Hospital,7214918762,38,MEMPHIS OBSTETRICS AND GYNECOLOGICAL ASSOCIATION PC,38,MEMPHIS OBSTETRICS AND GYNECOLOGICAL ASSOCIATION PC,FALSE,independent_supported,"single-specialty OB/GYN organisation, no system token, no PE-roster member",,,,,
1588620546,Dr. Simon Weiss,PE,universe,pair_88,Hollywood,FL,location_resolved,phone,8921091786,VITALMD GROUP HOLDING LLC,430,152,283,1,117,430,22,0.6581,Femwell Group Health,Femwell Group Health,,,,,,,,not_independent_supported,"sampled organisation contains clinicians from PE platform ""Femwell Group Health"" on the study roster",,,,,
1588625909,Dr. Bradley Douglas,PE,universe,pair_378,Orlando,FL,no_dac_affiliation,,,,,,,,,,,,,,,,,,,,,independence_unresolved,no_dac_affiliation,,,,,
1588637565,Dr. Susan Fosnot,PE,universe,pair_363,Miami,FL,location_resolved,city_state,8921091786,VITALMD GROUP HOLDING LLC,430,152,283,375,117,430,22,0.6581,Femwell Group Health,Femwell Group Health,,,,,,,,not_independent_supported,"sampled organisation contains clinicians from PE platform ""Femwell Group Health"" on the study roster",,,,,
1588645519,"Lori Shoha, MD",PE,roster_only,,,MI,affiliation_location_mismatch,,,,,,,,,,,,,Unified Women's Healthcare,,,,,,,,independence_unresolved,affiliation_location_mismatch,,,,,
1588663363,Dr. Joseph Kerpsack,PE,fielded+universe,pair_122,Miami,FL,location_resolved,city_state,8921091786,VITALMD GROUP HOLDING LLC,430,152,283,375,117,430,22,0.6581,Femwell Group Health,Femwell Group Health,Hospital,5193866838|8921091786|9537059084,957,OB HOSPITALIST GROUP LLC|ORLANDO HEALTH PHYSICIAN GROUP INC|VITALMD GROUP HOLDING LLC,,,,not_independent_supported,"sampled organisation contains clinicians from PE platform ""Femwell Group Health"" on the study roster",,,,,
1588666861,Dr. Nancy Chiang,PE,roster_only,,,FL,no_dac_affiliation,,,,,,,,,,,,,,,,,,,,,independence_unresolved,no_dac_affiliation,,,,,
1588678270,Dr. Thomas Helm,PE,fielded+universe,pair_485,Meriden,CT,location_resolved,phone,3274430665,"PHYSICIANS FOR WOMEN'S HEALTH, LLC",278,45,201,7,78,278,7,0.723,Unified Women's Healthcare,Unified Women's Healthcare,Hospital,3274430665,262,PHYSICIANS FOR WOMENS HEALTH LLC,,,,not_independent_supported,"sampled organisation contains clinicians from PE platform ""Unified Women's Healthcare"" on the study roster",,,,,
1588678932,Dr. Andrea Schiller,PE,fielded+universe,pair_364,Royal Oak,MI,location_resolved,phone,7719917947,WOMEN FIRST OBGYN CENTER PLLC,5,0,5,5,1,5,1,1.0,Together Women's Health,Together Women's Health,Hospital,3072875889,765,BEAUMONT MEDICAL GROUP HOSPITAL BASED SERVICES,,,,not_independent_supported,"sampled organisation contains clinicians from PE platform ""Together Women's Health"" on the study roster",,,,,
1588777114,Dr. Craig Cantor,PE,universe,pair_196,Jacksonville,FL,location_resolved,city_state,9234031444,WOMENS CARE FLORIDA LLC,293,58,198,3,74,293,8,0.6758,Women's Care Enterprises,Women's Care Enterprises,,,,,,,,not_independent_supported,"sampled organisation contains clinicians from PE platform ""Women's Care Enterprises"" on the study roster",,,,,
1588834329,Dr. Ana Benitez Prieto,Non-PE,fielded,pair_208,Orlando,FL,location_resolved,phone,5395807218,FLORIDA WOMAN CARE LLC,510,87,337,28,214,510,8,0.6608,Women's Care Enterprises,Women's Care Enterprises,,5395807218|9234130329,517,FLORIDA WOMAN CARE LLC|INDIAN RIVER HEALTH SERVICES INC,510,FLORIDA WOMAN CARE LLC,FALSE,not_independent_supported,"sampled organisation contains clinicians from PE platform ""Women's Care Enterprises"" on the study roster",,,,,
1588856421,"Natasha K. Gooden, MD",PE,roster_only,,,FL,affiliation_location_mismatch,,,,,,,,,,,,,Women's Care Enterprises,,,,,,,,independence_unresolved,affiliation_location_mismatch,,,,,
1588895767,"Jie Xu, MD, FACOG",PE,roster_only,,,NJ,affiliation_location_mismatch,,,,,,,,,,,,,Axia Women's Health,,,,,,,,independence_unresolved,affiliation_location_mismatch,,,,,
1588898415,Dr. Arminda Callejas Weintz,Non-PE,fielded,pair_398,Frisco,TX,location_resolved,phone,3476808411,"MEDICAL CITY OB-GYN, PLLC",33,7,32,4,13,33,2,0.9697,Women's Care Enterprises,Women's Care Enterprises,,5991785453,16,"HEALTH CENTRAL, P.A.",33,"MEDICAL CITY OB-GYN, PLLC",FALSE,not_independent_supported,"sampled organisation contains clinicians from PE platform ""Women's Care Enterprises"" on the study roster",,,,,
1598085474,"Samantha Medina, DO",PE,roster_only,,,AZ,affiliation_location_mismatch,,,,,,,,,,,,,Unified Women's Healthcare / Genesis OBGYN,,,,,,,,independence_unresolved,affiliation_location_mismatch,,,,,
1598118218,Dr. Kelsey Anderson,PE,fielded,pair_183,Creve Coeur,MO,no_dac_affiliation,,,,,,,,,,,,,,,,,,,,,independence_unresolved,no_dac_affiliation,,,,,
1598127888,Dr. Cheryl Cornely,PE,universe,pair_31,Pinecrest,FL,no_dac_affiliation,,,,,,,,,,,,,,,,,,,,,independence_unresolved,no_dac_affiliation,,,,,
1598293607,"Jennifer Brown, MD, FACOG",PE,roster_only,,,NJ,affiliation_location_mismatch,,,,,,,,,,,,,Axia Women's Health,,,,,,,,independence_unresolved,affiliation_location_mismatch,,,,,
1598341489,Dr. Madeleine Hage,PE,universe,pair_337,Manhasset,NY,no_dac_affiliation,,,,,,,,,,,,,,,,,,,,,independence_unresolved,no_dac_affiliation,,,,,
1598723306,Dr. Armando Hernandez-Rey,PE,roster_only,,,FL,no_dac_affiliation,,,,,,,,,,,,,,,,,,,,,independence_unresolved,no_dac_affiliation,,,,,
1598723819,Dr. Helene Koch,Non-PE,fielded+universe,pair_291,Bala Cynwyd,PA,no_organisation_on_sampled_row,phone,,,,,,,,,,,,,Hospital,7012960610,1,HELENE M KOCH DO PC,NA,,NA,independence_unresolved,no_organisation_on_sampled_row,,,,,
1598727950,Dr. Anthony Hood,PE,roster_only,,,FL,no_dac_affiliation,,,,,,,,,,,,,,,,,,,,,independence_unresolved,no_dac_affiliation,,,,,
1598759334,Dr. Mark Simonelli,Non-PE,fielded+universe,pair_477,Worcester,MA,location_resolved,phone,4284539891,UMASS MEMORIAL MEDICAL GROUP INC,1871,348,48,1487,87,1871,61,0.0257,Unified Women's Healthcare,Unified Women's Healthcare,Hospital,2567543689,124,HARRINGTON PHYSICIAN SERVICES INC,1871,UMASS MEMORIAL MEDICAL GROUP INC,FALSE,not_independent_supported,"sampled organisation contains clinicians from PE platform ""Unified Women's Healthcare"" on the study roster",,,,,
1598764771,Dr. Keith Brill,PE,fielded,pair_378,Henderson,NV,location_resolved,phone,4082845664,"WOMEN'S HEALTH ASSOCIATES OF SOUTHERN NEVADA- MARTIN, PLLC",83,17,42,5,17,83,4,0.506,Unified Women's Healthcare,Unified Women's Healthcare,,4082845664,59,WOMEN'S HEALTH ASSOCIATES OF SOUTHERN NEVADA PC,,,,not_independent_supported,"sampled organisation contains clinicians from PE platform ""Unified Women's Healthcare"" on the study roster",,,,,
1598855678,Dr. Esther Zekman,PE,fielded+universe,pair_68,Royal Oak,MI,location_resolved,city_state,0345413258,MICHIGAN HEALTHCARE PROFESSIONALS PC,449,113,20,24,136,449,41,0.0445,Unified Women's Healthcare,Unified Women's Healthcare,Hospital,345413258,497,MICHIGAN HEALTHCARE PROFESSIONALS PC,,,,not_independent_supported,"sampled organisation contains clinicians from PE platform ""Unified Women's Healthcare"" on the study roster",,,,,
1598883571,"Serena Chen, MD",PE,roster_only,,,NJ,no_dac_affiliation,,,,,,,,,,,,,,,,,,,,,independence_unresolved,no_dac_affiliation,,,,,
1598931149,Dr. Elizabeth Nowacki,PE,universe,pair_259,Fishers,IN,location_resolved,phone,0749188142,SEVEN HILLS OB-GYN ASSOCIATES LLC,110,28,65,4,32,110,7,0.5909,Axia Women's Health,Axia Women's Health,,,,,,,,not_independent_supported,"sampled organisation contains clinicians from PE platform ""Axia Women's Health"" on the study roster",,,,,
1609002419,Dr. Natasha Chinn,Non-PE,universe,pair_453,Harrington Park,NJ,location_resolved,phone,1355512252,MEDICAL ASSOCIATES OF ENGLEWOOD PC,521,128,22,209,177,521,41,0.0422,,,,,,,521,MEDICAL ASSOCIATES OF ENGLEWOOD PC,FALSE,independence_unresolved,"large organisation, name uninformative; needs external adjudication",,,,,
1609036805,"Catherine Minter, DO",PE,roster_only,,,NJ,affiliation_location_mismatch,,,,,,,,,,,,,Axia Women's Health,,,,,,,,independence_unresolved,affiliation_location_mismatch,,,,,
1609047026,Dr. Sandra Krizmanich,Non-PE,fielded,pair_271,Fort Wayne,IN,location_resolved,phone,2668539818,ASSOCIATED SURGEONS AND PHYSICIANS LLC,29,5,17,12,7,29,4,0.5862,,,Hospital,2668539818,42,ASSOCIATED SURGEONS AND PHYSICIANS LLC,29,ASSOCIATED SURGEONS AND PHYSICIANS LLC,FALSE,independence_unresolved,no affirmative evidence either way,,,,,
1609098219,"Emily A. Evans-Hoeker, M.D.",PE,roster_only,,,MD,no_dac_affiliation,,,,,,,,,,,,,,,,,,,,,independence_unresolved,no_dac_affiliation,,,,,
1609119890,Dr. Tavor Sondheimer,Non-PE,fielded,pair_4,Washington,DC,location_resolved,phone,6103093513,WHC PHYSICIAN GROUP LLC,313,52,33,227,16,313,24,0.1054,,,Hospital,6103093513,606,WHC PHYSICIAN GROUP LLC,313,WHC PHYSICIAN GROUP LLC,FALSE,independence_unresolved,"large organisation, name uninformative; needs external adjudication",,,,,
1609286848,Dr. Kirsten Ely,PE,fielded+universe,pair_355,Beltsville,MD,location_resolved,city_state,5890913503,MARYLAND PHYSICIANS EDGE LLC,21,1,17,11,3,21,3,0.8095,Advantia Health,Advantia Health,,5890913503,20,MARYLAND PHYSICIANS EDGE LLC,,,,not_independent_supported,"sampled organisation contains clinicians from PE platform ""Advantia Health"" on the study roster",,,,,
1609337385,Dr. Erika Fernandez,PE,roster_only,,,FL,no_dac_affiliation,,,,,,,,,,,,,,,,,,,,,independence_unresolved,no_dac_affiliation,,,,,
1609435742,"Catherine Casademont-Luna, MD",PE,roster_only,,,FL,affiliation_location_mismatch,,,,,,,,,,,,,Women's Care Enterprises,,,,,,,,independence_unresolved,affiliation_location_mismatch,,,,,
1609495035,"Lindsay West, DO",PE,roster_only,,,NJ,no_dac_affiliation,,,,,,,,,,,,,,,,,,,,,independence_unresolved,no_dac_affiliation,,,,,
1609810530,Dr. Angela Fleming,Non-PE,universe,pair_13,Novi,MI,location_resolved,phone,9234480575,VMD PRIMARY PROVIDERS EASTERN MICHIGAN PC,60,20,1,11,14,60,,,,,,,,,60,VMD PRIMARY PROVIDERS EASTERN MICHIGAN PC,FALSE,independence_unresolved,no affirmative evidence either way,,,,,
1609831486,Dr. Carol Hahn,PE,universe,pair_288,Phoenix,AZ,location_resolved,phone,2769468594,CENTRAL PHOENIX WOMEN'S HEALTH CARE LTD,3,0,3,3,1,3,1,1.0,Unified Women's Healthcare,Unified Women's Healthcare,,,,,,,,not_independent_supported,"sampled organisation contains clinicians from PE platform ""Unified Women's Healthcare"" on the study roster",,,,,
1609849496,Dr. Ted Robertson,PE,roster_only,,,FL,affiliation_location_mismatch,,,,,,,,,,,,,Femwell Group Health,,,,,,,,independence_unresolved,affiliation_location_mismatch,,,,,
1609851146,"Ann LaBarge, MD, FACOG",PE,roster_only,,,IL,affiliation_location_mismatch,,,,,,,,,,,,,Together Women's Health,,,,,,,,independence_unresolved,affiliation_location_mismatch,,,,,
1609866763,Dr. Scott Bowers,PE,fielded+universe,pair_258,Greenwood,IN,location_resolved,phone,0749188142,SEVEN HILLS OB-GYN ASSOCIATES LLC,110,28,65,8,32,110,7,0.5909,Axia Women's Health,Axia Women's Health,Hospital,6608780978,48,OBSTETRICS & GYNECOLOGY OF INDIANA PC,,,,not_independent_supported,"sampled organisation contains clinicians from PE platform ""Axia Women's Health"" on the study roster",,,,,
1609899392,Dr. Anthony Lai,Non-PE,universe,pair_123,South Miami,FL,location_resolved,phone,8426014085,SOUTH FLORIDA PERINATAL MEDICINE,3,2,2,3,2,3,2,0.6667,,,,,,,3,SOUTH FLORIDA PERINATAL MEDICINE,TRUE,independence_unresolved,no affirmative evidence either way,,,,,
1609979079,Dr. Andrew Krinsky,Non-PE,universe,pair_361,Miami,FL,location_resolved,phone,8921091786,VITALMD GROUP HOLDING LLC,430,152,283,375,117,430,22,0.6581,Femwell Group Health,Femwell Group Health,,,,,430,VITALMD GROUP HOLDING LLC,FALSE,not_independent_supported,"sampled organisation contains clinicians from PE platform ""Femwell Group Health"" on the study roster",,,,,
1619050937,Dr. Kai Fu,PE,universe,pair_152,Orlando,FL,location_resolved,phone,9234031444,WOMENS CARE FLORIDA LLC,293,58,198,9,74,293,8,0.6758,Women's Care Enterprises,Women's Care Enterprises,,,,,,,,not_independent_supported,"sampled organisation contains clinicians from PE platform ""Women's Care Enterprises"" on the study roster",,,,,
1619053535,Dr. Yulia Aronovich,PE,fielded,pair_385,Manhasset,NY,location_resolved,phone,7012938434,SQUARE CARE MEDICAL GROUP LLP,56,17,41,9,20,56,4,0.7321,Unified Women's Healthcare,Unified Women's Healthcare,Hospital,7012938434,72,"SQUARE CARE MEDICAL GROUP, LLP",,,,not_independent_supported,"sampled organisation contains clinicians from PE platform ""Unified Women's Healthcare"" on the study roster",,,,,
1619076403,Dr. Daniel Gottschall,Non-PE,fielded,pair_482,Bridgeport,CT,location_resolved,phone,3274430665,"PHYSICIANS FOR WOMEN'S HEALTH, LLC",278,45,201,7,78,278,7,0.723,Unified Women's Healthcare,Unified Women's Healthcare,Hospital,3274430665,262,PHYSICIANS FOR WOMENS HEALTH LLC,278,"PHYSICIANS FOR WOMEN'S HEALTH, LLC",FALSE,not_independent_supported,"sampled organisation contains clinicians from PE platform ""Unified Women's Healthcare"" on the study roster",,,,,
1619084225,Dr. Marina Torbey,Non-PE,universe,pair_432,Bridgeport,CT,location_resolved,phone,1254233836,NORTHEAST MEDICAL GROUP INC,1253,167,30,294,143,1253,,,,,,,,,1253,NORTHEAST MEDICAL GROUP INC,FALSE,independence_unresolved,"large organisation, name uninformative; needs external adjudication",,,,,
1619097169,Dr. Omid Seylabi,PE,universe,pair_7,Miami,FL,location_resolved,city_state,8921091786,VITALMD GROUP HOLDING LLC,430,152,283,375,117,430,22,0.6581,Femwell Group Health,Femwell Group Health,,,,,,,,not_independent_supported,"sampled organisation contains clinicians from PE platform ""Femwell Group Health"" on the study roster",,,,,
1619157526,Dr. Kathleen Slugocki,Non-PE,fielded,pair_353,Mokena,IL,location_resolved,phone,5698904878,PROVIDEA HEALTH PARTNERS LLC,6,0,5,4,2,6,2,0.8333,,,Hospital,5698904878,15,PROVIDEA HEALTH PARTNERS LLC,6,PROVIDEA HEALTH PARTNERS LLC,TRUE,independent_supported,"single-specialty OB/GYN organisation, no system token, no PE-roster member",,,,,
1619271947,Dr. Carlos Flores,Non-PE,fielded,pair_336,Burbank,CA,no_organisation_on_sampled_row,phone,,,,,,,,,,,,,,,,,287,PROVIDENCE FACEY MEDICAL FOUNDATION,FALSE,independence_unresolved,no_organisation_on_sampled_row,,,,,
1619298460,"Lisa Green, M.D.",PE,roster_only,,,PA,affiliation_location_mismatch,,,,,,,,,,,,,US Fertility,,,,,,,,independence_unresolved,affiliation_location_mismatch,,,,,
1619419165,Dr. Luis Santiago,PE,roster_only,,,FL,affiliation_location_mismatch,,,,,,,,,,,,,Femwell Group Health,,,,,,,,independence_unresolved,affiliation_location_mismatch,,,,,
1619437118,Dr. Tiffany Beguiristain,PE,roster_only,,,FL,affiliation_location_mismatch,,,,,,,,,,,,,Femwell Group Health,,,,,,,,independence_unresolved,affiliation_location_mismatch,,,,,
1619498417,Dr. Kimberly Bernard,PE,roster_only,,,FL,affiliation_location_mismatch,,,,,,,,,,,,,Femwell Group Health,,,,,,,,independence_unresolved,affiliation_location_mismatch,,,,,
1619555968,Dr. Connell Kling,PE,fielded+universe,pair_285,Syracuse,NY,no_dac_affiliation,,,,,,,,,,,,,,Hospital,,,,,,,independence_unresolved,no_dac_affiliation,,,,,
1619558400,"Amarachi Obi, MD",PE,roster_only,,,MD,no_dac_affiliation,,,,,,,,,,,,,,,,,,,,,independence_unresolved,no_dac_affiliation,,,,,
1619905387,Dr. Jonathan Zaidan,Non-PE,fielded+universe,pair_115,Birmingham,MI,no_organisation_on_sampled_row,phone,,,,,,,,,,,,Unified Women's Healthcare,Hospital,1254355878|3072875889|547173213,765,BEAUMONT MEDICAL GROUP HOSPITAL BASED SERVICES|MCLAREN OAKLAND|WOMEN'S HEALTHCARE ASSOCIATES OF OAKL,NA,,NA,independence_unresolved,no_organisation_on_sampled_row,,,,,
1619925674,"Jennifer Stuck, DO, FACOOG",PE,roster_only,,,NJ,affiliation_location_mismatch,,,,,,,,,,,,,Axia Women's Health,,,,,,,,independence_unresolved,affiliation_location_mismatch,,,,,
1619931797,Dr. Anthony P. Shaya,PE,roster_only,,,FL,affiliation_location_mismatch,,,,,,,,,,,,,Femwell Group Health,,,,,,,,independence_unresolved,affiliation_location_mismatch,,,,,
1619932506,Dr. Linh Nguyen,Non-PE,fielded,pair_380,Fountain Valley,CA,location_resolved,phone,5799724373,WOMEN'S MEDICAL CORP OF HUNTINGTON BEACH,4,2,3,4,1,4,2,0.75,,,Hospital,5799724373,8,WOMEN'S MEDICAL CORP OF HUNTINGTON BEACH,4,WOMEN'S MEDICAL CORP OF HUNTINGTON BEACH,TRUE,independent_supported,"single-specialty OB/GYN organisation, no system token, no PE-roster member",,,,,
1619935756,Dr. Dov Schuchman,Non-PE,universe,pair_146,Bloomfield Hills,MI,no_organisation_on_sampled_row,phone,,,,,,,,,,,,,,,,,NA,,NA,independence_unresolved,no_organisation_on_sampled_row,,,,,
1619963428,Dr. Amy Armada,PE,roster_only,,,FL,no_dac_affiliation,,,,,,,,,,,,,,,,,,,,,independence_unresolved,no_dac_affiliation,,,,,
1619997491,"Jason G. Bromer, M.D.",PE,roster_only,,,MD,no_dac_affiliation,,,,,,,,,,,,,,,,,,,,,independence_unresolved,no_dac_affiliation,,,,,
1629028253,Dr. Francisco Jimenez,PE,roster_only,,,FL,affiliation_location_mismatch,,,,,,,,,,,,,Femwell Group Health,,,,,,,,independence_unresolved,affiliation_location_mismatch,,,,,
1629030853,Dr. Sayra Sievert,PE,universe,pair_111,Jacksonville,FL,location_resolved,city_state,9234031444,WOMENS CARE FLORIDA LLC,293,58,198,8,74,293,8,0.6758,Women's Care Enterprises,Women's Care Enterprises,,,,,,,,not_independent_supported,"sampled organisation contains clinicians from PE platform ""Women's Care Enterprises"" on the study roster",,,,,
1629031117,Dr. Sheldon Paul,PE,fielded+universe,pair_376,North Las Vegas,NV,location_resolved,phone,4082845664,"WOMEN'S HEALTH ASSOCIATES OF SOUTHERN NEVADA- MARTIN, PLLC",83,17,42,12,17,83,4,0.506,Unified Women's Healthcare,Unified Women's Healthcare,,4082845664|5294976288,59,"SHELDON W PAUL, MD PC|WOMEN'S HEALTH ASSOCIATES OF SOUTHERN NEVADA PC",,,,not_independent_supported,"sampled organisation contains clinicians from PE platform ""Unified Women's Healthcare"" on the study roster",,,,,
1629042460,Dr. Elliot Cazes,Non-PE,fielded,pair_230,Tampa,FL,no_organisation_on_sampled_row,phone,,,,,,,,,,,,,,8325085053,1,"ELLIOT E. CAZES MD, NEW TAMPA OB-GYN, PA",NA,,NA,independence_unresolved,no_organisation_on_sampled_row,,,,,
1629063029,"Helene Lacoste, MD",PE,roster_only,,,MI,affiliation_location_mismatch,,,,,,,,,,,,,Unified Women's Healthcare,,,,,,,,independence_unresolved,affiliation_location_mismatch,,,,,
1629064670,"Joshua Goldman, MD",PE,roster_only,,,FL,affiliation_location_mismatch,,,,,,,,,,,,,Women's Care Enterprises,,,,,,,,independence_unresolved,affiliation_location_mismatch,,,,,
1629064696,Dr. Ignacio Armas,Non-PE,universe,pair_162,Tampa,FL,location_resolved,phone,9234031444,WOMENS CARE FLORIDA LLC,293,58,198,260,74,293,8,0.6758,Women's Care Enterprises,Women's Care Enterprises,,,,,293,WOMENS CARE FLORIDA LLC,FALSE,not_independent_supported,"sampled organisation contains clinicians from PE platform ""Women's Care Enterprises"" on the study roster",,,,,
1629091913,Dr. Shawn Stephens,Non-PE,universe,pair_90,Miami,FL,location_resolved,phone,8921091786,VITALMD GROUP HOLDING LLC,430,152,283,375,117,430,22,0.6581,Femwell Group Health,Femwell Group Health,,,,,430,VITALMD GROUP HOLDING LLC,FALSE,not_independent_supported,"sampled organisation contains clinicians from PE platform ""Femwell Group Health"" on the study roster",,,,,
1629135330,Dr. Hugo Ferrara,Non-PE,universe,pair_15,Hialeah,FL,location_resolved,phone,5395807218,FLORIDA WOMAN CARE LLC,510,87,337,5,214,510,8,0.6608,Women's Care Enterprises,Women's Care Enterprises,,,,,510,FLORIDA WOMAN CARE LLC,FALSE,not_independent_supported,"sampled organisation contains clinicians from PE platform ""Women's Care Enterprises"" on the study roster",,,,,
1629166939,Dr. Jose Rivas,PE,universe,pair_20,Miami,FL,no_dac_affiliation,,,,,,,,,,,,,,,,,,,,,independence_unresolved,no_dac_affiliation,,,,,
1629247515,Dr. Carlos Reyes,PE,fielded+universe,pair_252,Tampa,FL,location_resolved,phone,9234031444,WOMENS CARE FLORIDA LLC,293,58,198,6,74,293,8,0.6758,Women's Care Enterprises,Women's Care Enterprises,Hospital,1850674870|9234031444|941445472,446,"BAYFRONT HMA MEDICAL CENTER LLC|WOMENS CARE FLORIDA LLC|WOMENS' HEALTH HOSPITALISTS, LLC",,,,not_independent_supported,"sampled organisation contains clinicians from PE platform ""Women's Care Enterprises"" on the study roster",,,,,
1629262126,Dr. Marcela Lazo,Non-PE,fielded+universe,pair_187,West Palm Beach,FL,location_resolved,phone,4486634417,PEDIATRIX MEDICAL GROUP OF FLORIDA INC,58,15,31,3,49,58,8,0.5345,,,,4688899263|4789626789|5193866838|8921091786,466,OB HOSPITALIST GROUP LLC|PALM BEACH OBSTETRICS & GYNECOLOGY PA|RUEL T STOESSEL MD PA|VITALMD GROUP H,58,PEDIATRIX MEDICAL GROUP OF FLORIDA INC,FALSE,independence_unresolved,no affirmative evidence either way,,,,,
1629284955,Dr. Kim Einhorn,PE,fielded+universe,pair_270,Malvern,PA,location_resolved,city_state,2961316328,REGIONAL WOMENS HEALTH GROUP LLC,334,85,227,7,110,334,8,0.6796,Axia Women's Health,Axia Women's Health,,1951215201|2961316328|4082679519,601,MAIN LINE HEALTHCARE|REGIONAL WOMENS HEALTH GROUP LLC|WOMENS HEALTH CARE GROUP OF PENNSYLVANIA LLC,,,,not_independent_supported,"sampled organisation contains clinicians from PE platform ""Axia Women's Health"" on the study roster",,,,,
1629289830,"Melissa Mancuso, MD",PE,roster_only,,,FL,no_dac_affiliation,,,,,,,,,,,,,,,,,,,,,independence_unresolved,no_dac_affiliation,,,,,
1629297270,"Michael Mahoney, MD",PE,roster_only,,,MI,affiliation_location_mismatch,,,,,,,,,,,,,Together Women's Health,,,,,,,,independence_unresolved,affiliation_location_mismatch,,,,,
1629364427,"Shawn J. Lee, MD, FACOG",PE,roster_only,,,FL,affiliation_location_mismatch,,,,,,,,,,,,,Women's Care Enterprises,,,,,,,,independence_unresolved,affiliation_location_mismatch,,,,,
1629368469,Dr. Ann Dude,Non-PE,universe,pair_343,Raleigh,NC,location_resolved,phone,0648181156,UNC PHYSICIANS AND ASSOCIATES,1664,172,63,15,74,1664,61,0.0379,,,,,,,1664,UNC PHYSICIANS AND ASSOCIATES,FALSE,independence_unresolved,"large organisation, name uninformative; needs external adjudication",,,,,
1629464003,Dr. Shruti Bala,Non-PE,fielded,pair_331,Tucson,AZ,location_resolved,phone,6305739244,"EL RIO SANTA CRUZ NEIGHBORHOOD HEALTH CENTER, INC",230,26,8,195,12,230,16,0.0348,,,,,,,230,"EL RIO SANTA CRUZ NEIGHBORHOOD HEALTH CENTER, INC",FALSE,independence_unresolved,"large organisation, name uninformative; needs external adjudication",,,,,
1629496294,Dr. Justen Sumner,Non-PE,fielded+universe,pair_304,Philadelphia,PA,location_resolved,phone,3577467018,ARIA HEALTH PHYSICIAN SERVICES,416,49,10,3,84,416,30,0.024,,,Hospital,3274437736|3577467018,636,ABINGTON MEMORIAL HOSPITAL|ARIA HEALTH PHYSICIAN SERVICES,416,ARIA HEALTH PHYSICIAN SERVICES,FALSE,independence_unresolved,"large organisation, name uninformative; needs external adjudication",,,,,
1629498597,Dr. Lauren Cameron,PE,roster_only,,,FL,no_dac_affiliation,,,,,,,,,,,,,,,,,,,,,independence_unresolved,no_dac_affiliation,,,,,
1629572847,Dr. Huiwen Liu,PE,fielded+universe,pair_426,Katy,TX,location_resolved,city_state,8224090345,KATY WOMENS CARE PA,4,0,4,4,1,4,1,1.0,Nova Women's Health Partners,Nova Women's Health Partners,,,,,,,,not_independent_supported,"sampled organisation contains clinicians from PE platform ""Nova Women's Health Partners"" on the study roster",,,,,
1639103468,Paul A. Bergh,PE,roster_only,,,NJ,no_dac_affiliation,,,,,,,,,,,,,,,,,,,,,independence_unresolved,no_dac_affiliation,,,,,
1639107212,Dr. Alberto Sirven,Non-PE,universe,pair_103,Miami,FL,location_resolved,phone,5395807218,FLORIDA WOMAN CARE LLC,510,87,337,4,214,510,8,0.6608,Women's Care Enterprises,Women's Care Enterprises,,,,,510,FLORIDA WOMAN CARE LLC,FALSE,not_independent_supported,"sampled organisation contains clinicians from PE platform ""Women's Care Enterprises"" on the study roster",,,,,
1639108269,Dr. Daniel Levin,PE,universe,pair_42,Miami,FL,location_resolved,city_state,8921091786,VITALMD GROUP HOLDING LLC,430,152,283,375,117,430,22,0.6581,Femwell Group Health,Femwell Group Health,,,,,,,,not_independent_supported,"sampled organisation contains clinicians from PE platform ""Femwell Group Health"" on the study roster",,,,,
1639128051,Dr. Deborah Siman,PE,universe,pair_393,Miami,FL,location_resolved,city_state,8921091786,VITALMD GROUP HOLDING LLC,430,152,283,375,117,430,22,0.6581,Femwell Group Health,Femwell Group Health,,,,,,,,not_independent_supported,"sampled organisation contains clinicians from PE platform ""Femwell Group Health"" on the study roster",,,,,
1639129455,Dr. Ronald Miller,PE,fielded+universe,pair_349,Glenview,IL,location_resolved,phone,7012818354,"MIDWEST CENTER FOR WOMEN'S HEALTHCARE, LTD",67,21,60,11,22,67,3,0.8955,Together Women's Health,Together Women's Health,Hospital,7012818354,45,"MIDWEST CENTER FOR WOMEN'S HEALTHCARE, LTD",,,,not_independent_supported,"sampled organisation contains clinicians from PE platform ""Together Women's Health"" on the study roster",,,,,
1639133630,Dr. Brenda Neary,Non-PE,universe,pair_420,Worcester,MA,location_resolved,phone,3577506906,NEARY AND HUNTER OB/GYN LLC,4,4,2,4,1,4,,,,,,,,,4,NEARY AND HUNTER OB/GYN LLC,TRUE,independence_unresolved,no affirmative evidence either way,,,,,
1639147911,Dr. Cynthia Baldwin,Non-PE,fielded+universe,pair_122,Miami,FL,location_resolved,phone,8921091786,VITALMD GROUP HOLDING LLC,430,152,283,375,117,430,22,0.6581,Femwell Group Health,Femwell Group Health,Hospital,2163487125,6,"SCHWENKER & STAVOY, MD, PA",430,VITALMD GROUP HOLDING LLC,FALSE,not_independent_supported,"sampled organisation contains clinicians from PE platform ""Femwell Group Health"" on the study roster",,,,,
1639155138,"Eric J. English, MD",PE,roster_only,,,MN,affiliation_location_mismatch,,,,,,,,,,,,,Unified Women's Healthcare,,,,,,,,independence_unresolved,affiliation_location_mismatch,,,,,
1639157860,"Brian Lindstrom, MD, FACOG",PE,roster_only,,,AZ,affiliation_location_mismatch,,,,,,,,,,,,,,,,,,,,,independence_unresolved,affiliation_location_mismatch,,,,,
1639165673,"Steven L. Greenberg, MD",PE,roster_only,,,FL,affiliation_location_mismatch,,,,,,,,,,,,,Women's Care Enterprises,,,,,,,,independence_unresolved,affiliation_location_mismatch,,,,,
1639218217,"Kristy Ruis, MD",PE,roster_only,,,FL,no_dac_affiliation,,,,,,,,,,,,,,,,,,,,,independence_unresolved,no_dac_affiliation,,,,,
1639253859,Dr. Jose Calderon,Non-PE,universe,pair_109,Clearwater,FL,location_resolved,phone,5395807218,FLORIDA WOMAN CARE LLC,510,87,337,2,214,510,8,0.6608,Women's Care Enterprises,Women's Care Enterprises,,,,,510,FLORIDA WOMAN CARE LLC,FALSE,not_independent_supported,"sampled organisation contains clinicians from PE platform ""Women's Care Enterprises"" on the study roster",,,,,
1639261738,Dr. Bruce Breit,Non-PE,fielded+universe,pair_224,Oviedo,FL,location_resolved,phone,9234031444,WOMENS CARE FLORIDA LLC,293,58,198,8,74,293,8,0.6758,Women's Care Enterprises,Women's Care Enterprises,Hospital,1850674870|9234031444,446,"WOMENS CARE FLORIDA LLC|WOMENS' HEALTH HOSPITALISTS, LLC",293,WOMENS CARE FLORIDA LLC,FALSE,not_independent_supported,"sampled organisation contains clinicians from PE platform ""Women's Care Enterprises"" on the study roster",,,,,
1639269962,"Chad White, MD",PE,roster_only,,,MI,affiliation_location_mismatch,,,,,,,,,,,,,Together Women's Health,,,,,,,,independence_unresolved,affiliation_location_mismatch,,,,,
1639347263,Dr. Olga Tudela,Non-PE,universe,pair_384,Miami,FL,location_resolved,phone,1951589480,FRANCISCO G TUDELA M.D PA,2,0,2,2,1,2,,,,,,,,,2,FRANCISCO G TUDELA M.D PA,TRUE,independence_unresolved,no affirmative evidence either way,,,,,
1639468531,Dr. Joanna Dalton Ayoung,Non-PE,fielded+universe,pair_233,Oviedo,FL,location_resolved,phone,9537059084,ORLANDO HEALTH MEDICAL GROUP INC,1384,132,76,1,146,1384,58,0.0549,,,Hospital,6406747567|8527960533,289,JHMC DIAGNOSTIC AND TREATMENT CENTER|TJH MEDICAL SERVICES PC,1384,ORLANDO HEALTH MEDICAL GROUP INC,FALSE,not_independent_supported,organisation name carries a hospital/system/academic/government token,,,,,
1639499056,Dr. Tiffany Wells,PE,roster_only,,,FL,affiliation_location_mismatch,,,,,,,,,,,,,Femwell Group Health,,,,,,,,independence_unresolved,affiliation_location_mismatch,,,,,
1639628464,Dr. Joanna Chrostowski,Non-PE,universe,pair_414,Hillsborough,NJ,location_resolved,phone,2961316328,REGIONAL WOMENS HEALTH GROUP LLC,334,85,227,10,110,334,8,0.6796,Axia Women's Health,Axia Women's Health,,,,,334,REGIONAL WOMENS HEALTH GROUP LLC,FALSE,not_independent_supported,"sampled organisation contains clinicians from PE platform ""Axia Women's Health"" on the study roster",,,,,
1639632599,Francesca Barrett,PE,roster_only,,,NJ,no_dac_affiliation,,,,,,,,,,,,,,,,,,,,,independence_unresolved,no_dac_affiliation,,,,,
1639690266,Dr. Christina Harris,Non-PE,universe,pair_226,Zionsville,IN,location_resolved,phone,0749188142,SEVEN HILLS OB-GYN ASSOCIATES LLC,110,28,65,8,32,110,7,0.5909,Axia Women's Health,Axia Women's Health,,,,,110,SEVEN HILLS OB-GYN ASSOCIATES LLC,FALSE,not_independent_supported,"sampled organisation contains clinicians from PE platform ""Axia Women's Health"" on the study roster",,,,,
1639801947,Dr. Alycia Cucka,PE,fielded+universe,pair_195,Grand Blanc,MI,no_dac_affiliation,,,,,,,,,,,,,,,,,,,,,independence_unresolved,no_dac_affiliation,,,,,
1649230244,Dr. William Boyd,Non-PE,universe,pair_185,Tampa,FL,location_resolved,phone,9234031444,WOMENS CARE FLORIDA LLC,293,58,198,260,74,293,8,0.6758,Women's Care Enterprises,Women's Care Enterprises,,,,,293,WOMENS CARE FLORIDA LLC,FALSE,not_independent_supported,"sampled organisation contains clinicians from PE platform ""Women's Care Enterprises"" on the study roster",,,,,
1649251729,Dr. James Mcbride,Non-PE,fielded,pair_423,Rochester Hills,MI,location_resolved,phone,4183673015,"OAKLAND MACOMB OBSTETRICS AND GYNECOLOGY, P.C.",19,5,17,8,5,19,2,0.8947,,,Hospital,4183673015,27,"OAKLAND MACOMB OBSTETRICS & GYNECOLOGY, P.C.",19,"OAKLAND MACOMB OBSTETRICS AND GYNECOLOGY, P.C.",FALSE,independent_supported,"single-specialty OB/GYN organisation, no system token, no PE-roster member",,,,,
1649253089,Dr. Douglas Moffett,PE,universe,pair_33,The Villages,FL,location_resolved,phone,8921091786,VITALMD GROUP HOLDING LLC,430,152,283,5,117,430,22,0.6581,Femwell Group Health,Femwell Group Health,,,,,,,,not_independent_supported,"sampled organisation contains clinicians from PE platform ""Femwell Group Health"" on the study roster",,,,,
1649266339,Dr. Jane Rudolph,PE,roster_only,,,FL,affiliation_location_mismatch,,,,,,,,,,,,,Femwell Group Health,,,,,,,,independence_unresolved,affiliation_location_mismatch,,,,,
1649268616,"Sanford Wohlstadter, MD, FACOG",PE,roster_only,,,NJ,affiliation_location_mismatch,,,,,,,,,,,,,Axia Women's Health,,,,,,,,independence_unresolved,affiliation_location_mismatch,,,,,
1649279001,Dr. Laura Weston,Non-PE,universe,pair_112,Boynton Beach,FL,location_resolved,phone,5395807218,FLORIDA WOMAN CARE LLC,510,87,337,40,214,510,8,0.6608,Women's Care Enterprises,Women's Care Enterprises,,,,,510,FLORIDA WOMAN CARE LLC,FALSE,not_independent_supported,"sampled organisation contains clinicians from PE platform ""Women's Care Enterprises"" on the study roster",,,,,
1649428764,Dr. Hala Bunni,Non-PE,universe,pair_120,Coral Springs,FL,location_resolved,phone,2264752443,INSTITUTE FOR WOMEN'S HEALTH AND BODY LLC,43,7,27,9,34,43,5,0.6279,,,,,,,43,INSTITUTE FOR WOMEN'S HEALTH AND BODY LLC,FALSE,independence_unresolved,no affirmative evidence either way,,,,,
1649447541,Dr. Rachael Cohen,PE,roster_only,,,NJ,no_dac_affiliation,,,,,,,,,,,,,,,,,,,,,independence_unresolved,no_dac_affiliation,,,,,
1649763624,"Alyssa Kahan Fargotstein, MD",PE,roster_only,,,IL,affiliation_location_mismatch,,,,,,,,,,,,,Nova Women's Health Partners,,,,,,,,independence_unresolved,affiliation_location_mismatch,,,,,
1659305589,Dr. Rafael Llanso,PE,roster_only,,,FL,no_dac_affiliation,,,,,,,,,,,,,,,,,,,,,independence_unresolved,no_dac_affiliation,,,,,
1659312882,Dr. Alba Martinez,Non-PE,universe,pair_63,Miami,FL,no_organisation_on_sampled_row,phone,,,,,,,,,,,,,,,,,NA,,NA,independence_unresolved,no_organisation_on_sampled_row,,,,,
1659348563,Dr. Virginia Banks,PE,fielded,pair_181,Youngstown,OH,location_resolved,city_state,5799781829,NORTHEASTERN OHIO INFECTIOUS DISEASE ASSOCIATION INC,14,2,0,14,1,14,5,0.0,US Fertility,US Fertility,Hospital,5799781829,15,NORTHEASTERN OHIO INFECTIOUS DISEASE ASSOCIATION INC,,,,not_independent_supported,"sampled organisation contains clinicians from PE platform ""US Fertility"" on the study roster",,,,,
1659354140,Dr. Teresa Hubka,Non-PE,universe,pair_340,Chicago,IL,no_organisation_on_sampled_row,phone,,,,,,,,,,,,,,,,,NA,,NA,independence_unresolved,no_organisation_on_sampled_row,,,,,
1659364867,Dr. Raoul Sanchez,PE,roster_only,,,FL,no_dac_affiliation,,,,,,,,,,,,,,,,,,,,,independence_unresolved,no_dac_affiliation,,,,,
1659370435,Dr. Victor Iannaccone,Non-PE,universe,pair_155,Jupiter,FL,location_resolved,phone,5395807218,FLORIDA WOMAN CARE LLC,510,87,337,15,214,510,8,0.6608,Women's Care Enterprises,Women's Care Enterprises,,,,,510,FLORIDA WOMAN CARE LLC,FALSE,not_independent_supported,"sampled organisation contains clinicians from PE platform ""Women's Care Enterprises"" on the study roster",,,,,
1659371011,"Amit Garg, MD, FACOG",PE,roster_only,,,NV,affiliation_location_mismatch,,,,,,,,,,,,,Unified Women's Healthcare,,,,,,,,independence_unresolved,affiliation_location_mismatch,,,,,
1659372118,"Lester J. Voutsos, MD",PE,roster_only,,,MI,no_dac_affiliation,,,,,,,,,,,,,,,,,,,,,independence_unresolved,no_dac_affiliation,,,,,
1659383008,Dr. Richard Peterson,PE,fielded,pair_106,Bradenton,FL,no_dac_affiliation,,,,,,,,,,,,,,,244144558,28,ST VINCENTS MEDICAL CENTER INC,,,,independence_unresolved,no_dac_affiliation,,,,,
1659442044,Micheline C. Chu,PE,roster_only,,,NJ,no_dac_affiliation,,,,,,,,,,,,,,,,,,,,,independence_unresolved,no_dac_affiliation,,,,,
1659678753,Dr. Vanessa Knoedler,Non-PE,fielded+universe,pair_368,Bloomington,MN,location_resolved,phone,7911819438,PARK NICOLLET CLINIC,1532,219,61,1316,36,1532,61,0.0398,,,,1355396110,95,PREMIER OBGYN OF MINNESOTA PA,1532,PARK NICOLLET CLINIC,FALSE,not_independent_supported,organisation name carries a hospital/system/academic/government token,,,,,
1659682664,Dr. Teri Forney,Non-PE,fielded+universe,pair_205,Mansfield,TX,location_resolved,phone,2668562471,"HUGULEY MEDICAL ASSOCIATES, INC",39,5,6,2,24,39,10,0.1538,,,,8426102625,28,MACARTHUR MEDICAL CENTER PLLC,39,"HUGULEY MEDICAL ASSOCIATES, INC",FALSE,independence_unresolved,no affirmative evidence either way,,,,,
1659698306,Dr. Paige Halvorson,PE,universe,pair_324,Edina,MN,location_resolved,city_state,1355396110,PREMIER OBGYN OF MINNESOTA PLLC,68,14,46,16,21,68,6,0.6765,Unified Women's Healthcare,Unified Women's Healthcare,,,,,,,,not_independent_supported,"sampled organisation contains clinicians from PE platform ""Unified Women's Healthcare"" on the study roster",,,,,
1659767846,Dr. Alison Coll,PE,universe,pair_75,Miami,FL,location_resolved,city_state,8921091786,VITALMD GROUP HOLDING LLC,430,152,283,375,117,430,22,0.6581,Femwell Group Health,Femwell Group Health,,,,,,,,not_independent_supported,"sampled organisation contains clinicians from PE platform ""Femwell Group Health"" on the study roster",,,,,
1659802676,"Brenda Nguyen, MD",PE,roster_only,,,FL,affiliation_location_mismatch,,,,,,,,,,,,,Women's Care Enterprises,,,,,,,,independence_unresolved,affiliation_location_mismatch,,,,,
1659877587,Dr. Kara Kimball,PE,universe,pair_424,Worcester,MA,location_resolved,phone,3274430665,"PHYSICIANS FOR WOMEN'S HEALTH, LLC",278,45,201,5,78,278,7,0.723,Unified Women's Healthcare,Unified Women's Healthcare,,,,,,,,not_independent_supported,"sampled organisation contains clinicians from PE platform ""Unified Women's Healthcare"" on the study roster",,,,,
1669412839,"Anne Bussard, MD",PE,roster_only,,,NJ,affiliation_location_mismatch,,,,,,,,,,,,,Axia Women's Health,,,,,,,,independence_unresolved,affiliation_location_mismatch,,,,,
1669414488,"Vincent R. Lucente, MD, MBA, FACOG, FPMRS",PE,roster_only,,,NJ,affiliation_location_mismatch,,,,,,,,,,,,,Axia Women's Health,,,,,,,,independence_unresolved,affiliation_location_mismatch,,,,,
1669417366,Dr. Luis Leyva,Non-PE,universe,pair_105,Miami,FL,location_resolved,phone,8921091786,VITALMD GROUP HOLDING LLC,430,152,283,7,117,430,22,0.6581,Femwell Group Health,Femwell Group Health,,,,,430,VITALMD GROUP HOLDING LLC,FALSE,not_independent_supported,"sampled organisation contains clinicians from PE platform ""Femwell Group Health"" on the study roster",,,,,
1669427944,Dr. Angela Wimmer,PE,universe,pair_413,Kearny,NJ,location_resolved,phone,2961316328,REGIONAL WOMENS HEALTH GROUP LLC,334,85,227,20,110,334,8,0.6796,Axia Women's Health,Axia Women's Health,,,,,,,,not_independent_supported,"sampled organisation contains clinicians from PE platform ""Axia Women's Health"" on the study roster",,,,,
1669430328,Dr. Randy Fink,Non-PE,fielded+universe,pair_143,Miami,FL,no_organisation_on_sampled_row,phone,,,,,,,,,,,,,,6507103280,4,"MIAMI CENTER OF EXCELLENCE, LLC",NA,,NA,independence_unresolved,no_organisation_on_sampled_row,,,,,
1669435392,Dr. Eric Rothschild,Non-PE,universe,pair_102,Pembroke Pines,FL,no_organisation_on_sampled_row,phone,,,,,,,,,,,,,,,,,NA,,NA,independence_unresolved,no_organisation_on_sampled_row,,,,,
1669440665,Dr. Donna Hargrove,Non-PE,universe,pair_158,Tampa,FL,location_resolved,phone,9234031444,WOMENS CARE FLORIDA LLC,293,58,198,260,74,293,8,0.6758,Women's Care Enterprises,Women's Care Enterprises,,,,,293,WOMENS CARE FLORIDA LLC,FALSE,not_independent_supported,"sampled organisation contains clinicians from PE platform ""Women's Care Enterprises"" on the study roster",,,,,
1669461687,Dr. Irving Bratt,PE,universe,pair_50,Oakland Park,FL,no_organisation_on_sampled_row,phone,,,,,,,,,,,,,,,,,,,,independence_unresolved,no_organisation_on_sampled_row,,,,,
1669468781,Dr. Lorraine Novas,Non-PE,universe,pair_258,Arlington Heights,IL,location_resolved,phone,3476545914,GYNECOLOGICAL AND OBSTETRIC ASSOCS SC,3,0,3,3,1,3,1,1.0,Nova Women's Health Partners,Nova Women's Health Partners,,,,,3,GYNECOLOGICAL AND OBSTETRIC ASSOCS SC,TRUE,not_independent_supported,"sampled organisation contains clinicians from PE platform ""Nova Women's Health Partners"" on the study roster",,,,,
1669470126,Dr. George Talbot,Non-PE,fielded+universe,pair_288,Mooresville,IN,location_resolved,phone,0749188142,SEVEN HILLS OB-GYN ASSOCIATES LLC,110,28,65,17,32,110,7,0.5909,Axia Women's Health,Axia Women's Health,,7618889320,134,WRIGHT STATE PHYSICIANS INC,110,SEVEN HILLS OB-GYN ASSOCIATES LLC,FALSE,not_independent_supported,"sampled organisation contains clinicians from PE platform ""Axia Women's Health"" on the study roster",,,,,
1669496949,Dr. Jaime Santiago-Lopetegui,Non-PE,fielded,pair_172,Miami,FL,location_resolved,phone,0244380434,PUBLIC HEALTH TRUST OF MIAMI DADE COUNTY FLORIDA,340,24,11,111,8,340,25,0.0324,,,Hospital,244380434|8224936851,449,PUBLIC HEALTH TRUST OF DADE COUNTY|UNIVERSITY OF MIAMI OBSTETRICS & GYNECOLOGY,340,PUBLIC HEALTH TRUST OF MIAMI DADE COUNTY FLORIDA,FALSE,not_independent_supported,organisation name carries a hospital/system/academic/government token,,,,,
1669557153,Dr. Andrea Sommers,PE,universe,pair_144,Miami,FL,location_resolved,city_state,8921091786,VITALMD GROUP HOLDING LLC,430,152,283,375,117,430,22,0.6581,Femwell Group Health,Femwell Group Health,,,,,,,,not_independent_supported,"sampled organisation contains clinicians from PE platform ""Femwell Group Health"" on the study roster",,,,,
1669562880,Dr. Steven Valfer,Non-PE,fielded+universe,pair_347,Northbrook,IL,location_resolved,phone,4183775174,"HIGHLAND PARK OB-GYN ASSOCIATES, LTD",2,0,2,2,1,2,1,1.0,,,Hospital,4183775174,2,"HIGHLAND PARK OB-GYN ASSOCIATES, LTD",2,"HIGHLAND PARK OB-GYN ASSOCIATES, LTD",TRUE,independent_supported,"single-specialty OB/GYN organisation, no system token, no PE-roster member",,,,,
1669572020,Dr. David Lubetkin,PE,universe,pair_400,Boca Raton,FL,location_resolved,city_state,8921091786,VITALMD GROUP HOLDING LLC,430,152,283,2,117,430,22,0.6581,Femwell Group Health,Femwell Group Health,,,,,,,,not_independent_supported,"sampled organisation contains clinicians from PE platform ""Femwell Group Health"" on the study roster",,,,,
1669587044,Dr. Andrew Metzger,Non-PE,universe,pair_434,Meriden,CT,location_resolved,phone,3274430665,"PHYSICIANS FOR WOMEN'S HEALTH, LLC",278,45,201,5,78,278,7,0.723,Unified Women's Healthcare,Unified Women's Healthcare,,,,,278,"PHYSICIANS FOR WOMEN'S HEALTH, LLC",FALSE,not_independent_supported,"sampled organisation contains clinicians from PE platform ""Unified Women's Healthcare"" on the study roster",,,,,
1669606331,Dr. Maya Kamath,PE,universe,pair_159,Gibsonton,FL,location_resolved,city_state,9234031444,WOMENS CARE FLORIDA LLC,293,58,198,13,74,293,8,0.6758,Women's Care Enterprises,Women's Care Enterprises,,,,,,,,not_independent_supported,"sampled organisation contains clinicians from PE platform ""Women's Care Enterprises"" on the study roster",,,,,
1669738811,Karen C. Wheeler,PE,roster_only,,,PA,affiliation_location_mismatch,,,,,,,,,,,,,IVI RMA Global,,,,,,,,independence_unresolved,affiliation_location_mismatch,,,,,
1669768180,Dana McQueen,PE,roster_only,,,CA,no_dac_affiliation,,,,,,,,,,,,,,,,,,,,,independence_unresolved,no_dac_affiliation,,,,,
1669829107,"Jasmine Aly, MD",PE,roster_only,,,NJ,no_dac_affiliation,,,,,,,,,,,,,,,,,,,,,independence_unresolved,no_dac_affiliation,,,,,
1669965596,"Benjamin Levy, MD",PE,roster_only,,,FL,affiliation_location_mismatch,,,,,,,,,,,,,Women's Care Enterprises,,,,,,,,independence_unresolved,affiliation_location_mismatch,,,,,
1669979795,Dr. Priyanga Jeyasri,Non-PE,fielded+universe,pair_456,Hoboken,NJ,location_resolved,phone,1355512252,MEDICAL ASSOCIATES OF ENGLEWOOD PC,521,128,22,5,177,521,41,0.0422,,,Hospital,,,,521,MEDICAL ASSOCIATES OF ENGLEWOOD PC,FALSE,independence_unresolved,"large organisation, name uninformative; needs external adjudication",,,,,
1679522619,Dr. Jason James,PE,roster_only,,,FL,affiliation_location_mismatch,,,,,,,,,,,,,Femwell Group Health,,,,,,,,independence_unresolved,affiliation_location_mismatch,,,,,
1679524128,Dr. Yvonne Wright Cadet,Non-PE,universe,pair_411,Newark,NJ,location_resolved,phone,9537316955,BARNABAS HEALTH MEDICAL GROUP PC,566,167,55,72,171,566,41,0.0972,,,,,,,566,BARNABAS HEALTH MEDICAL GROUP PC,FALSE,not_independent_supported,organisation name carries a hospital/system/academic/government token,,,,,
1679530141,"Katherine Sullivan, MD",PE,roster_only,,,TX,no_dac_affiliation,,,,,,,,,,,,,,,,,,,,,independence_unresolved,no_dac_affiliation,,,,,
1679531198,Dr. Guillermo Santos,PE,universe,pair_53,Miami Springs,FL,location_resolved,phone,8921091786,VITALMD GROUP HOLDING LLC,430,152,283,4,117,430,22,0.6581,Femwell Group Health,Femwell Group Health,,,,,,,,not_independent_supported,"sampled organisation contains clinicians from PE platform ""Femwell Group Health"" on the study roster",,,,,
1679540868,"Brian K. Locker, MD, FACOG",PE,roster_only,,,IL,affiliation_location_mismatch,,,,,,,,,,,,,Together Women's Health,,,,,,,,independence_unresolved,affiliation_location_mismatch,,,,,
1679556997,Dr. Cynthia Hall,Non-PE,universe,pair_427,Worcester,MA,location_resolved,phone,4284539891,UMASS MEMORIAL MEDICAL GROUP INC,1871,348,48,98,87,1871,61,0.0257,Unified Women's Healthcare,Unified Women's Healthcare,,,,,1871,UMASS MEMORIAL MEDICAL GROUP INC,FALSE,not_independent_supported,"sampled organisation contains clinicians from PE platform ""Unified Women's Healthcare"" on the study roster",,,,,
1679601892,Dr. Noreen Zambrana,PE,universe,pair_387,Miami,FL,location_resolved,city_state,8921091786,VITALMD GROUP HOLDING LLC,430,152,283,375,117,430,22,0.6581,Femwell Group Health,Femwell Group Health,,,,,,,,not_independent_supported,"sampled organisation contains clinicians from PE platform ""Femwell Group Health"" on the study roster",,,,,
1679616957,Dr. Regan Hill,Non-PE,universe,pair_205,Yulee,FL,no_organisation_on_sampled_row,phone,,,,,,,,,,,,,,,,,NA,,NA,independence_unresolved,no_organisation_on_sampled_row,,,,,
1679708416,Dr. Rachel Schleichert,PE,fielded+universe,pair_22,Towson,MD,location_resolved,city_state,9537133111,STANLEY J MILLER MD PA,2,1,0,2,1,2,1,0.0,Femwell Group Health,Femwell Group Health,,1153367107|4082651765|446435465|4486743085|7810888484|9436394962|9537133111,38,"ARTHUR S COLSKY MD PHD PA|CIOCCA DERMATOLOGY PA|DERMATOLOGY PHYSICIANS, INC.|HOLLYWOOD DERMATOLOGY A",,,,not_independent_supported,"sampled organisation contains clinicians from PE platform ""Femwell Group Health"" on the study roster",,,,,
1679729263,Dr. Caroline P. Williams,PE,roster_only,,,FL,no_dac_affiliation,,,,,,,,,,,,,,,,,,,,,independence_unresolved,no_dac_affiliation,,,,,
1679734453,Dr. Uzoma Nwaubani,Non-PE,universe,pair_34,Leesburg,FL,no_organisation_on_sampled_row,phone,,,,,,,,,,,,,,,,,NA,,NA,independence_unresolved,no_organisation_on_sampled_row,,,,,
1679737548,"Kirsten Sasaki, MD",PE,roster_only,,,CO,affiliation_location_mismatch,,,,,,,,,,,,,CCRM Fertility,,,,,,,,independence_unresolved,affiliation_location_mismatch,,,,,
1679739775,Dr. Staci Tanouye,PE,universe,pair_172,Jacksonville,FL,location_resolved,phone,9234031444,WOMENS CARE FLORIDA LLC,293,58,198,5,74,293,8,0.6758,Women's Care Enterprises,Women's Care Enterprises,,,,,,,,not_independent_supported,"sampled organisation contains clinicians from PE platform ""Women's Care Enterprises"" on the study roster",,,,,
1679741268,"Isaac E.  Sasson, M.D.",PE,roster_only,,,PA,no_dac_affiliation,,,,,,,,,,,,,,,,,,,,,independence_unresolved,no_dac_affiliation,,,,,
1679838296,Dr. Ruchira Sharma,Non-PE,fielded,pair_314,New Brunswick,NJ,location_resolved,phone,5193764991,RUTGERS HEALTH-RWJ SCLERODERMA PROGRAM,292,46,26,163,47,292,32,0.089,,,,,,,292,RUTGERS HEALTH-RWJ SCLERODERMA PROGRAM,FALSE,independence_unresolved,"large organisation, name uninformative; needs external adjudication",,,,,
1679857379,Dr. Lysbeth Germain-George,PE,roster_only,,,FL,no_dac_affiliation,,,,,,,,,,,,,,,,,,,,,independence_unresolved,no_dac_affiliation,,,,,
1679992184,"Benjamin S. Harris, M.D.",PE,roster_only,,,VA,no_dac_affiliation,,,,,,,,,,,,,,,,,,,,,independence_unresolved,no_dac_affiliation,,,,,
1689127284,Dr. Stephanie Padron,PE,universe,pair_93,Miami,FL,no_dac_affiliation,,,,,,,,,,,,,,,,,,,,,independence_unresolved,no_dac_affiliation,,,,,
1689163073,"Deanna Angers, DO",PE,roster_only,,,MI,affiliation_location_mismatch,,,,,,,,,,,,,Unified Women's Healthcare,,,,,,,,independence_unresolved,affiliation_location_mismatch,,,,,
1689635252,"Amy Greenwald, MD, FACOG",PE,roster_only,,,FL,affiliation_location_mismatch,,,,,,,,,,,,,Women's Care Enterprises,,,,,,,,independence_unresolved,affiliation_location_mismatch,,,,,
1689660938,"Jonathan Hershberger, MD",PE,roster_only,,,FL,affiliation_location_mismatch,,,,,,,,,,,,,Women's Care Enterprises,,,,,,,,independence_unresolved,affiliation_location_mismatch,,,,,
1689661928,Dr. Jose Picazo,Non-PE,fielded,pair_338,Newark,DE,no_organisation_on_sampled_row,phone,,,,,,,,,,,,,Hospital,1355500273,1,JOSE PICAZO MD PA,NA,,NA,independence_unresolved,no_organisation_on_sampled_row,,,,,
1689674897,"Suzanne Hall, MD",PE,roster_only,,,MI,affiliation_location_mismatch,,,,,,,,,,,,,Together Women's Health,,,,,,,,independence_unresolved,affiliation_location_mismatch,,,,,
1689679292,"Shonda Sheran, MD",PE,roster_only,,,FL,affiliation_location_mismatch,,,,,,,,,,,,,Women's Care Enterprises,,,,,,,,independence_unresolved,affiliation_location_mismatch,,,,,
1689680274,Dr. Victoria Myers,Non-PE,universe,pair_267,Philadelphia,PA,location_resolved,phone,0648694414,PHILADELPHIA WOMENS HEALTH AND WELLNESS LLC,3,1,3,3,1,3,1,1.0,,,,,,,3,PHILADELPHIA WOMENS HEALTH AND WELLNESS LLC,TRUE,independent_supported,"single-specialty OB/GYN organisation, no system token, no PE-roster member",,,,,
1689737173,"Debbra Keegan, MD",PE,roster_only,,,NJ,no_dac_affiliation,,,,,,,,,,,,,,,,,,,,,independence_unresolved,no_dac_affiliation,,,,,
1689749723,Dr. Barry Lowy,PE,roster_only,,,FL,no_dac_affiliation,,,,,,,,,,,,,,,,,,,,,independence_unresolved,no_dac_affiliation,,,,,
1689762338,Dr. Eric Schertzer,PE,universe,pair_86,Miami,FL,location_resolved,phone,8921091786,VITALMD GROUP HOLDING LLC,430,152,283,2,117,430,22,0.6581,Femwell Group Health,Femwell Group Health,,,,,,,,not_independent_supported,"sampled organisation contains clinicians from PE platform ""Femwell Group Health"" on the study roster",,,,,
1689802670,Dr. Jenny Valencia,PE,fielded+universe,pair_159,Plantation,FL,no_dac_affiliation,,,,,,,,,,,,,,,5991094609,26,EMERGENCY PEDIATRIC SERVICES PA,,,,independence_unresolved,no_dac_affiliation,,,,,
1689803199,Dr. Sara Rizk,PE,fielded,pair_185,Chicago,IL,no_dac_affiliation,,,,,,,,,,,,,,,4981501814|8820901408,3168,EMORY CLINIC INC|EMORY MEDICAL CARE FOUNDATION INC,,,,independence_unresolved,no_dac_affiliation,,,,,
1689836892,"Archana Singh, MD",PE,roster_only,,,GA,affiliation_location_mismatch,,,,,,,,,,,,,Nova Women's Health Partners,,,,,,,,independence_unresolved,affiliation_location_mismatch,,,,,
1689837015,Dr. Caton Simoni,Non-PE,fielded+universe,pair_396,New Braunfels,TX,location_resolved,phone,7315019593,BHS PHYSICIANS NETWORK INC,589,94,48,4,263,589,40,0.0815,,,Hospital,,,,589,BHS PHYSICIANS NETWORK INC,FALSE,independence_unresolved,"large organisation, name uninformative; needs external adjudication",,,,,
1689846024,"Evan Tummel, MD",PE,roster_only,,,FL,affiliation_location_mismatch,,,,,,,,,,,,,Women's Care Enterprises,,,,,,,,independence_unresolved,affiliation_location_mismatch,,,,,
1689867095,Dr. Yelena Atlanova,Non-PE,universe,pair_191,Oviedo,FL,location_resolved,phone,9234031444,WOMENS CARE FLORIDA LLC,293,58,198,8,74,293,8,0.6758,Women's Care Enterprises,Women's Care Enterprises,,,,,293,WOMENS CARE FLORIDA LLC,FALSE,not_independent_supported,"sampled organisation contains clinicians from PE platform ""Women's Care Enterprises"" on the study roster",,,,,
1689906075,Dr. Jenny Arango-Longo,PE,universe,pair_71,Pembroke Pines,FL,no_dac_affiliation,,,,,,,,,,,,,,,,,,,,,independence_unresolved,no_dac_affiliation,,,,,
1689973422,Dr. Meredith Nachbahr,Non-PE,universe,pair_11,Towson,MD,location_resolved,phone,4880582741,CAPITAL WOMENS CARE LLC,252,47,182,9,64,252,7,0.7222,Advantia Health,Advantia Health,,,,,252,CAPITAL WOMENS CARE LLC,FALSE,not_independent_supported,"sampled organisation contains clinicians from PE platform ""Advantia Health"" on the study roster",,,,,
1699034215,Dr. Lena Carr,PE,fielded+universe,pair_35,Novi,MI,location_resolved,city_state,0345626073,UWH OF MICHIGAN PLC,39,8,31,6,5,39,2,0.7949,Unified Women's Healthcare,Unified Women's Healthcare,,244138196|3173424082|9537072814|9931297959,1429,ASCENSION ST JOHN HOSPITAL|COMPREHENSIVE WOMANS CARE PC|SWEDISH HEALTH SERVICES,,,,not_independent_supported,"sampled organisation contains clinicians from PE platform ""Unified Women's Healthcare"" on the study roster",,,,,
1699161141,"Lauren Campbell, MD",PE,roster_only,,,NJ,affiliation_location_mismatch,,,,,,,,,,,,,Axia Women's Health,,,,,,,,independence_unresolved,affiliation_location_mismatch,,,,,
1699207845,Dr. Laura Florez,PE,roster_only,,,FL,affiliation_location_mismatch,,,,,,,,,,,,,Femwell Group Health,,,,,,,,independence_unresolved,affiliation_location_mismatch,,,,,
1699271692,Dr. Joana Fischer,Non-PE,universe,pair_375,Miami,FL,location_resolved,phone,8921091786,VITALMD GROUP HOLDING LLC,430,152,283,375,117,430,22,0.6581,Femwell Group Health,Femwell Group Health,,,,,430,VITALMD GROUP HOLDING LLC,FALSE,not_independent_supported,"sampled organisation contains clinicians from PE platform ""Femwell Group Health"" on the study roster",,,,,
1699701623,"Miles Murphy, MD",PE,roster_only,,,NJ,affiliation_location_mismatch,,,,,,,,,,,,,Axia Women's Health,,,,,,,,independence_unresolved,affiliation_location_mismatch,,,,,
1699714915,Dr. Ayanna Woltz,PE,universe,pair_414,Bridgewater,NJ,location_resolved,phone,2961316328,REGIONAL WOMENS HEALTH GROUP LLC,334,85,227,3,110,334,8,0.6796,Axia Women's Health,Axia Women's Health,,,,,,,,not_independent_supported,"sampled organisation contains clinicians from PE platform ""Axia Women's Health"" on the study roster",,,,,
1699719997,Dr. James Esserman,PE,roster_only,,,FL,affiliation_location_mismatch,,,,,,,,,,,,,Femwell Group Health,,,,,,,,independence_unresolved,affiliation_location_mismatch,,,,,
1699737718,"Amy Wrennick, MD",PE,roster_only,,,FL,affiliation_location_mismatch,,,,,,,,,,,,,Women's Care Enterprises,,,,,,,,independence_unresolved,affiliation_location_mismatch,,,,,
1699748798,Dr. Katherine Dadisman,PE,universe,pair_158,Tampa,FL,location_resolved,city_state,9234031444,WOMENS CARE FLORIDA LLC,293,58,198,260,74,293,8,0.6758,Women's Care Enterprises,Women's Care Enterprises,,,,,,,,not_independent_supported,"sampled organisation contains clinicians from PE platform ""Women's Care Enterprises"" on the study roster",,,,,
1699760108,Dr. Kristin Mcday,Non-PE,fielded,pair_354,Washington,DC,location_resolved,phone,5092798298,MARYS CENTER FOR MATERNAL AND CHILD CARE INC,45,1,6,31,6,45,10,0.1333,,,,3779495858|4385541622|9436323342,2212,KAISER FOUNDATION HEALTH PLAN OF THE MID-ATLANTIC STATES INC|OBHG VIRGINIA LLC|PROVIDENCE HEALTH SER,45,MARYS CENTER FOR MATERNAL AND CHILD CARE INC,FALSE,independence_unresolved,no affirmative evidence either way,,,,,
1699781914,Dr. Leonardo J. Henriquez,PE,roster_only,,,FL,affiliation_location_mismatch,,,,,,,,,,,,,Femwell Group Health,,,,,,,,independence_unresolved,affiliation_location_mismatch,,,,,
1699793042,Dr. Julio Arronte,Non-PE,fielded+universe,pair_160,Miami,FL,location_resolved,phone,5395807218,FLORIDA WOMAN CARE LLC,510,87,337,4,214,510,8,0.6608,Women's Care Enterprises,Women's Care Enterprises,,5395807218,517,FLORIDA WOMAN CARE LLC,510,FLORIDA WOMAN CARE LLC,FALSE,not_independent_supported,"sampled organisation contains clinicians from PE platform ""Women's Care Enterprises"" on the study roster",,,,,
1699822320,Dr. Jon Hoversland,Non-PE,fielded+universe,pair_263,Muncie,IN,location_resolved,phone,5597679845,MERIDIAN HEALTH SERVICES CORP,40,3,3,11,21,40,6,0.075,,,,3072790682|4789664202,1185,FRANCISCAN PHYSICIAN NETWORK|WOMAN'S HEALTHCARE ASSOCIATES PC,40,MERIDIAN HEALTH SERVICES CORP,FALSE,not_independent_supported,organisation name carries a hospital/system/academic/government token,,,,,
1699822676,Dr. Joan Zeidman,Non-PE,universe,pair_333,Bryn Mawr,PA,location_resolved,phone,2961316328,REGIONAL WOMENS HEALTH GROUP LLC,334,85,227,24,110,334,8,0.6796,Axia Women's Health,Axia Women's Health,,,,,334,REGIONAL WOMENS HEALTH GROUP LLC,FALSE,not_independent_supported,"sampled organisation contains clinicians from PE platform ""Axia Women's Health"" on the study roster",,,,,
1699941989,Dr. Jessica Apel,PE,fielded+universe,pair_340,Newark,DE,location_resolved,city_state,1456332170,LIFELINE MEDICAL ASSOCIATES LLC,156,42,115,11,40,156,5,0.7372,Unified Women's Healthcare,Unified Women's Healthcare,Hospital,4587791165|9739097569,1262,CHRISTIANA CARE HEALTH SERVICES INC|WOMEN FIRST LLC,,,,not_independent_supported,"sampled organisation contains clinicians from PE platform ""Unified Women's Healthcare"" on the study roster",,,,,
1699949776,Dr. Georgina Greil,PE,fielded+universe,pair_368,Eagan,MN,location_resolved,city_state,7113830142,FAIRVIEW CLINICS,650,160,39,330,50,650,24,0.06,Unified Women's Healthcare,Unified Women's Healthcare,Hospital,1951213057|7113830142,2638,FAIRVIEW CLINICS|FAIRVIEW HEALTH SERVICES,,,,not_independent_supported,"sampled organisation contains clinicians from PE platform ""Unified Women's Healthcare"" on the study roster",,,,,
1699986885,"Saioa Torrealday, M.D.",PE,roster_only,,,FL,no_dac_affiliation,,,,,,,,,,,,,,,,,,,,,independence_unresolved,no_dac_affiliation,,,,,
1700040946,Laura Londra,PE,roster_only,,,OH,no_dac_affiliation,,,,,,,,,,,,,,,,,,,,,independence_unresolved,no_dac_affiliation,,,,,
1700043460,Dr. Abby Otto,Non-PE,fielded,pair_341,Alpharetta,GA,location_resolved,phone,1951396639,ATLANTA WOMEN'S HEALTH GROUP PC,61,10,60,4,22,61,2,0.9836,,,Hospital,,,,61,ATLANTA WOMEN'S HEALTH GROUP PC,FALSE,independent_supported,"single-specialty OB/GYN organisation, no system token, no PE-roster member",,,,,
1700084779,Dr. Alka Bennion,Non-PE,fielded,pair_322,Sun City,AZ,location_resolved,phone,6204002272,BANNER PHYSICIAN SPECIALISTS ARIZONA LLC,248,45,6,100,54,248,29,0.0242,,,,6204002272,448,BANNER PHYSICIAN SPECIALISTS ARIZONA LLC,248,BANNER PHYSICIAN SPECIALISTS ARIZONA LLC,FALSE,independence_unresolved,"large organisation, name uninformative; needs external adjudication",,,,,
1700085982,"Catherine C. Graziani, DO, FACOG",PE,roster_only,,,CT,affiliation_location_mismatch,,,,,,,,,,,,,Unified Women's Healthcare,,,,,,,,independence_unresolved,affiliation_location_mismatch,,,,,
1700095734,Dr. Omar Rashid,PE,universe,pair_72,Pembroke Pines,FL,location_resolved,city_state,2961451125,SKIN CANCER TREATMENT CENTER,6,1,0,6,1,6,,,Femwell Group Health,Femwell Group Health,,,,,,,,not_independent_supported,"sampled organisation contains clinicians from PE platform ""Femwell Group Health"" on the study roster",,,,,
1700097094,Dr. Crystal Wadyal,PE,universe,pair_312,Barrington,IL,location_resolved,phone,7517863178,BONAVENTURE MEDICAL FOUNDATION LLC,153,26,22,4,37,153,26,0.1438,Nova Women's Health Partners,Nova Women's Health Partners,,,,,,,,not_independent_supported,"sampled organisation contains clinicians from PE platform ""Nova Women's Health Partners"" on the study roster",,,,,
1700103868,Dr. Ryan Martin,PE,fielded,pair_178,Denver,CO,location_resolved,phone,4688583578,DENVER HEALTH AND HOSPITAL AUTHORITY,654,102,15,654,2,654,53,0.0229,US Fertility,US Fertility,Hospital,446162697,3316,ASSOCIATION OF UNIVERSITY PHYSICIANS,,,,not_independent_supported,"sampled organisation contains clinicians from PE platform ""US Fertility"" on the study roster",,,,,
1700106184,Dr. Jonathan Black,PE,roster_only,,,FL,affiliation_location_mismatch,,,,,,,,,,,,,Femwell Group Health,,,,,,,,independence_unresolved,affiliation_location_mismatch,,,,,
1700129814,Dr. Brett Adair,Non-PE,universe,pair_208,Toledo,OH,location_resolved,phone,1951707884,MERCY HEALTH PHYSICIANS NORTH SPECIALTY CARE LLC,293,59,19,87,48,293,37,0.0648,,,,,,,293,MERCY HEALTH PHYSICIANS NORTH SPECIALTY CARE LLC,FALSE,independence_unresolved,"large organisation, name uninformative; needs external adjudication",,,,,
1700267358,Dr. Sarah Harrison,Non-PE,universe,pair_150,Orlando,FL,location_resolved,phone,9537059084,ORLANDO HEALTH MEDICAL GROUP INC,1384,132,76,55,146,1384,58,0.0549,,,,,,,1384,ORLANDO HEALTH MEDICAL GROUP INC,FALSE,not_independent_supported,organisation name carries a hospital/system/academic/government token,,,,,
1700299468,Dr. Kimberly Manek,PE,roster_only,,,FL,affiliation_location_mismatch,,,,,,,,,,,,,Femwell Group Health,,,,,,,,independence_unresolved,affiliation_location_mismatch,,,,,
1700346145,Samantha S. Fukutomi,PE,roster_only,,,UT,no_dac_affiliation,,,,,,,,,,,,,,,,,,,,,independence_unresolved,no_dac_affiliation,,,,,
1700413499,Dr. Mary Ahern,PE,fielded,pair_361,Baltimore,MD,no_dac_affiliation,,,,,,,,,,,,,,Hospital,,,,,,,independence_unresolved,no_dac_affiliation,,,,,
1700445848,"Liubov Pileva, MD",PE,roster_only,,,FL,no_dac_affiliation,,,,,,,,,,,,,,,,,,,,,independence_unresolved,no_dac_affiliation,,,,,
1700464492,Dr. Bianca Arboleda,PE,universe,pair_199,Winter Park,FL,no_dac_affiliation,,,,,,,,,,,,,,,,,,,,,independence_unresolved,no_dac_affiliation,,,,,
1700838547,Dr. Abraham Fischer,PE,universe,pair_421,Worcester,MA,location_resolved,phone,3274430665,"PHYSICIANS FOR WOMEN'S HEALTH, LLC",278,45,201,20,78,278,7,0.723,Unified Women's Healthcare,Unified Women's Healthcare,,,,,,,,not_independent_supported,"sampled organisation contains clinicians from PE platform ""Unified Women's Healthcare"" on the study roster",,,,,
1700879749,Dr. Daniel Sacks,PE,universe,pair_83,Miami,FL,location_resolved,city_state,8921091786,VITALMD GROUP HOLDING LLC,430,152,283,375,117,430,22,0.6581,Femwell Group Health,Femwell Group Health,,,,,,,,not_independent_supported,"sampled organisation contains clinicians from PE platform ""Femwell Group Health"" on the study roster",,,,,
1700895802,Dr. Benjamin Graber,Non-PE,universe,pair_95,Coral Gables,FL,no_organisation_on_sampled_row,phone,,,,,,,,,,,,,,,,,NA,,NA,independence_unresolved,no_organisation_on_sampled_row,,,,,
1700948395,Dr. David Hadley,Non-PE,fielded,pair_278,Media,PA,location_resolved,phone,5698065142,PROSPECT HEALTH ACCESS NETWORK INC,197,34,17,10,65,197,19,0.0863,,,Hospital,5294647905|5698065142,559,HEALTH ACCESS NETWORK|PROSPECT HEALTH ACCESS NETWORK INC,197,PROSPECT HEALTH ACCESS NETWORK INC,FALSE,not_independent_supported,organisation name carries a hospital/system/academic/government token,,,,,
1700951589,Dr. Alissa Kaye,PE,fielded+universe,pair_500,Cranford,NJ,location_resolved,phone,2961316328,REGIONAL WOMENS HEALTH GROUP LLC,334,85,227,3,110,334,8,0.6796,Axia Women's Health,Axia Women's Health,Hospital,2961316328|941267496,298,GARY L KAYE MD PA|REGIONAL WOMENS HEALTH GROUP LLC,,,,not_independent_supported,"sampled organisation contains clinicians from PE platform ""Axia Women's Health"" on the study roster",,,,,
1700990108,Dr. Mauricio Bitran,PE,universe,pair_382,Miami,FL,location_resolved,city_state,8921091786,VITALMD GROUP HOLDING LLC,430,152,283,375,117,430,22,0.6581,Femwell Group Health,Femwell Group Health,,,,,,,,not_independent_supported,"sampled organisation contains clinicians from PE platform ""Femwell Group Health"" on the study roster",,,,,
1700994472,Dr. Rafael Guinot,Non-PE,universe,pair_128,Miami,FL,location_resolved,phone,8921091786,VITALMD GROUP HOLDING LLC,430,152,283,375,117,430,22,0.6581,Femwell Group Health,Femwell Group Health,,,,,430,VITALMD GROUP HOLDING LLC,FALSE,not_independent_supported,"sampled organisation contains clinicians from PE platform ""Femwell Group Health"" on the study roster",,,,,
1700995495,Dr. Rosanna Johnson,Non-PE,universe,pair_52,Miami,FL,location_resolved,phone,0244380434,PUBLIC HEALTH TRUST OF MIAMI DADE COUNTY FLORIDA,340,24,11,111,8,340,25,0.0324,,,,,,,340,PUBLIC HEALTH TRUST OF MIAMI DADE COUNTY FLORIDA,FALSE,not_independent_supported,organisation name carries a hospital/system/academic/government token,,,,,
1700998366,Dr. Michael Noone,Non-PE,fielded,pair_346,Park Ridge,IL,location_resolved,phone,0840180303,ILLINOIS UROGYNECOLOGY LTD,6,4,6,6,3,6,1,1.0,,,Hospital,840180303,6,ILLINOIS UROGYNECOLOGY LTD,6,ILLINOIS UROGYNECOLOGY LTD,TRUE,independent_supported,"single-specialty OB/GYN organisation, no system token, no PE-roster member",,,,,
1710111836,Dr. Anna Davis,Non-PE,universe,pair_144,Miami,FL,location_resolved,phone,8921091786,VITALMD GROUP HOLDING LLC,430,152,283,7,117,430,22,0.6581,Femwell Group Health,Femwell Group Health,,,,,430,VITALMD GROUP HOLDING LLC,FALSE,not_independent_supported,"sampled organisation contains clinicians from PE platform ""Femwell Group Health"" on the study roster",,,,,
1710243464,Ndeye-Aicha Gueye,PE,roster_only,,,PA,no_dac_affiliation,,,,,,,,,,,,,,,,,,,,,independence_unresolved,no_dac_affiliation,,,,,
1710340591,Dr. Nicole Melanson,PE,fielded+universe,pair_231,Jacksonville,FL,location_resolved,city_state,9234031444,WOMENS CARE FLORIDA LLC,293,58,198,7,74,293,8,0.6758,Women's Care Enterprises,Women's Care Enterprises,Hospital,,,,,,,not_independent_supported,"sampled organisation contains clinicians from PE platform ""Women's Care Enterprises"" on the study roster",,,,,
1710388814,Dr. Ana Fraguada,PE,universe,pair_168,Tampa,FL,location_resolved,phone,9234031444,WOMENS CARE FLORIDA LLC,293,58,198,4,74,293,8,0.6758,Women's Care Enterprises,Women's Care Enterprises,,,,,,,,not_independent_supported,"sampled organisation contains clinicians from PE platform ""Women's Care Enterprises"" on the study roster",,,,,
1710392584,Dr. Scott Edele,PE,universe,pair_142,Miami,FL,location_resolved,city_state,8921091786,VITALMD GROUP HOLDING LLC,430,152,283,375,117,430,22,0.6581,Femwell Group Health,Femwell Group Health,,,,,,,,not_independent_supported,"sampled organisation contains clinicians from PE platform ""Femwell Group Health"" on the study roster",,,,,
1710447503,"Swati Sanabria, DO",PE,roster_only,,,FL,affiliation_location_mismatch,,,,,,,,,,,,,Women's Care Enterprises,,,,,,,,independence_unresolved,affiliation_location_mismatch,,,,,
1710912316,"Antonette Dulay, MD, FACOG",PE,roster_only,,,NJ,affiliation_location_mismatch,,,,,,,,,,,,,Axia Women's Health,,,,,,,,independence_unresolved,affiliation_location_mismatch,,,,,
1710927363,Dr. Matthew Dilena,PE,fielded+universe,pair_383,Garden City,NY,location_resolved,phone,7012938434,SQUARE CARE MEDICAL GROUP LLP,56,17,41,6,20,56,4,0.7321,Unified Women's Healthcare,Unified Women's Healthcare,Hospital,7012938434,72,"SQUARE CARE MEDICAL GROUP, LLP",,,,not_independent_supported,"sampled organisation contains clinicians from PE platform ""Unified Women's Healthcare"" on the study roster",,,,,
1710953617,Dr. Margaret Nettleton,PE,fielded+universe,pair_262,Schaumburg,IL,location_resolved,city_state,7214203942,NORTHWEST COMMUNITY WOMEN SERVICES LLC,14,9,12,8,7,14,3,0.8571,Nova Women's Health Partners,Nova Women's Health Partners,Hospital,2466616560|3375737331|4385723519|7517863178,305,BLUE ISLAND HBP MEDICAL GROUP LLC|BONAVENTURE MEDICAL FOUNDATION LLC|MIDWEST OBSTETRICS & GYNECOLOGY,,,,not_independent_supported,"sampled organisation contains clinicians from PE platform ""Nova Women's Health Partners"" on the study roster",,,,,
1710972526,"Lorna S. Timmreck, M.D.",PE,roster_only,,,MD,no_dac_affiliation,,,,,,,,,,,,,,,,,,,,,independence_unresolved,no_dac_affiliation,,,,,
1710976519,Dr. William Kaufman,Non-PE,universe,pair_451,Howell,NJ,location_resolved,phone,1456332170,LIFELINE MEDICAL ASSOCIATES LLC,156,42,115,2,40,156,5,0.7372,Unified Women's Healthcare,Unified Women's Healthcare,,,,,156,LIFELINE MEDICAL ASSOCIATES LLC,FALSE,not_independent_supported,"sampled organisation contains clinicians from PE platform ""Unified Women's Healthcare"" on the study roster",,,,,
1710979943,Dr. Rachel Cyrlak,PE,roster_only,,,FL,no_dac_affiliation,,,,,,,,,,,,,,,,,,,,,independence_unresolved,no_dac_affiliation,,,,,
1720001266,"Timothy Hickman, MD",PE,roster_only,,,TX,no_dac_affiliation,,,,,,,,,,,,,,,,,,,,,independence_unresolved,no_dac_affiliation,,,,,
1720022635,Dr. Hector Fernandez,Non-PE,universe,pair_369,Hialeah,FL,location_resolved,phone,5395807218,FLORIDA WOMAN CARE LLC,510,87,337,1,214,510,8,0.6608,Women's Care Enterprises,Women's Care Enterprises,,,,,510,FLORIDA WOMAN CARE LLC,FALSE,not_independent_supported,"sampled organisation contains clinicians from PE platform ""Women's Care Enterprises"" on the study roster",,,,,
1720027535,Dr. Kathy Porter,Non-PE,universe,pair_17,Fort Lauderdale,FL,location_resolved,phone,4486634417,PEDIATRIX MEDICAL GROUP OF FLORIDA INC,58,15,31,8,49,58,8,0.5345,,,,,,,58,PEDIATRIX MEDICAL GROUP OF FLORIDA INC,FALSE,independence_unresolved,no affirmative evidence either way,,,,,
1720038136,"Christin N Richardson , M.D.",PE,roster_only,,,NC,affiliation_location_mismatch,,,,,,,,,,,,,Unified Women's Healthcare,,,,,,,,independence_unresolved,affiliation_location_mismatch,,,,,
1720038334,Dr. Elizabeth Forbes,PE,universe,pair_301,Evanston,IL,location_resolved,city_state,7012818354,"MIDWEST CENTER FOR WOMEN'S HEALTHCARE, LTD",67,21,60,23,22,67,3,0.8955,Together Women's Health,Together Women's Health,,,,,,,,not_independent_supported,"sampled organisation contains clinicians from PE platform ""Together Women's Health"" on the study roster",,,,,
1720040983,"Jason VanBennekom, MD, FACOG",PE,roster_only,,,FL,affiliation_location_mismatch,,,,,,,,,,,,,Women's Care Enterprises,,,,,,,,independence_unresolved,affiliation_location_mismatch,,,,,
1720045750,Dr. Abigail Gleason,PE,fielded+universe,pair_494,Kearny,NJ,location_resolved,phone,2961316328,REGIONAL WOMENS HEALTH GROUP LLC,334,85,227,7,110,334,8,0.6796,Axia Women's Health,Axia Women's Health,Hospital,2961316328|8224022256,298,OBSTETRICAL & GYNECOLOGICAL GROUP OF EAST BRUNSWICK PA|REGIONAL WOMENS HEALTH GROUP LLC,,,,not_independent_supported,"sampled organisation contains clinicians from PE platform ""Axia Women's Health"" on the study roster",,,,,
1720050776,Dr. Philip Korzeniowski,PE,fielded,pair_501,Somers Point,NJ,location_resolved,phone,2961316328,REGIONAL WOMENS HEALTH GROUP LLC,334,85,227,9,110,334,8,0.6796,Axia Women's Health,Axia Women's Health,,2961316328,298,REGIONAL WOMENS HEALTH GROUP LLC,,,,not_independent_supported,"sampled organisation contains clinicians from PE platform ""Axia Women's Health"" on the study roster",,,,,
1720074446,Dr. Linda Keller,PE,roster_only,,,FL,no_dac_affiliation,,,,,,,,,,,,,,,,,,,,,independence_unresolved,no_dac_affiliation,,,,,
1720089923,Dr. Hani Saleh,Non-PE,universe,pair_305,Glenview,IL,location_resolved,phone,6305827635,NORTH SHORE ASSOCIATES IN GYNECOLOGY AND OBSTETRICS SC,4,1,4,3,2,4,,,,,,,,,4,NORTH SHORE ASSOCIATES IN GYNECOLOGY AND OBSTETRICS SC,TRUE,independence_unresolved,no affirmative evidence either way,,,,,
1720125586,Dr. Steven Troy,Non-PE,fielded+universe,pair_276,Drexel Hill,PA,location_resolved,phone,5698065142,PROSPECT HEALTH ACCESS NETWORK INC,197,34,17,4,65,197,19,0.0863,,,Hospital,5294647905|5698065142,559,HEALTH ACCESS NETWORK|PROSPECT HEALTH ACCESS NETWORK INC,197,PROSPECT HEALTH ACCESS NETWORK INC,FALSE,not_independent_supported,organisation name carries a hospital/system/academic/government token,,,,,
1720196454,Dr. Nathan Hirsch,PE,fielded,pair_124,Miami,FL,location_resolved,city_state,8921091786,VITALMD GROUP HOLDING LLC,430,152,283,375,117,430,22,0.6581,Femwell Group Health,Femwell Group Health,,8921091786,466,VITALMD GROUP HOLDING LLC,,,,not_independent_supported,"sampled organisation contains clinicians from PE platform ""Femwell Group Health"" on the study roster",,,,,
1720279631,Dr. Young Yoon,Non-PE,universe,pair_315,Rochester Hills,MI,location_resolved,phone,4183673015,"OAKLAND MACOMB OBSTETRICS AND GYNECOLOGY, P.C.",19,5,17,11,5,19,2,0.8947,,,,,,,19,"OAKLAND MACOMB OBSTETRICS AND GYNECOLOGY, P.C.",FALSE,independent_supported,"single-specialty OB/GYN organisation, no system token, no PE-roster member",,,,,
1720288418,"Julie Taylor, MD",PE,roster_only,,,AL,affiliation_location_mismatch,,,,,,,,,,,,,Together Women's Health,,,,,,,,independence_unresolved,affiliation_location_mismatch,,,,,
1720304595,Dr. Suzanne Nogami,Non-PE,fielded+universe,pair_270,Malvern,PA,location_resolved,phone,2961316328,REGIONAL WOMENS HEALTH GROUP LLC,334,85,227,7,110,334,8,0.6796,Axia Women's Health,Axia Women's Health,,1951215201|2961316328|4082679519,601,MAIN LINE HEALTHCARE|REGIONAL WOMENS HEALTH GROUP LLC|WOMENS HEALTH CARE GROUP OF PENNSYLVANIA LLC,334,REGIONAL WOMENS HEALTH GROUP LLC,FALSE,not_independent_supported,"sampled organisation contains clinicians from PE platform ""Axia Women's Health"" on the study roster",,,,,
1720342009,"Yuliya Malayev, DO",PE,roster_only,,,MI,affiliation_location_mismatch,,,,,,,,,,,,,Unified Women's Healthcare,,,,,,,,independence_unresolved,affiliation_location_mismatch,,,,,
1720342900,Dr. Meena Demetrios,Non-PE,universe,pair_404,Jacksonville,FL,location_resolved,phone,2860411188,ST VINCENT'S AMBULATORY CARE INC,278,34,6,12,87,278,,,,,,,,,278,ST VINCENT'S AMBULATORY CARE INC,FALSE,not_independent_supported,organisation name carries a hospital/system/academic/government token,,,,,
1720384571,"Raphael Guichard, MD",PE,roster_only,,,FL,affiliation_location_mismatch,,,,,,,,,,,,,Women's Care Enterprises,,,,,,,,independence_unresolved,affiliation_location_mismatch,,,,,
1720441181,Dr. Amanda Colbert,Non-PE,universe,pair_365,Miami,FL,location_resolved,phone,8921091786,VITALMD GROUP HOLDING LLC,430,152,283,375,117,430,22,0.6581,Femwell Group Health,Femwell Group Health,,,,,430,VITALMD GROUP HOLDING LLC,FALSE,not_independent_supported,"sampled organisation contains clinicians from PE platform ""Femwell Group Health"" on the study roster",,,,,
1720461213,"Callum Potts, MD",PE,roster_only,,,CO,no_dac_affiliation,,,,,,,,,,,,,,,,,,,,,independence_unresolved,no_dac_affiliation,,,,,
1720548613,Dr. Jennifer Rizzo,Non-PE,universe,pair_206,Lutz,FL,location_resolved,phone,2163310236,WOMANS GROUP,23,1,22,5,4,23,2,0.9565,,,,,,,23,WOMANS GROUP,FALSE,independent_supported,"single-specialty OB/GYN organisation, no system token, no PE-roster member",,,,,
1720582737,Dr. Haleigh Edgar,PE,fielded,pair_379,Las Vegas,NV,location_resolved,phone,4082845664,"WOMEN'S HEALTH ASSOCIATES OF SOUTHERN NEVADA- MARTIN, PLLC",83,17,42,30,17,83,4,0.506,Unified Women's Healthcare,Unified Women's Healthcare,,,,,,,,not_independent_supported,"sampled organisation contains clinicians from PE platform ""Unified Women's Healthcare"" on the study roster",,,,,
1720667330,"Nicole Lindsay, MD",PE,roster_only,,,IN,no_dac_affiliation,,,,,,,,,,,,,,,,,,,,,independence_unresolved,no_dac_affiliation,,,,,
1730129065,Dr. Susan Manella,PE,universe,pair_49,Miami,FL,location_resolved,city_state,8921091786,VITALMD GROUP HOLDING LLC,430,152,283,375,117,430,22,0.6581,Femwell Group Health,Femwell Group Health,,,,,,,,not_independent_supported,"sampled organisation contains clinicians from PE platform ""Femwell Group Health"" on the study roster",,,,,
1730157124,"Laura Dill, MD",PE,roster_only,,,FL,affiliation_location_mismatch,,,,,,,,,,,,,Women's Care Enterprises,,,,,,,,independence_unresolved,affiliation_location_mismatch,,,,,
1730160102,Dr. Michael Fleischer,PE,universe,pair_389,Miami,FL,location_resolved,city_state,8921091786,VITALMD GROUP HOLDING LLC,430,152,283,375,117,430,22,0.6581,Femwell Group Health,Femwell Group Health,,,,,,,,not_independent_supported,"sampled organisation contains clinicians from PE platform ""Femwell Group Health"" on the study roster",,,,,
1730163767,Dr. Annette Pelaez,Non-PE,universe,pair_30,Miami,FL,location_resolved,phone,8921091786,VITALMD GROUP HOLDING LLC,430,152,283,4,117,430,22,0.6581,Femwell Group Health,Femwell Group Health,,,,,430,VITALMD GROUP HOLDING LLC,FALSE,not_independent_supported,"sampled organisation contains clinicians from PE platform ""Femwell Group Health"" on the study roster",,,,,
1730174962,Dr. Margarita Fernandez-Pujol,PE,roster_only,,,FL,no_dac_affiliation,,,,,,,,,,,,,,,,,,,,,independence_unresolved,no_dac_affiliation,,,,,
1730175423,Dr. Stewart Newman,PE,roster_only,,,FL,affiliation_location_mismatch,,,,,,,,,,,,,Femwell Group Health,,,,,,,,independence_unresolved,affiliation_location_mismatch,,,,,
1730177577,Dr. Martha Laird,Non-PE,universe,pair_284,Tucson,AZ,location_resolved,phone,4284724279,GENESIS OB GYN PLLC,60,12,39,14,13,60,3,0.65,Unified Women's Healthcare,Unified Women's Healthcare,,,,,60,GENESIS OB GYN PLLC,FALSE,not_independent_supported,"sampled organisation contains clinicians from PE platform ""Unified Women's Healthcare"" on the study roster",,,,,
1730187287,Dr. Luis E. Mendez,PE,roster_only,,,FL,affiliation_location_mismatch,,,,,,,,,,,,,Femwell Group Health,,,,,,,,independence_unresolved,affiliation_location_mismatch,,,,,
1730259094,Dr. Peter Mandel,PE,fielded+universe,pair_502,Freehold,NJ,location_resolved,phone,2961316328,REGIONAL WOMENS HEALTH GROUP LLC,334,85,227,7,110,334,8,0.6796,Axia Women's Health,Axia Women's Health,Hospital,2961316328,298,REGIONAL WOMENS HEALTH GROUP LLC,,,,not_independent_supported,"sampled organisation contains clinicians from PE platform ""Axia Women's Health"" on the study roster",,,,,
1730360181,Dr. Melani Cornelius-Sanders,PE,universe,pair_296,Stockbridge,GA,location_resolved,phone,3072504240,SOUTHERN CRESCENT WOMENS HEALTH SPECIALISTS AT EAGLE'S LANDING,5,1,5,5,1,5,1,1.0,Nova Women's Health Partners,Nova Women's Health Partners,,,,,,,,not_independent_supported,"sampled organisation contains clinicians from PE platform ""Nova Women's Health Partners"" on the study roster",,,,,
1730360439,Dr. Beth Thai,Non-PE,fielded+universe,pair_397,Georgetown,TX,location_resolved,phone,5193709392,LONE STAR CIRCLE OF CARE,51,3,5,19,17,51,7,0.098,,,,42128548|6406030139,1106,"CENTRAL TEXAS OB/GYN ASSOCIATES, PLLC|UNIVERSITY OF TEXAS HEALTH SCIENCE CENTER AT SAN ANTONIO",51,LONE STAR CIRCLE OF CARE,FALSE,independence_unresolved,no affirmative evidence either way,,,,,
1730408535,Dr. Magdalena Szutowska,Non-PE,fielded,pair_487,Danbury,CT,location_resolved,phone,3274430665,"PHYSICIANS FOR WOMEN'S HEALTH, LLC",278,45,201,176,78,278,7,0.723,Unified Women's Healthcare,Unified Women's Healthcare,Hospital,3274430665,262,PHYSICIANS FOR WOMENS HEALTH LLC,278,"PHYSICIANS FOR WOMEN'S HEALTH, LLC",FALSE,not_independent_supported,"sampled organisation contains clinicians from PE platform ""Unified Women's Healthcare"" on the study roster",,,,,
1730417023,Dr. Alonzo Grant,Non-PE,universe,pair_121,Sunrise,FL,location_resolved,phone,3375805898,AT HOME WOUNDCARE INC,3,0,1,3,1,3,,,,,,,,,3,AT HOME WOUNDCARE INC,TRUE,independence_unresolved,no affirmative evidence either way,,,,,
1730470402,Dr. Catherine Bailey,Non-PE,fielded,pair_285,North Syracuse,NY,location_resolved,phone,4880677400,ASSOCIATES FOR WOMEN'S MEDICINE PLLC,12,1,9,8,5,12,2,0.75,,,Hospital,2567431497|4880677400,18,"ASSOCIATES FOR WOMEN'S MEDICINE PLLC|CNY WOMEN'S HEALTHCARE, P.C.",12,ASSOCIATES FOR WOMEN'S MEDICINE PLLC,FALSE,independent_supported,"single-specialty OB/GYN organisation, no system token, no PE-roster member",,,,,
1730594169,Dr. Taralyn Sowby,Non-PE,universe,pair_350,Miramar,FL,location_resolved,phone,8921091786,VITALMD GROUP HOLDING LLC,430,152,283,6,117,430,22,0.6581,Femwell Group Health,Femwell Group Health,,,,,430,VITALMD GROUP HOLDING LLC,FALSE,not_independent_supported,"sampled organisation contains clinicians from PE platform ""Femwell Group Health"" on the study roster",,,,,
1730678533,Dr. Veronica Winget,Non-PE,universe,pair_285,Tucson,AZ,location_resolved,phone,9638457013,TMC MEDICAL NETWORK,167,37,10,77,23,167,,,,,,,,,167,TMC MEDICAL NETWORK,FALSE,independence_unresolved,"large organisation, name uninformative; needs external adjudication",,,,,
1740218817,Dr. Pedro Brasac,PE,roster_only,,,FL,affiliation_location_mismatch,,,,,,,,,,,,,Femwell Group Health,,,,,,,,independence_unresolved,affiliation_location_mismatch,,,,,
1740244383,Dr. Lance Radbill,PE,fielded,pair_324,Birmingham,AL,location_resolved,city_state,4981646734,TOGETHER WOMEN'S HEALTH MEDICAL GROUP OF ALABAMA PC,12,1,7,6,4,12,2,0.5833,Together Women's Health,Together Women's Health,Hospital,4981646734,16,"OB-GYN SOUTH, P.C.",,,,not_independent_supported,"sampled organisation contains clinicians from PE platform ""Together Women's Health"" on the study roster",,,,,
1740272228,Dr. Kathleen Gotzmann,PE,universe,pair_309,Bel Air,MD,location_resolved,phone,9335129766,SUSQUEHANNA OB-GYN PA,12,1,4,9,2,12,4,0.3333,Advantia Health,Advantia Health,,,,,,,,not_independent_supported,"sampled organisation contains clinicians from PE platform ""Advantia Health"" on the study roster",,,,,
1740274802,Dr. Kathleen Schwartz,Non-PE,universe,pair_288,Phoenix,AZ,location_resolved,phone,4284724279,GENESIS OB GYN PLLC,60,12,39,12,13,60,3,0.65,Unified Women's Healthcare,Unified Women's Healthcare,,,,,60,GENESIS OB GYN PLLC,FALSE,not_independent_supported,"sampled organisation contains clinicians from PE platform ""Unified Women's Healthcare"" on the study roster",,,,,
1740277813,Dr. Christine Carey,Non-PE,universe,pair_428,Worcester,MA,location_resolved,phone,4284539891,UMASS MEMORIAL MEDICAL GROUP INC,1871,348,48,1487,87,1871,61,0.0257,Unified Women's Healthcare,Unified Women's Healthcare,,,,,1871,UMASS MEMORIAL MEDICAL GROUP INC,FALSE,not_independent_supported,"sampled organisation contains clinicians from PE platform ""Unified Women's Healthcare"" on the study roster",,,,,
1740279827,"Timothy C. Albion, MD",PE,roster_only,,,IL,no_dac_affiliation,,,,,,,,,,,,,,,,,,,,,independence_unresolved,no_dac_affiliation,,,,,
1740282466,"Melissa Moore, MD",PE,roster_only,,,FL,affiliation_location_mismatch,,,,,,,,,,,,,Women's Care Enterprises,,,,,,,,independence_unresolved,affiliation_location_mismatch,,,,,
1740295468,Dr. Hans Hubsch,PE,universe,pair_27,Miramar,FL,no_dac_affiliation,,,,,,,,,,,,,,,,,,,,,independence_unresolved,no_dac_affiliation,,,,,
1740374909,Dr. Donna Sweetland,PE,fielded,pair_319,Joliet,IL,location_resolved,city_state,7810179702,OBHG ILLINOIS SC,13,8,13,1,8,13,1,1.0,OB Hospitalist Group,OB Hospitalist Group,,5092703405,63,ST. MARGARETS HOSPITAL,,,,not_independent_supported,"sampled organisation contains clinicians from PE platform ""OB Hospitalist Group"" on the study roster",,,,,
1740383785,"Kerrie M. Henry, MD, FACOG",PE,roster_only,,,CT,affiliation_location_mismatch,,,,,,,,,,,,,Unified Women's Healthcare,,,,,,,,independence_unresolved,affiliation_location_mismatch,,,,,
1740444736,Dr. Alexandra Lieberman,Non-PE,universe,pair_136,Miami,FL,location_resolved,phone,8921091786,VITALMD GROUP HOLDING LLC,430,152,283,375,117,430,22,0.6581,Femwell Group Health,Femwell Group Health,,,,,430,VITALMD GROUP HOLDING LLC,FALSE,not_independent_supported,"sampled organisation contains clinicians from PE platform ""Femwell Group Health"" on the study roster",,,,,
1740492990,Susan L. Treiser,PE,roster_only,,,NJ,no_dac_affiliation,,,,,,,,,,,,,,,,,,,,,independence_unresolved,no_dac_affiliation,,,,,
1740496835,"Emily Ricci, MD",PE,roster_only,,,NJ,affiliation_location_mismatch,,,,,,,,,,,,,Axia Women's Health,,,,,,,,independence_unresolved,affiliation_location_mismatch,,,,,
1740518430,Dr. Jacqueline Thomas,PE,universe,pair_55,Naples,FL,ambiguous_multiple_org,city_state,6800801655,JOSEPH ONORATO M D P C,14,2,0,4,3,14,,,Femwell Group Health,Femwell Group Health,,,,,,,,independence_unresolved,ambiguous_multiple_org,,,,,
1740542141,Dr. Jennifer Borson,PE,fielded,pair_158,Novi,MI,location_resolved,phone,0345626073,UWH OF MICHIGAN PLC,39,8,31,6,5,39,2,0.7949,Unified Women's Healthcare,Unified Women's Healthcare,Hospital,7113828583,9,"WOMEN'S HEALTH CONSULTANTS, PLC",,,,not_independent_supported,"sampled organisation contains clinicians from PE platform ""Unified Women's Healthcare"" on the study roster",,,,,
1740637719,"Preethi Rajendran, MD",PE,roster_only,,,NJ,affiliation_location_mismatch,,,,,,,,,,,,,Axia Women's Health,,,,,,,,independence_unresolved,affiliation_location_mismatch,,,,,
1740661073,Dr. Jody Joynt,PE,universe,pair_280,Homewood,AL,no_dac_affiliation,,,,,,,,,,,,,,,,,,,,,independence_unresolved,no_dac_affiliation,,,,,
1740675339,Dr. Isabel Llanes,PE,roster_only,,,FL,affiliation_location_mismatch,,,,,,,,,,,,,Femwell Group Health,,,,,,,,independence_unresolved,affiliation_location_mismatch,,,,,
1740786029,Dr. Labeena Wajahat,PE,universe,pair_348,Mckinney,TX,location_resolved,phone,4385944230,UNIFIED WOMENS HEALTHCARE OF TEXAS PLLC,154,18,121,15,57,154,5,0.7857,Unified Women's Healthcare,Unified Women's Healthcare,,,,,,,,not_independent_supported,"sampled organisation contains clinicians from PE platform ""Unified Women's Healthcare"" on the study roster",,,,,
1740817071,Dr. Sarah Bechay,PE,fielded+universe,pair_254,New Providence,NJ,no_dac_affiliation,,,,,,,,,,,,,,Hospital,,,,,,,independence_unresolved,no_dac_affiliation,,,,,
1740817782,Dr. Ciarra Nickerson,PE,universe,pair_426,Worcester,MA,no_dac_affiliation,,,,,,,,,,,,,,,,,,,,,independence_unresolved,no_dac_affiliation,,,,,
1750342309,Dr. Martin Garcia,PE,universe,pair_90,Miami,FL,location_resolved,city_state,8921091786,VITALMD GROUP HOLDING LLC,430,152,283,375,117,430,22,0.6581,Femwell Group Health,Femwell Group Health,,,,,,,,not_independent_supported,"sampled organisation contains clinicians from PE platform ""Femwell Group Health"" on the study roster",,,,,
1750347084,Dr. Charles Eubank,Non-PE,universe,pair_351,Corpus Christi,TX,no_organisation_on_sampled_row,phone,,,,,,,,,,,,,,,,,NA,,NA,independence_unresolved,no_organisation_on_sampled_row,,,,,
1750350393,Dr. Allison Shirker,PE,universe,pair_224,Phoenixville,PA,location_resolved,city_state,2961316328,REGIONAL WOMENS HEALTH GROUP LLC,334,85,227,16,110,334,8,0.6796,Axia Women's Health,Axia Women's Health,,,,,,,,not_independent_supported,"sampled organisation contains clinicians from PE platform ""Axia Women's Health"" on the study roster",,,,,
1750379210,"Michele Amoroso, MD",PE,roster_only,,,FL,affiliation_location_mismatch,,,,,,,,,,,,,Women's Care Enterprises,,,,,,,,independence_unresolved,affiliation_location_mismatch,,,,,
1750380069,Dr. Mary Keegan,Non-PE,universe,pair_212,Memphis,TN,location_resolved,phone,7012803505,"WOMEN'S CARE CENTER OF MEMPHIS, MPLLC",24,3,24,9,3,24,,,,,,,,,24,"WOMEN'S CARE CENTER OF MEMPHIS, MPLLC",FALSE,independence_unresolved,no affirmative evidence either way,,,,,
1750381141,Dr. Elizabeth Wilson,Non-PE,universe,pair_325,Columbia,MO,location_resolved,phone,9739078916,"WOMEN'S HEALTH ASSOCIATES, INC.",10,3,10,10,1,10,,,Together Women's Health,Together Women's Health,,,,,10,"WOMEN'S HEALTH ASSOCIATES, INC.",TRUE,not_independent_supported,"sampled organisation contains clinicians from PE platform ""Together Women's Health"" on the study roster",,,,,
1750386983,Dr. David Adler,PE,universe,pair_395,Miami,FL,location_resolved,phone,8921091786,VITALMD GROUP HOLDING LLC,430,152,283,2,117,430,22,0.6581,Femwell Group Health,Femwell Group Health,,,,,,,,not_independent_supported,"sampled organisation contains clinicians from PE platform ""Femwell Group Health"" on the study roster",,,,,
1750388930,Dr. Jennifer Kaplan,PE,universe,pair_166,Novi,MI,location_resolved,phone,0345626073,UWH OF MICHIGAN PLC,39,8,31,6,5,39,2,0.7949,Unified Women's Healthcare,Unified Women's Healthcare,,,,,,,,not_independent_supported,"sampled organisation contains clinicians from PE platform ""Unified Women's Healthcare"" on the study roster",,,,,
1750395760,Dr. Mark Mccormick,PE,universe,pair_366,Miami,FL,location_resolved,city_state,8921091786,VITALMD GROUP HOLDING LLC,430,152,283,375,117,430,22,0.6581,Femwell Group Health,Femwell Group Health,,,,,,,,not_independent_supported,"sampled organisation contains clinicians from PE platform ""Femwell Group Health"" on the study roster",,,,,
1750401642,"Zaira Moreno, MD",PE,roster_only,,,FL,affiliation_location_mismatch,,,,,,,,,,,,,Women's Care Enterprises,,,,,,,,independence_unresolved,affiliation_location_mismatch,,,,,
1750418182,"Sara Barton, MD",PE,roster_only,,,CO,no_dac_affiliation,,,,,,,,,,,,,,,,,,,,,independence_unresolved,no_dac_affiliation,,,,,
1750447629,"Gina Cantarella, MD, FACOG",PE,roster_only,,,NJ,affiliation_location_mismatch,,,,,,,,,,,,,Axia Women's Health,,,,,,,,independence_unresolved,affiliation_location_mismatch,,,,,
1750462743,"Rachana V. Garde, M.D.",PE,roster_only,,,MD,no_dac_affiliation,,,,,,,,,,,,,,,,,,,,,independence_unresolved,no_dac_affiliation,,,,,
1750474813,Dr. Daniel Greene,Non-PE,fielded,pair_362,Rochester,MI,location_resolved,phone,9739082603,"CONTEMPORARY OBSTETRICS AND GYNECOLOGY, PC",4,0,4,4,1,4,1,1.0,Unified Women's Healthcare,Unified Women's Healthcare,Hospital,9739082603,8,"CONTEMPORARY OBSTETRICS & GYNECOLOGY, PC",4,"CONTEMPORARY OBSTETRICS AND GYNECOLOGY, PC",TRUE,not_independent_supported,"sampled organisation contains clinicians from PE platform ""Unified Women's Healthcare"" on the study roster",,,,,
1750481610,Dr. Shahla Ighani,Non-PE,fielded,pair_332,Tucson,AZ,location_resolved,phone,4284724279,GENESIS OB GYN PLLC,60,12,39,6,13,60,3,0.65,Unified Women's Healthcare,Unified Women's Healthcare,,4284724279,52,"GENESIS OB/GYN, PC",60,GENESIS OB GYN PLLC,FALSE,not_independent_supported,"sampled organisation contains clinicians from PE platform ""Unified Women's Healthcare"" on the study roster",,,,,
1750515367,Dr. Samreen Akbar,Non-PE,universe,pair_248,Hoffman Estates,IL,no_organisation_on_sampled_row,phone,,,,,,,,,,,,,,,,,NA,,NA,independence_unresolved,no_organisation_on_sampled_row,,,,,
1750546024,"Robert Yelverton, Jr, MD",PE,roster_only,,,FL,affiliation_location_mismatch,,,,,,,,,,,,,Women's Care Enterprises,,,,,,,,independence_unresolved,affiliation_location_mismatch,,,,,
1750547162,Dr. Ramon Sanchez-Rauder,Non-PE,universe,pair_389,Miami,FL,location_resolved,phone,8921091786,VITALMD GROUP HOLDING LLC,430,152,283,7,117,430,22,0.6581,Femwell Group Health,Femwell Group Health,,,,,430,VITALMD GROUP HOLDING LLC,FALSE,not_independent_supported,"sampled organisation contains clinicians from PE platform ""Femwell Group Health"" on the study roster",,,,,
1750560736,Dr. Patricia Perfetto Pila,Non-PE,universe,pair_372,Miami,FL,location_resolved,phone,5395807218,FLORIDA WOMAN CARE LLC,510,87,337,4,214,510,8,0.6608,Women's Care Enterprises,Women's Care Enterprises,,,,,510,FLORIDA WOMAN CARE LLC,FALSE,not_independent_supported,"sampled organisation contains clinicians from PE platform ""Women's Care Enterprises"" on the study roster",,,,,
1750657490,Dr. Corina Sandulescu,PE,universe,pair_303,Park Ridge,IL,location_resolved,phone,7012818354,"MIDWEST CENTER FOR WOMEN'S HEALTHCARE, LTD",67,21,60,18,22,67,3,0.8955,Together Women's Health,Together Women's Health,,,,,,,,not_independent_supported,"sampled organisation contains clinicians from PE platform ""Together Women's Health"" on the study roster",,,,,
1750672895,Dr. Sarasija Nagella,Non-PE,universe,pair_184,Gibsonton,FL,location_resolved,phone,9234031444,WOMENS CARE FLORIDA LLC,293,58,198,13,74,293,8,0.6758,Women's Care Enterprises,Women's Care Enterprises,,,,,293,WOMENS CARE FLORIDA LLC,FALSE,not_independent_supported,"sampled organisation contains clinicians from PE platform ""Women's Care Enterprises"" on the study roster",,,,,
1750728861,Dr. Leah Foster,Non-PE,universe,pair_353,Fairfax,VA,location_resolved,phone,4880582741,CAPITAL WOMENS CARE LLC,252,47,182,7,64,252,7,0.7222,Advantia Health,Advantia Health,,,,,252,CAPITAL WOMENS CARE LLC,FALSE,not_independent_supported,"sampled organisation contains clinicians from PE platform ""Advantia Health"" on the study roster",,,,,
1760421390,"Catherine Bernardini, DO",PE,roster_only,,,NJ,affiliation_location_mismatch,,,,,,,,,,,,,Axia Women's Health,,,,,,,,independence_unresolved,affiliation_location_mismatch,,,,,
1760450597,"Stephanie Fleming, MD",PE,roster_only,,,MI,affiliation_location_mismatch,,,,,,,,,,,,,Unified Women's Healthcare,,,,,,,,independence_unresolved,affiliation_location_mismatch,,,,,
1760477913,Dr. Cristina Montiel,PE,roster_only,,,FL,no_dac_affiliation,,,,,,,,,,,,,,,,,,,,,independence_unresolved,no_dac_affiliation,,,,,
1760489900,Dr. James Murray,Non-PE,universe,pair_169,Tampa,FL,location_resolved,phone,5799016846,DHP OF MANATEE PA,37,10,36,10,7,37,2,0.973,,,,,,,37,DHP OF MANATEE PA,FALSE,independent_supported,"single-specialty OB/GYN organisation, no system token, no PE-roster member",,,,,
1760496103,Dr. Susan Orhan,Non-PE,universe,pair_357,Hoffman Estates,IL,location_resolved,phone,5991712911,SUSAN ORHAN MD PC,2,1,1,2,1,2,,,,,,,,,2,SUSAN ORHAN MD PC,TRUE,independence_unresolved,no affirmative evidence either way,,,,,
1760498836,Dr. Daniel Dennehy,PE,universe,pair_433,Meriden,CT,location_resolved,phone,3274430665,"PHYSICIANS FOR WOMEN'S HEALTH, LLC",278,45,201,7,78,278,7,0.723,Unified Women's Healthcare,Unified Women's Healthcare,,,,,,,,not_independent_supported,"sampled organisation contains clinicians from PE platform ""Unified Women's Healthcare"" on the study roster",,,,,
1760644090,Dr. Karen Wolowick,Non-PE,fielded,pair_317,Downers Grove,IL,no_organisation_on_sampled_row,phone,,,,,,,,,,,,,,5496667941,1123,DU PAGE MEDICAL GROUP LTD,NA,,NA,independence_unresolved,no_organisation_on_sampled_row,,,,,
1760680938,Dr. Sara Diaz Valentin,Non-PE,universe,pair_287,Glendale,AZ,location_resolved,phone,2062773138,BHSM REHABILITATION LLC,1154,262,10,72,83,1154,,,Unified Women's Healthcare,Unified Women's Healthcare,,,,,1154,"BHSM REHABILITATION LLC | STAR CLINIC, LLC",FALSE,not_independent_supported,"sampled organisation contains clinicians from PE platform ""Unified Women's Healthcare"" on the study roster",,,,,
1760689087,Dr. Zayda Chamorro,PE,universe,pair_201,Riverview,FL,location_resolved,city_state,9234031444,WOMENS CARE FLORIDA LLC,293,58,198,8,74,293,8,0.6758,Women's Care Enterprises,Women's Care Enterprises,,,,,,,,not_independent_supported,"sampled organisation contains clinicians from PE platform ""Women's Care Enterprises"" on the study roster",,,,,
1760758411,Dr. Jeffrey Schachar,Non-PE,fielded+universe,pair_120,Davie,FL,location_resolved,phone,2264752443,INSTITUTE FOR WOMEN'S HEALTH AND BODY LLC,43,7,27,1,34,43,5,0.6279,,,Hospital,7911807128,559,CLEVELAND CLINIC FLORIDA,43,INSTITUTE FOR WOMEN'S HEALTH AND BODY LLC,FALSE,independence_unresolved,no affirmative evidence either way,,,,,
1760758692,Dr. Michelle Quinones Defendini,Non-PE,universe,pair_172,Jacksonville,FL,location_resolved,phone,9234031444,WOMENS CARE FLORIDA LLC,293,58,198,3,74,293,8,0.6758,Women's Care Enterprises,Women's Care Enterprises,,,,,293,WOMENS CARE FLORIDA LLC,FALSE,not_independent_supported,"sampled organisation contains clinicians from PE platform ""Women's Care Enterprises"" on the study roster",,,,,
1760989693,"Sara Valentino, DO",PE,roster_only,,,NY,affiliation_location_mismatch,,,,,,,,,,,,,Unified Women's Healthcare,,,,,,,,independence_unresolved,affiliation_location_mismatch,,,,,
1770105405,Dr. Emily Ager,PE,fielded,pair_186,San Francisco,CA,no_dac_affiliation,,,,,,,,,,,,,,Hospital,,,,,,,independence_unresolved,no_dac_affiliation,,,,,
1770502692,Dr. Christine Edwards,PE,roster_only,,,FL,no_dac_affiliation,,,,,,,,,,,,,,,,,,,,,independence_unresolved,no_dac_affiliation,,,,,
1770506156,Dr. Beatrice Hecker,PE,universe,pair_375,Miami,FL,location_resolved,city_state,8921091786,VITALMD GROUP HOLDING LLC,430,152,283,375,117,430,22,0.6581,Femwell Group Health,Femwell Group Health,,,,,,,,not_independent_supported,"sampled organisation contains clinicians from PE platform ""Femwell Group Health"" on the study roster",,,,,
1770539314,Dr. Ravy Lu,PE,fielded+universe,pair_287,Blue Bell,PA,location_resolved,city_state,2961316328,REGIONAL WOMENS HEALTH GROUP LLC,334,85,227,2,110,334,8,0.6796,Axia Women's Health,Axia Women's Health,Hospital,3476450156|4082679519|8527962661,159,CENTER FOR WOMENS HEALTH OF LANSDALE LLC|FORNANCE PHYSICIAN SERVICES INC|WOMENS HEALTH CARE GROUP OF,,,,not_independent_supported,"sampled organisation contains clinicians from PE platform ""Axia Women's Health"" on the study roster",,,,,
1770547945,"Stephanie Callanan, MD",PE,roster_only,,,MN,affiliation_location_mismatch,,,,,,,,,,,,,Unified Women's Healthcare,,,,,,,,independence_unresolved,affiliation_location_mismatch,,,,,
1770553919,Dr. Cheryl Iglesia,Non-PE,universe,pair_308,Silver Spring,MD,location_resolved,phone,6103093513,WHC PHYSICIAN GROUP LLC,313,52,33,2,16,313,24,0.1054,,,,,,,313,WHC PHYSICIAN GROUP LLC,FALSE,independence_unresolved,"large organisation, name uninformative; needs external adjudication",,,,,
1770563264,Dr. Carlos Sarduy,PE,roster_only,,,FL,affiliation_location_mismatch,,,,,,,,,,,,,Femwell Group Health,,,,,,,,independence_unresolved,affiliation_location_mismatch,,,,,
1770572786,"Kelly Hammond, MD, FACOG",PE,roster_only,,,NJ,affiliation_location_mismatch,,,,,,,,,,,,,Axia Women's Health,,,,,,,,independence_unresolved,affiliation_location_mismatch,,,,,
1770579740,"Heidi Arnold, MD",PE,roster_only,,,FL,affiliation_location_mismatch,,,,,,,,,,,,,Women's Care Enterprises,,,,,,,,independence_unresolved,affiliation_location_mismatch,,,,,
1770644783,Mark Sauer,PE,roster_only,,,NJ,no_dac_affiliation,,,,,,,,,,,,,,,,,,,,,independence_unresolved,no_dac_affiliation,,,,,
1770648750,"Kanli Jiang, MD, PhD",PE,roster_only,,,NJ,affiliation_location_mismatch,,,,,,,,,,,,,Axia Women's Health,,,,,,,,independence_unresolved,affiliation_location_mismatch,,,,,
1770653792,Dr. Roger Stoudt,PE,roster_only,,,FL,no_dac_affiliation,,,,,,,,,,,,,,,,,,,,,independence_unresolved,no_dac_affiliation,,,,,
1770734824,Dr. Patricia Deitz,PE,roster_only,,,FL,affiliation_location_mismatch,,,,,,,,,,,,,Femwell Group Health,,,,,,,,independence_unresolved,affiliation_location_mismatch,,,,,
1770748204,"Brian Levine, MD",PE,roster_only,,,NY,no_dac_affiliation,,,,,,,,,,,,,,,,,,,,,independence_unresolved,no_dac_affiliation,,,,,
1770749335,Dr. Natalya Medrano,Non-PE,universe,pair_6,South Miami,FL,no_organisation_on_sampled_row,phone,,,,,,,,,,,,,,,,,NA,,NA,independence_unresolved,no_organisation_on_sampled_row,,,,,
1770795106,Dr. Lea Isaac,PE,fielded,pair_281,Paoli,PA,location_resolved,city_state,2961316328,REGIONAL WOMENS HEALTH GROUP LLC,334,85,227,6,110,334,8,0.6796,Axia Women's Health,Axia Women's Health,Hospital,2961316328|4082679519|8022398080,298,REGIONAL WOMENS HEALTH GROUP LLC|WEST CAYUGA MEDICINE PC|WOMENS HEALTH CARE GROUP OF PENNSYLVANIA LL,,,,not_independent_supported,"sampled organisation contains clinicians from PE platform ""Axia Women's Health"" on the study roster",,,,,
1770803454,"Manuel Ferreira, MD, FACOG",PE,roster_only,,,NJ,affiliation_location_mismatch,,,,,,,,,,,,,Axia Women's Health,,,,,,,,independence_unresolved,affiliation_location_mismatch,,,,,
1770960544,Dr. Wayne Larson,Non-PE,universe,pair_367,Fort Lauderdale,FL,location_resolved,phone,4486634417,PEDIATRIX MEDICAL GROUP OF FLORIDA INC,58,15,31,8,49,58,8,0.5345,,,,,,,58,PEDIATRIX MEDICAL GROUP OF FLORIDA INC,FALSE,independence_unresolved,no affirmative evidence either way,,,,,
1770997629,"Caitlyn Klaska, MD",PE,roster_only,,,MI,no_dac_affiliation,,,,,,,,,,,,,,,,,,,,,independence_unresolved,no_dac_affiliation,,,,,
1780072454,"Elizabeth Madison, MD",PE,roster_only,,,MI,no_dac_affiliation,,,,,,,,,,,,,,,,,,,,,independence_unresolved,no_dac_affiliation,,,,,
1780096370,"Tess Crouss, MD, FACOG",PE,roster_only,,,NJ,affiliation_location_mismatch,,,,,,,,,,,,,Axia Women's Health,,,,,,,,independence_unresolved,affiliation_location_mismatch,,,,,
1780145813,Allan Dong,PE,roster_only,,,UT,no_dac_affiliation,,,,,,,,,,,,,,,,,,,,,independence_unresolved,no_dac_affiliation,,,,,
1780172601,Dr. Alex Clavijo,PE,universe,pair_182,Tampa,FL,location_resolved,phone,9234031444,WOMENS CARE FLORIDA LLC,293,58,198,9,74,293,8,0.6758,Women's Care Enterprises,Women's Care Enterprises,,,,,,,,not_independent_supported,"sampled organisation contains clinicians from PE platform ""Women's Care Enterprises"" on the study roster",,,,,
1780627695,Dr. Jean Pineda,PE,universe,pair_457,Bridgewater,NJ,location_resolved,phone,2961316328,REGIONAL WOMENS HEALTH GROUP LLC,334,85,227,3,110,334,8,0.6796,Axia Women's Health,Axia Women's Health,,,,,,,,not_independent_supported,"sampled organisation contains clinicians from PE platform ""Axia Women's Health"" on the study roster",,,,,
1780632281,Dr. Anthony Giovine,Non-PE,universe,pair_445,Little Silver,NJ,location_resolved,phone,4688681059,A WOMAN'S PLACE LLC,4,2,4,4,2,4,1,1.0,,,,,,,4,A WOMAN'S PLACE LLC,TRUE,independent_supported,"single-specialty OB/GYN organisation, no system token, no PE-roster member",,,,,
1780639807,"Cathy Clubb, MD",PE,roster_only,,,MI,affiliation_location_mismatch,,,,,,,,,,,,,Unified Women's Healthcare,,,,,,,,independence_unresolved,affiliation_location_mismatch,,,,,
1780697870,"Megan Indermaur, MD",PE,roster_only,,,FL,affiliation_location_mismatch,,,,,,,,,,,,,Women's Care Enterprises,,,,,,,,independence_unresolved,affiliation_location_mismatch,,,,,
1780770636,Dr. Jennifer Schnee,PE,universe,pair_14,Miami,FL,location_resolved,city_state,8921091786,VITALMD GROUP HOLDING LLC,430,152,283,375,117,430,22,0.6581,Femwell Group Health,Femwell Group Health,,,,,,,,not_independent_supported,"sampled organisation contains clinicians from PE platform ""Femwell Group Health"" on the study roster",,,,,
1780775726,Dr. Renee Alexis,Non-PE,universe,pair_114,Plantation,FL,no_organisation_on_sampled_row,phone,,,,,,,,,,,,,,,,,NA,,NA,independence_unresolved,no_organisation_on_sampled_row,,,,,
1780796805,Dr. Brian Rogers,PE,universe,pair_408,Eatontown,NJ,location_resolved,phone,2961316328,REGIONAL WOMENS HEALTH GROUP LLC,334,85,227,7,110,334,8,0.6796,Axia Women's Health,Axia Women's Health,,,,,,,,not_independent_supported,"sampled organisation contains clinicians from PE platform ""Axia Women's Health"" on the study roster",,,,,
1780812594,Dr. Sidiq Aldabbagh,Non-PE,universe,pair_391,Miami,FL,no_organisation_on_sampled_row,phone,,,,,,,,,,,,,,,,,NA,,NA,independence_unresolved,no_organisation_on_sampled_row,,,,,
1780818146,Dr. Eric Liberman,Non-PE,fielded,pair_459,Newark,NJ,location_resolved,phone,0648172809,"BARNABAS HEALTH MEDICAL GROUP, PC",161,35,3,49,48,161,22,0.0186,,,Hospital,3779496021|5890703177,2934,MONTEFIORE MEDICAL CENTER|PRACTICE ASSOCIATES MEDICAL GROUP,161,"BARNABAS HEALTH MEDICAL GROUP, PC",FALSE,not_independent_supported,organisation name carries a hospital/system/academic/government token,,,,,
1780860395,"Emily Sammons, MD",PE,roster_only,,,MO,affiliation_location_mismatch,,,,,,,,,,,,,Advantia Health,,,,,,,,independence_unresolved,affiliation_location_mismatch,,,,,
1780902866,"Carter Owen, MD",PE,roster_only,,,VA,no_dac_affiliation,,,,,,,,,,,,,,,,,,,,,independence_unresolved,no_dac_affiliation,,,,,
1790012672,Dr. Cynelle Kunkle,Non-PE,universe,pair_236,Broomall,PA,location_resolved,phone,5698065142,PROSPECT HEALTH ACCESS NETWORK INC,197,34,17,4,65,197,19,0.0863,,,,,,,197,PROSPECT HEALTH ACCESS NETWORK INC,FALSE,not_independent_supported,organisation name carries a hospital/system/academic/government token,,,,,
1790084473,Dr. Michelle Huang,Non-PE,universe,pair_455,Hillsborough,NJ,location_resolved,phone,2961316328,REGIONAL WOMENS HEALTH GROUP LLC,334,85,227,10,110,334,8,0.6796,Axia Women's Health,Axia Women's Health,,,,,334,REGIONAL WOMENS HEALTH GROUP LLC,FALSE,not_independent_supported,"sampled organisation contains clinicians from PE platform ""Axia Women's Health"" on the study roster",,,,,
1790112407,Dr. Shil Cwalinski,Non-PE,universe,pair_262,Sellersville,PA,location_resolved,phone,6709798333,ST LUKE'S PHYSICIAN GROUP INC,1745,206,60,10,318,1745,,,,Axia Women's Health,,,,,1745,REGIONAL WOMENS HEALTH GROUP LLC | ST LUKE'S PHYSICIAN GROUP,FALSE,independence_unresolved,"large organisation, name uninformative; needs external adjudication",,,,,
1790123560,Dr. Joanna Bedell,PE,roster_only,,,FL,affiliation_location_mismatch,,,,,,,,,,,,,Femwell Group Health,,,,,,,,independence_unresolved,affiliation_location_mismatch,,,,,
1790177574,Dr. Rafael Marquez,Non-PE,fielded,pair_179,Allentown,PA,location_resolved,phone,2961316328,REGIONAL WOMENS HEALTH GROUP LLC,334,85,227,6,110,334,8,0.6796,Axia Women's Health,Axia Women's Health,Hospital,,,,334,REGIONAL WOMENS HEALTH GROUP LLC,FALSE,not_independent_supported,"sampled organisation contains clinicians from PE platform ""Axia Women's Health"" on the study roster",,,,,
1790191070,Dr. Stephanie Gore,PE,universe,pair_275,Mount Kisco,NY,location_resolved,phone,9931013240,OPTUM MEDICAL CARE PC,968,276,55,793,59,968,,,Unified Women's Healthcare / Genesis OBGYN,Unified Women's Healthcare / Genesis OBGYN,,,,,,,,not_independent_supported,"sampled organisation contains clinicians from PE platform ""Unified Women's Healthcare / Genesis OBGYN"" on the study roster",,,,,
1790289825,Dr. Markie Niemeyer,PE,roster_only,,,FL,affiliation_location_mismatch,,,,,,,,,,,,,Femwell Group Health,,,,,,,,independence_unresolved,affiliation_location_mismatch,,,,,
1790346948,Dr. Ariel Gruda,PE,fielded+universe,pair_57,Rochester,MI,location_resolved,city_state,9739082603,"CONTEMPORARY OBSTETRICS AND GYNECOLOGY, PC",4,0,4,4,1,4,1,1.0,Unified Women's Healthcare,Unified Women's Healthcare,Hospital,,,,,,,not_independent_supported,"sampled organisation contains clinicians from PE platform ""Unified Women's Healthcare"" on the study roster",,,,,
1790715191,"Jennifer R. Irani, MD",PE,roster_only,,,FL,affiliation_location_mismatch,,,,,,,,,,,,,Women's Care Enterprises,,,,,,,,independence_unresolved,affiliation_location_mismatch,,,,,
1790721140,Dr. Rebekah Richmond,PE,roster_only,,,FL,affiliation_location_mismatch,,,,,,,,,,,,,Femwell Group Health,,,,,,,,independence_unresolved,affiliation_location_mismatch,,,,,
1790727279,Dr. Kenneth Skorenko,Non-PE,universe,pair_458,Howell,NJ,location_resolved,phone,1456332170,LIFELINE MEDICAL ASSOCIATES LLC,156,42,115,24,40,156,5,0.7372,Unified Women's Healthcare,Unified Women's Healthcare,,,,,156,LIFELINE MEDICAL ASSOCIATES LLC,FALSE,not_independent_supported,"sampled organisation contains clinicians from PE platform ""Unified Women's Healthcare"" on the study roster",,,,,
1790746279,Dr. Mark Grenitz,PE,fielded+universe,pair_101,Plantation,FL,no_dac_affiliation,,,,,,,,,,,,,,,,,,,,,independence_unresolved,no_dac_affiliation,,,,,
1790749141,Dr. Alex Childs,PE,universe,pair_281,Birmingham,AL,location_resolved,city_state,4981646734,TOGETHER WOMEN'S HEALTH MEDICAL GROUP OF ALABAMA PC,12,1,7,6,4,12,2,0.5833,Together Women's Health,Together Women's Health,,,,,,,,not_independent_supported,"sampled organisation contains clinicians from PE platform ""Together Women's Health"" on the study roster",,,,,
1790760593,Dr. Arlene Smalls,Non-PE,universe,pair_291,Wilmington,DE,location_resolved,phone,9739097569,CHRISTIANA CARE HEALTH SERVICES INC,1222,158,45,341,118,1222,58,0.0368,,,,,,,1222,CHRISTIANA CARE HEALTH SERVICES INC,FALSE,not_independent_supported,organisation name carries a hospital/system/academic/government token,,,,,
1790763787,Dr. Robin Straus,PE,universe,pair_373,Bay Harbor Islands,FL,no_dac_affiliation,,,,,,,,,,,,,,,,,,,,,independence_unresolved,no_dac_affiliation,,,,,
1790765857,Dr. Beth Diner,PE,fielded+universe,pair_201,Tampa,FL,location_resolved,phone,9234031444,WOMENS CARE FLORIDA LLC,293,58,198,5,74,293,8,0.6758,Women's Care Enterprises,Women's Care Enterprises,Hospital,1850674870|9234031444,446,"WOMENS CARE FLORIDA LLC|WOMENS' HEALTH HOSPITALISTS, LLC",,,,not_independent_supported,"sampled organisation contains clinicians from PE platform ""Women's Care Enterprises"" on the study roster",,,,,
1790772812,Dr. Joyce Miller,PE,roster_only,,,FL,affiliation_location_mismatch,,,,,,,,,,,,,Femwell Group Health,,,,,,,,independence_unresolved,affiliation_location_mismatch,,,,,
1790773265,"Tara Sosna, MD",PE,roster_only,,,FL,affiliation_location_mismatch,,,,,,,,,,,,,Women's Care Enterprises,,,,,,,,independence_unresolved,affiliation_location_mismatch,,,,,
1790773653,"Robert Penney, MD, FACOG",PE,roster_only,,,NJ,affiliation_location_mismatch,,,,,,,,,,,,,Axia Women's Health,,,,,,,,independence_unresolved,affiliation_location_mismatch,,,,,
1790803773,"Natalie Cekleniak, MD",PE,roster_only,,,NJ,no_dac_affiliation,,,,,,,,,,,,,,,,,,,,,independence_unresolved,no_dac_affiliation,,,,,
1790834190,Dr. James Leonelli,Non-PE,fielded,pair_181,Youngstown,OH,no_organisation_on_sampled_row,phone,,,,,,,,,,,,,Hospital,6002071594,1,MILLENNIA WOMENS HEALTH CARE INC,NA,,NA,independence_unresolved,no_organisation_on_sampled_row,,,,,
1790865350,"Alex Polotsky, M.D.",PE,roster_only,,,MD,no_dac_affiliation,,,,,,,,,,,,,,,,,,,,,independence_unresolved,no_dac_affiliation,,,,,
1790873891,Dr. Jacob Markovitz,PE,universe,pair_452,Englewood,NJ,location_resolved,phone,2961316328,REGIONAL WOMENS HEALTH GROUP LLC,334,85,227,4,110,334,8,0.6796,Axia Women's Health,Axia Women's Health,,,,,,,,not_independent_supported,"sampled organisation contains clinicians from PE platform ""Axia Women's Health"" on the study roster",,,,,
1790910651,Dr. Alexander Mejia,Non-PE,universe,pair_381,Hialeah,FL,location_resolved,phone,5395807218,FLORIDA WOMAN CARE LLC,510,87,337,5,214,510,8,0.6608,Women's Care Enterprises,Women's Care Enterprises,,,,,510,FLORIDA WOMAN CARE LLC,FALSE,not_independent_supported,"sampled organisation contains clinicians from PE platform ""Women's Care Enterprises"" on the study roster",,,,,
1790949477,Dr. Francis Esguerra,PE,fielded+universe,pair_271,Fort Wayne,IN,location_resolved,city_state,0749188142,SEVEN HILLS OB-GYN ASSOCIATES LLC,110,28,65,7,32,110,7,0.5909,Axia Women's Health,Axia Women's Health,Hospital,2668539818,42,ASSOCIATED SURGEONS AND PHYSICIANS LLC,,,,not_independent_supported,"sampled organisation contains clinicians from PE platform ""Axia Women's Health"" on the study roster",,,,,
1790957876,Dr. Lisette Molina,Non-PE,universe,pair_74,Miami,FL,location_resolved,phone,8921091786,VITALMD GROUP HOLDING LLC,430,152,283,375,117,430,22,0.6581,Femwell Group Health,Femwell Group Health,,,,,430,VITALMD GROUP HOLDING LLC,FALSE,not_independent_supported,"sampled organisation contains clinicians from PE platform ""Femwell Group Health"" on the study roster",,,,,
1790966208,"Jessica Salas Mann, MD",PE,roster_only,,,NJ,no_dac_affiliation,,,,,,,,,,,,,,,,,,,,,independence_unresolved,no_dac_affiliation,,,,,
1790997443,Dr. Alexander Shapiro,Non-PE,fielded,pair_178,Denver,CO,location_resolved,phone,1254238454,COLORADO PERMANENTE MEDICAL GROUP PC,1079,201,17,207,42,1079,53,0.0158,,,,1254238454,1678,"COLORADO PERMANENTE MEDICAL GROUP, P.C.",1079,COLORADO PERMANENTE MEDICAL GROUP PC,FALSE,not_independent_supported,organisation name carries a hospital/system/academic/government token,,,,,
1801006499,Dr. Francisco Cruz-Pachano,PE,roster_only,,,FL,no_dac_affiliation,,,,,,,,,,,,,,,,,,,,,independence_unresolved,no_dac_affiliation,,,,,
1801020359,Martha Noel,PE,roster_only,,,CA,no_dac_affiliation,,,,,,,,,,,,,,,,,,,,,independence_unresolved,no_dac_affiliation,,,,,
1801022421,Dr. Daniel Martinez,PE,universe,pair_141,Miami,FL,location_resolved,phone,8921091786,VITALMD GROUP HOLDING LLC,430,152,283,5,117,430,22,0.6581,Femwell Group Health,Femwell Group Health,,,,,,,,not_independent_supported,"sampled organisation contains clinicians from PE platform ""Femwell Group Health"" on the study roster",,,,,
1801058532,Dr. Christina Daris,Non-PE,universe,pair_156,Novi,MI,location_resolved,phone,0345626073,UWH OF MICHIGAN PLC,39,8,31,6,5,39,2,0.7949,Unified Women's Healthcare,Unified Women's Healthcare,,,,,39,UWH OF MICHIGAN PLC,FALSE,not_independent_supported,"sampled organisation contains clinicians from PE platform ""Unified Women's Healthcare"" on the study roster",,,,,
1801091814,"Sarah Bernard, MD",PE,roster_only,,,MO,affiliation_location_mismatch,,,,,,,,,,,,,Together Women's Health,,,,,,,,independence_unresolved,affiliation_location_mismatch,,,,,
1801110721,Dr. Kate Stampler,Non-PE,universe,pair_249,Philadelphia,PA,location_resolved,phone,2769395896,EINSTEIN PRACTICE PLAN INC,592,72,26,8,83,592,46,0.0439,,,,,,,592,EINSTEIN PRACTICE PLAN INC,FALSE,not_independent_supported,organisation name carries a hospital/system/academic/government token,,,,,
1801183413,"Marie Luksch, DO, FACOOG, MSCP",PE,roster_only,,,NJ,affiliation_location_mismatch,,,,,,,,,,,,,Axia Women's Health,,,,,,,,independence_unresolved,affiliation_location_mismatch,,,,,
1801235148,Dr. Steven Lefkowitz,PE,fielded+universe,pair_363,Troy,MI,location_resolved,city_state,7618974239,SOMERSET GYNECOLOGY AND OBSTETRICS PC,5,1,5,5,1,5,1,1.0,Together Women's Health,Together Women's Health,Hospital,3072875889|7618974239,765,BEAUMONT MEDICAL GROUP HOSPITAL BASED SERVICES|SOMERSET GYNECOLOGY & OBSTETRICS PC,,,,not_independent_supported,"sampled organisation contains clinicians from PE platform ""Together Women's Health"" on the study roster",,,,,
1801240759,Dr. Anita Patel,Non-PE,universe,pair_69,Miami,FL,location_resolved,phone,8921091786,VITALMD GROUP HOLDING LLC,430,152,283,375,117,430,22,0.6581,Femwell Group Health,Femwell Group Health,,,,,430,VITALMD GROUP HOLDING LLC,FALSE,not_independent_supported,"sampled organisation contains clinicians from PE platform ""Femwell Group Health"" on the study roster",,,,,
1801355243,Dr. Petra Voigt,Non-PE,fielded+universe,pair_348,Chicago,IL,location_resolved,phone,4587576814,NORTHWESTERN MEDICAL FACULTY FOUNDATION,3275,438,74,4,215,3275,69,0.0226,,,Hospital,,,,3275,NORTHWESTERN MEDICAL FACULTY FOUNDATION,FALSE,not_independent_supported,organisation name carries a hospital/system/academic/government token,,,,,
1801359690,Dr. Cody Campbell,PE,fielded+universe,pair_263,Muncie,IN,location_resolved,city_state,1759416662,COMMUNITY PHYSICIANS OF INDIANA INC,1324,185,58,2,263,1324,55,0.0438,Axia Women's Health,Axia Women's Health,,,,,,,,not_independent_supported,"sampled organisation contains clinicians from PE platform ""Axia Women's Health"" on the study roster",,,,,
1801459706,Dr. Amalia Kotlyar,PE,fielded+universe,pair_482,Bridgeport,CT,location_resolved,phone,3274430665,"PHYSICIANS FOR WOMEN'S HEALTH, LLC",278,45,201,6,78,278,7,0.723,Unified Women's Healthcare,Unified Women's Healthcare,Hospital,,,,,,,not_independent_supported,"sampled organisation contains clinicians from PE platform ""Unified Women's Healthcare"" on the study roster",,,,,
1801475900,"Erin MacLeod, MD",PE,roster_only,,,NJ,no_dac_affiliation,,,,,,,,,,,,,,,,,,,,,independence_unresolved,no_dac_affiliation,,,,,
1801849617,"Shayne Plosker, M.D.",PE,roster_only,,,FL,no_dac_affiliation,,,,,,,,,,,,,,,,,,,,,independence_unresolved,no_dac_affiliation,,,,,
1801850672,Dr. Glenn Moran,PE,roster_only,,,FL,affiliation_location_mismatch,,,,,,,,,,,,,Femwell Group Health,,,,,,,,independence_unresolved,affiliation_location_mismatch,,,,,
1801903372,Dr. David Szentes,Non-PE,fielded+universe,pair_258,Greenwood,IN,location_resolved,phone,1759416662,COMMUNITY PHYSICIANS OF INDIANA INC,1324,185,58,2,263,1324,55,0.0438,Axia Women's Health,Axia Women's Health,Hospital,1759416662,1286,COMMUNITY PHYSICIANS OF INDIANA INC,1324,COMMUNITY PHYSICIANS OF INDIANA INC,FALSE,not_independent_supported,"sampled organisation contains clinicians from PE platform ""Axia Women's Health"" on the study roster",,,,,
1801947924,Dr. Jaimee A. Demone,PE,universe,pair_418,Worcester,MA,location_resolved,phone,3274430665,"PHYSICIANS FOR WOMEN'S HEALTH, LLC",278,45,201,20,78,278,7,0.723,Unified Women's Healthcare,Unified Women's Healthcare,,,,,,,,not_independent_supported,"sampled organisation contains clinicians from PE platform ""Unified Women's Healthcare"" on the study roster",,,,,
1801959200,"Sarah Campbell Austin, MD",PE,roster_only,,,FL,affiliation_location_mismatch,,,,,,,,,,,,,Women's Care Enterprises,,,,,,,,independence_unresolved,affiliation_location_mismatch,,,,,
1811071764,Dr. Diana Cohen,Non-PE,fielded+universe,pair_57,Lake Orion,MI,no_organisation_on_sampled_row,phone,,,,,,,,,,,,,,8729011341,1,"DIANA L. COHEN, D.O., P.C.",NA,,NA,independence_unresolved,no_organisation_on_sampled_row,,,,,
1811126311,Dr. Karen Salazar Valdes,Non-PE,universe,pair_58,Miami,FL,location_resolved,phone,8921091786,VITALMD GROUP HOLDING LLC,430,152,283,375,117,430,22,0.6581,Femwell Group Health,Femwell Group Health,,,,,430,VITALMD GROUP HOLDING LLC,FALSE,not_independent_supported,"sampled organisation contains clinicians from PE platform ""Femwell Group Health"" on the study roster",,,,,
1811148760,Melanie F. Landay,PE,roster_only,,,CA,no_dac_affiliation,,,,,,,,,,,,,,,,,,,,,independence_unresolved,no_dac_affiliation,,,,,
1811193865,"Daniel Lee, MD",PE,roster_only,,,NJ,affiliation_location_mismatch,,,,,,,,,,,,,Axia Women's Health,,,,,,,,independence_unresolved,affiliation_location_mismatch,,,,,
1811244536,Dr. Karina Bernetti,PE,universe,pair_368,Miami,FL,no_dac_affiliation,,,,,,,,,,,,,,,,,,,,,independence_unresolved,no_dac_affiliation,,,,,
1811283724,Dr. Rahil Malik,PE,roster_only,,,FL,affiliation_location_mismatch,,,,,,,,,,,,,Femwell Group Health,,,,,,,,independence_unresolved,affiliation_location_mismatch,,,,,
1811936289,"Leisa O'Flynn, DO, Esq., FACOOG",PE,roster_only,,,NJ,affiliation_location_mismatch,,,,,,,,,,,,,Axia Women's Health,,,,,,,,independence_unresolved,affiliation_location_mismatch,,,,,
1811944887,Dr. Jane Kaufman,Non-PE,universe,pair_334,New York,NY,location_resolved,phone,7810293297,PLANNED PARENTHOOD OF GREATER NEW YORK INC,44,4,4,25,14,44,,,,,,,,,44,PLANNED PARENTHOOD OF GREATER NEW YORK INC,FALSE,independence_unresolved,no affirmative evidence either way,,,,,
1811955628,Dr. Timothy Hale,Non-PE,fielded+universe,pair_472,Worcester,MA,location_resolved,phone,5597755322,RELIANT MEDICAL GROUP INC,544,104,11,158,22,544,47,0.0202,,,Hospital,5597755322,581,RELIANT MEDICAL GROUP INC,544,RELIANT MEDICAL GROUP INC,FALSE,independence_unresolved,"large organisation, name uninformative; needs external adjudication",,,,,
1811964687,Dr. Jeffrey Puretz,PE,universe,pair_162,Tampa,FL,location_resolved,city_state,9234031444,WOMENS CARE FLORIDA LLC,293,58,198,260,74,293,8,0.6758,Women's Care Enterprises,Women's Care Enterprises,,,,,,,,not_independent_supported,"sampled organisation contains clinicians from PE platform ""Women's Care Enterprises"" on the study roster",,,,,
1811966161,Dr. Jennifer Romero,PE,roster_only,,,FL,affiliation_location_mismatch,,,,,,,,,,,,,Femwell Group Health,,,,,,,,independence_unresolved,affiliation_location_mismatch,,,,,
1811970171,"Jay Fisher, MD",PE,roster_only,,,MI,affiliation_location_mismatch,,,,,,,,,,,,,Unified Women's Healthcare,,,,,,,,independence_unresolved,affiliation_location_mismatch,,,,,
1811979602,Dr. Corliss Newhouse,Non-PE,universe,pair_307,Silver Spring,MD,location_resolved,phone,4880582741,CAPITAL WOMENS CARE LLC,252,47,182,5,64,252,7,0.7222,Advantia Health,Advantia Health,,,,,252,CAPITAL WOMENS CARE LLC,FALSE,not_independent_supported,"sampled organisation contains clinicians from PE platform ""Advantia Health"" on the study roster",,,,,
1811991276,Dr. Joseph Castelli,Non-PE,fielded,pair_277,Bryn Mawr,PA,location_resolved,phone,2961316328,REGIONAL WOMENS HEALTH GROUP LLC,334,85,227,2,110,334,8,0.6796,Axia Women's Health,Axia Women's Health,,2961316328|4082679519,298,REGIONAL WOMENS HEALTH GROUP LLC|WOMENS HEALTH CARE GROUP OF PENNSYLVANIA LLC,334,REGIONAL WOMENS HEALTH GROUP LLC,FALSE,not_independent_supported,"sampled organisation contains clinicians from PE platform ""Axia Women's Health"" on the study roster",,,,,
1811997216,"John Knapp, MD",PE,roster_only,,,MI,affiliation_location_mismatch,,,,,,,,,,,,,Together Women's Health,,,,,,,,independence_unresolved,affiliation_location_mismatch,,,,,
1821003724,Dr. Amanda Yancy,Non-PE,universe,pair_166,Farmington Hills,MI,location_resolved,phone,8921289760,VHS PHYSICIANS OF MICHIGAN,215,43,15,2,67,215,29,0.0698,,,,,,,215,VHS PHYSICIANS OF MICHIGAN,FALSE,independence_unresolved,"large organisation, name uninformative; needs external adjudication",,,,,
1821022989,Dr. Jason Frost,PE,universe,pair_19,Miami,FL,location_resolved,city_state,8921091786,VITALMD GROUP HOLDING LLC,430,152,283,375,117,430,22,0.6581,Femwell Group Health,Femwell Group Health,,,,,,,,not_independent_supported,"sampled organisation contains clinicians from PE platform ""Femwell Group Health"" on the study roster",,,,,
1821023334,Dr. Philip Colaizzo,PE,universe,pair_21,Jupiter,FL,no_dac_affiliation,,,,,,,,,,,,,,,,,,,,,independence_unresolved,no_dac_affiliation,,,,,
1821023763,Dr. Ron Shemesh,Non-PE,universe,pair_182,Tampa,FL,no_organisation_on_sampled_row,phone,,,,,,,,,,,,,,,,,NA,,NA,independence_unresolved,no_organisation_on_sampled_row,,,,,
1821032897,"Shona Murray, M.D.",PE,roster_only,,,CO,no_dac_affiliation,,,,,,,,,,,,,,,,,,,,,independence_unresolved,no_dac_affiliation,,,,,
1821055963,Dr. Alexander Lurie,PE,universe,pair_361,Miami,FL,location_resolved,city_state,8921091786,VITALMD GROUP HOLDING LLC,430,152,283,375,117,430,22,0.6581,Femwell Group Health,Femwell Group Health,,,,,,,,not_independent_supported,"sampled organisation contains clinicians from PE platform ""Femwell Group Health"" on the study roster",,,,,
1821062456,"Stephen Sawin, MD, FACOG",PE,roster_only,,,NJ,no_dac_affiliation,,,,,,,,,,,,,,,,,,,,,independence_unresolved,no_dac_affiliation,,,,,
1821067539,Dr. Amy Cadieux,Non-PE,fielded+universe,pair_280,Phoenixville,PA,location_resolved,phone,2961316328,REGIONAL WOMENS HEALTH GROUP LLC,334,85,227,16,110,334,8,0.6796,Axia Women's Health,Axia Women's Health,Hospital,2961316328|4082679519,298,REGIONAL WOMENS HEALTH GROUP LLC|WOMENS HEALTH CARE GROUP OF PENNSYLVANIA LLC,334,REGIONAL WOMENS HEALTH GROUP LLC,FALSE,not_independent_supported,"sampled organisation contains clinicians from PE platform ""Axia Women's Health"" on the study roster",,,,,
1821072745,"Joseph Milio, DO",PE,roster_only,,,NJ,affiliation_location_mismatch,,,,,,,,,,,,,Axia Women's Health,,,,,,,,independence_unresolved,affiliation_location_mismatch,,,,,
1821106527,Dr. Rene Paez,PE,roster_only,,,FL,affiliation_location_mismatch,,,,,,,,,,,,,Femwell Group Health,,,,,,,,independence_unresolved,affiliation_location_mismatch,,,,,
1821145954,"Robin Fogle, MD",PE,roster_only,,,GA,no_dac_affiliation,,,,,,,,,,,,,,,,,,,,,independence_unresolved,no_dac_affiliation,,,,,
1821153933,"Kathryn Calhoun, MD",PE,roster_only,,,GA,no_dac_affiliation,,,,,,,,,,,,,,,,,,,,,independence_unresolved,no_dac_affiliation,,,,,
1821196965,Dr. John P. Farricy,PE,universe,pair_419,Worcester,MA,location_resolved,phone,3274430665,"PHYSICIANS FOR WOMEN'S HEALTH, LLC",278,45,201,20,78,278,7,0.723,Unified Women's Healthcare,Unified Women's Healthcare,,,,,,,,not_independent_supported,"sampled organisation contains clinicians from PE platform ""Unified Women's Healthcare"" on the study roster",,,,,
1821217191,"Lauren Weissmann, MD, MSCE",PE,roster_only,,,NJ,no_dac_affiliation,,,,,,,,,,,,,,,,,,,,,independence_unresolved,no_dac_affiliation,,,,,
1821228008,Dr. Christina Caito,Non-PE,fielded+universe,pair_87,Orlando,FL,location_resolved,phone,5395807218,FLORIDA WOMAN CARE LLC,510,87,337,5,214,510,8,0.6608,Women's Care Enterprises,Women's Care Enterprises,,7618870296,71,NORTH BREVARD MEDICAL SUPPORT INC,510,FLORIDA WOMAN CARE LLC,FALSE,not_independent_supported,"sampled organisation contains clinicians from PE platform ""Women's Care Enterprises"" on the study roster",,,,,
1821230269,Megan Link,PE,roster_only,,,UT,no_dac_affiliation,,,,,,,,,,,,,,,,,,,,,independence_unresolved,no_dac_affiliation,,,,,
1821288465,Dr. Kelly Montiville,PE,fielded+universe,pair_397,Georgetown,TX,location_resolved,phone,4385944230,UNIFIED WOMENS HEALTHCARE OF TEXAS PLLC,154,18,121,5,57,154,5,0.7857,Unified Women's Healthcare,Unified Women's Healthcare,Hospital,1951465384|2769487115|4385944230|6204065295,254,GEORGETOWN OB GYN LLP|LITTLE RIVER HEALTHCARE CENTRAL TEXAS LLC|ROCKDALE BLACKHAWK LLC|UNIFIED WOMEN,,,,not_independent_supported,"sampled organisation contains clinicians from PE platform ""Unified Women's Healthcare"" on the study roster",,,,,
1821318932,Dr. Cara Simmonds,PE,universe,pair_311,Damascus,MD,location_resolved,phone,7012985492,SIMMONDS MARTIN AND HELMBRECHT LLC,17,2,10,13,5,17,,,Advantia Health,Advantia Health,,,,,,,,not_independent_supported,"sampled organisation contains clinicians from PE platform ""Advantia Health"" on the study roster",,,,,
1821357641,"Amy Rosenbaum, DO, FACOOG",PE,roster_only,,,NV,affiliation_location_mismatch,,,,,,,,,,,,,Unified Women's Healthcare,,,,,,,,independence_unresolved,affiliation_location_mismatch,,,,,
1821383555,Dr. Michelle Pacis,Non-PE,universe,pair_292,Newark,DE,location_resolved,phone,9739097569,CHRISTIANA CARE HEALTH SERVICES INC,1222,158,45,2,118,1222,58,0.0368,,,,,,,1222,CHRISTIANA CARE HEALTH SERVICES INC,FALSE,not_independent_supported,organisation name carries a hospital/system/academic/government token,,,,,
1821408287,Dr. Jinny Gunn,PE,fielded+universe,pair_229,Tampa,FL,location_resolved,city_state,9234031444,WOMENS CARE FLORIDA LLC,293,58,198,260,74,293,8,0.6758,Women's Care Enterprises,Women's Care Enterprises,Hospital,,,,,,,not_independent_supported,"sampled organisation contains clinicians from PE platform ""Women's Care Enterprises"" on the study roster",,,,,
1821437260,"Ashley Christ, DO, FACOG",PE,roster_only,,,GA,affiliation_location_mismatch,,,,,,,,,,,,,Nova Women's Health Partners,,,,,,,,independence_unresolved,affiliation_location_mismatch,,,,,
1821450990,Dr. Jenny Akpe,Non-PE,universe,pair_454,Hoboken,NJ,location_resolved,phone,9133032519,HACKENSACK MERIDIAN HEALTH MEDICAL GROUP - SPECIALTY CARE PC,1117,248,93,1,85,1117,54,0.0833,,,,,,,1117,HACKENSACK MERIDIAN HEALTH MEDICAL GROUP - SPECIALTY CARE PC,FALSE,not_independent_supported,organisation name carries a hospital/system/academic/government token,,,,,
1821481011,Dr. Sean Tarride,PE,universe,pair_164,Orlando,FL,location_resolved,city_state,9234031444,WOMENS CARE FLORIDA LLC,293,58,198,9,74,293,8,0.6758,Women's Care Enterprises,Women's Care Enterprises,,,,,,,,not_independent_supported,"sampled organisation contains clinicians from PE platform ""Women's Care Enterprises"" on the study roster",,,,,
1821669813,Pavan K. Gill,PE,roster_only,,,NJ,no_dac_affiliation,,,,,,,,,,,,,,,,,,,,,independence_unresolved,no_dac_affiliation,,,,,
1821677097,"Sidra Haque, DO",PE,roster_only,,,NJ,no_dac_affiliation,,,,,,,,,,,,,,,,,,,,,independence_unresolved,no_dac_affiliation,,,,,
1831124270,Dr. Diane Mccracken,PE,fielded,pair_338,Newark,DE,location_resolved,city_state,1456332170,LIFELINE MEDICAL ASSOCIATES LLC,156,42,115,7,40,156,5,0.7372,Unified Women's Healthcare,Unified Women's Healthcare,Hospital,3870406580,15,ALL ABOUT WOMEN,,,,not_independent_supported,"sampled organisation contains clinicians from PE platform ""Unified Women's Healthcare"" on the study roster",,,,,
1831129584,Dr. Leonardo Blachar,PE,fielded+universe,pair_8,Miami,FL,location_resolved,city_state,8921091786,VITALMD GROUP HOLDING LLC,430,152,283,375,117,430,22,0.6581,Femwell Group Health,Femwell Group Health,Hospital,8921091786,466,VITALMD GROUP HOLDING LLC,,,,not_independent_supported,"sampled organisation contains clinicians from PE platform ""Femwell Group Health"" on the study roster",,,,,
1831191568,Dr. Rachel Bernstein,Non-PE,universe,pair_393,Miami,FL,location_resolved,phone,8921091786,VITALMD GROUP HOLDING LLC,430,152,283,375,117,430,22,0.6581,Femwell Group Health,Femwell Group Health,,,,,430,VITALMD GROUP HOLDING LLC,FALSE,not_independent_supported,"sampled organisation contains clinicians from PE platform ""Femwell Group Health"" on the study roster",,,,,
1831193705,Dr. Michael Bartfield,Non-PE,universe,pair_149,Orlando,FL,location_resolved,phone,5395807218,FLORIDA WOMAN CARE LLC,510,87,337,2,214,510,8,0.6608,Women's Care Enterprises,Women's Care Enterprises,,,,,510,FLORIDA WOMAN CARE LLC,FALSE,not_independent_supported,"sampled organisation contains clinicians from PE platform ""Women's Care Enterprises"" on the study roster",,,,,
1831275494,"Jeanine Morris-Rush, MD",PE,roster_only,,,NY,affiliation_location_mismatch,,,,,,,,,,,,,Unified Women's Healthcare,,,,,,,,independence_unresolved,affiliation_location_mismatch,,,,,
1831280452,Dr. Josie Stone,PE,fielded,pair_405,Boca Raton,FL,no_dac_affiliation,,,,,,,,,,,,,,,,,,,,,independence_unresolved,no_dac_affiliation,,,,,
1831415231,Dr. James Miller,PE,fielded+universe,pair_323,Willow Grove,PA,affiliation_location_mismatch,,,,,,,,,,,,,Axia Women's Health,Hospital,2264691070|3274437736,2389,ABINGTON MEMORIAL HOSPITAL|ICAHN SCHOOL OF MEDICINE AT MOUNT SINAI,,,,independence_unresolved,affiliation_location_mismatch,,,,,
1831455682,Dr. Anesha Maxwell,Non-PE,universe,pair_210,Jacksonville,FL,location_resolved,phone,2860411188,ST VINCENT'S AMBULATORY CARE INC,278,34,6,12,87,278,,,,,,,,,278,ST VINCENT'S AMBULATORY CARE INC,FALSE,not_independent_supported,organisation name carries a hospital/system/academic/government token,,,,,
1831464932,Dr. Sara Farag,Non-PE,universe,pair_337,New Hyde Park,NY,location_resolved,phone,5890894331,"HERA SAMBAZIOTIS MD MPH AND MARTINA FRANDINA MD, OBSTETRICS AND GYNECO",5,2,5,5,1,5,,,,,,,,,5,"HERA SAMBAZIOTIS MD MPH AND MARTINA FRANDINA MD, OBSTETRICS ",TRUE,independence_unresolved,no affirmative evidence either way,,,,,
1831481191,"Linda Barakat, MD",PE,roster_only,,,NJ,affiliation_location_mismatch,,,,,,,,,,,,,Axia Women's Health,,,,,,,,independence_unresolved,affiliation_location_mismatch,,,,,
1831501055,Dr. Navpreet Chattha,PE,fielded+universe,pair_380,Newport Beach,CA,no_dac_affiliation,,,,,,,,,,,,,,,,,,,,,independence_unresolved,no_dac_affiliation,,,,,
1831506492,Dr. Melissa Lee-Agawa,Non-PE,universe,pair_238,Willow Grove,PA,location_resolved,phone,0042109902,HR PHYSICIAN SERVICES,140,29,26,5,31,140,21,0.1857,,,,,,,140,HR PHYSICIAN SERVICES,FALSE,independence_unresolved,"large organisation, name uninformative; needs external adjudication",,,,,
1831565266,Dr. Claudia Sierra,PE,universe,pair_30,Miami,FL,no_dac_affiliation,,,,,,,,,,,,,,,,,,,,,independence_unresolved,no_dac_affiliation,,,,,
1831568971,"Sydney Chang, MD",PE,roster_only,,,TX,no_dac_affiliation,,,,,,,,,,,,,,,,,,,,,independence_unresolved,no_dac_affiliation,,,,,
1831571819,Dr. Daniel Martinez Guzman,Non-PE,universe,pair_362,Hialeah,FL,location_resolved,phone,5395807218,FLORIDA WOMAN CARE LLC,510,87,337,5,214,510,8,0.6608,Women's Care Enterprises,Women's Care Enterprises,,,,,510,FLORIDA WOMAN CARE LLC,FALSE,not_independent_supported,"sampled organisation contains clinicians from PE platform ""Women's Care Enterprises"" on the study roster",,,,,
1831579465,"Elizabeth Giangreco, MD, FACOG",PE,roster_only,,,FL,affiliation_location_mismatch,,,,,,,,,,,,,Women's Care Enterprises,,,,,,,,independence_unresolved,affiliation_location_mismatch,,,,,
1831686187,Dr. Stephanie Luu,Non-PE,universe,pair_436,Danbury,CT,location_resolved,phone,3274430665,"PHYSICIANS FOR WOMEN'S HEALTH, LLC",278,45,201,176,78,278,7,0.723,Unified Women's Healthcare,Unified Women's Healthcare,,,,,278,"PHYSICIANS FOR WOMEN'S HEALTH, LLC",FALSE,not_independent_supported,"sampled organisation contains clinicians from PE platform ""Unified Women's Healthcare"" on the study roster",,,,,
1831696277,Dr. Molly Amero,PE,fielded+universe,pair_491,Hammonton,NJ,location_resolved,city_state,2961316328,REGIONAL WOMENS HEALTH GROUP LLC,334,85,227,4,110,334,8,0.6796,Axia Women's Health,Axia Women's Health,,,,,,,,not_independent_supported,"sampled organisation contains clinicians from PE platform ""Axia Women's Health"" on the study roster",,,,,
1841210812,Dr. Nidia Iglesias,Non-PE,universe,pair_48,Miami Beach,FL,location_resolved,phone,9436336120,PHYSICIAN PRACTICES OF MSMC LLC,130,15,9,11,33,130,,,,,,,,,130,PHYSICIAN PRACTICES OF MSMC LLC,FALSE,independence_unresolved,"large organisation, name uninformative; needs external adjudication",,,,,
1841213303,Dr. Tracy Burton,PE,roster_only,,,FL,affiliation_location_mismatch,,,,,,,,,,,,,Femwell Group Health,,,,,,,,independence_unresolved,affiliation_location_mismatch,,,,,
1841239696,Dr. Jennifer Graf,PE,universe,pair_446,Kearny,NJ,location_resolved,phone,2961316328,REGIONAL WOMENS HEALTH GROUP LLC,334,85,227,20,110,334,8,0.6796,Axia Women's Health,Axia Women's Health,,,,,,,,not_independent_supported,"sampled organisation contains clinicians from PE platform ""Axia Women's Health"" on the study roster",,,,,
1841247533,Dr. Nicholas Abrudescu,PE,universe,pair_178,Orlando,FL,location_resolved,phone,9234031444,WOMENS CARE FLORIDA LLC,293,58,198,5,74,293,8,0.6758,Women's Care Enterprises,Women's Care Enterprises,,,,,,,,not_independent_supported,"sampled organisation contains clinicians from PE platform ""Women's Care Enterprises"" on the study roster",,,,,
1841260445,Dr. Joseph L. Esposito,PE,roster_only,,,FL,affiliation_location_mismatch,,,,,,,,,,,,,Femwell Group Health,,,,,,,,independence_unresolved,affiliation_location_mismatch,,,,,
1841269172,Dr. Stephen Brown,Non-PE,universe,pair_243,Syracuse,NY,location_resolved,phone,8426189622,CROUSE MEDICAL PRACTICE PLLC,142,19,1,83,14,142,,,,,,,,,142,"CNY OBSTETRICS AND GYNECOLOGY, PC | CROUSE MEDICAL PRACTICE ",FALSE,independence_unresolved,"large organisation, name uninformative; needs external adjudication",,,,,
1841272325,"Susan Waters, M.D.",PE,roster_only,,,FL,no_dac_affiliation,,,,,,,,,,,,,,,,,,,,,independence_unresolved,no_dac_affiliation,,,,,
1841273521,"Jonathan W. Sommerville, MD, FACOG",PE,roster_only,,,MD,affiliation_location_mismatch,,,,,,,,,,,,,Advantia Health,,,,,,,,independence_unresolved,affiliation_location_mismatch,,,,,
1841288511,Dr. Lauren Feingold,PE,roster_only,,,FL,affiliation_location_mismatch,,,,,,,,,,,,,Femwell Group Health,,,,,,,,independence_unresolved,affiliation_location_mismatch,,,,,
1841289857,"Michelle Jacoby, MD, FACOG",PE,roster_only,,,NJ,affiliation_location_mismatch,,,,,,,,,,,,,Axia Women's Health,,,,,,,,independence_unresolved,affiliation_location_mismatch,,,,,
1841324514,Dr. Freddy Montero,Non-PE,fielded,pair_413,Miami,FL,location_resolved,phone,4486634417,PEDIATRIX MEDICAL GROUP OF FLORIDA INC,58,15,31,1,49,58,8,0.5345,,,,8224936851,69,UNIVERSITY OF MIAMI OBSTETRICS & GYNECOLOGY,58,PEDIATRIX MEDICAL GROUP OF FLORIDA INC,FALSE,independence_unresolved,no affirmative evidence either way,,,,,
1841369261,"Jeffrey Levine, MD, FACOG",PE,roster_only,,,NJ,affiliation_location_mismatch,,,,,,,,,,,,,Axia Women's Health,,,,,,,,independence_unresolved,affiliation_location_mismatch,,,,,
1841407301,Dr. Matthew Goodwin,PE,universe,pair_407,Boca Raton,FL,location_resolved,phone,8921009499,DERMATOLOGY OF BOCA LLC,4,0,0,4,1,4,,,Femwell Group Health,Femwell Group Health,,,,,,,,not_independent_supported,"sampled organisation contains clinicians from PE platform ""Femwell Group Health"" on the study roster",,,,,
1841601796,Dr. Amanda Munoz,Non-PE,universe,pair_230,Bloomingdale,IL,location_resolved,phone,5496667941,DUPAGE MEDICAL GROUP LTD,1196,264,54,7,118,1196,53,0.0452,,,,,,,1196,DUPAGE MEDICAL GROUP LTD,FALSE,independence_unresolved,"large organisation, name uninformative; needs external adjudication",,,,,
1841635851,Dr. Brittney Schumann,PE,fielded+universe,pair_396,New Braunfels,TX,location_resolved,city_state,4385944230,UNIFIED WOMENS HEALTHCARE OF TEXAS PLLC,154,18,121,4,57,154,5,0.7857,Unified Women's Healthcare,Unified Women's Healthcare,Hospital,4385944230,145,UNIFIED WOMENS HEALTHCARE OF TEXAS PLLC,,,,not_independent_supported,"sampled organisation contains clinicians from PE platform ""Unified Women's Healthcare"" on the study roster",,,,,
1841648284,Dr. Katlin Yasher,PE,roster_only,,,FL,no_dac_affiliation,,,,,,,,,,,,,,,,,,,,,independence_unresolved,no_dac_affiliation,,,,,
1841721941,Dr. Lisa Brown,Non-PE,universe,pair_254,Malvern,PA,location_resolved,phone,2961316328,REGIONAL WOMENS HEALTH GROUP LLC,334,85,227,7,110,334,8,0.6796,Axia Women's Health,Axia Women's Health,,,,,334,REGIONAL WOMENS HEALTH GROUP LLC,FALSE,not_independent_supported,"sampled organisation contains clinicians from PE platform ""Axia Women's Health"" on the study roster",,,,,
1851342976,"Philip Lesorgen, MD",PE,roster_only,,,NJ,no_dac_affiliation,,,,,,,,,,,,,,,,,,,,,independence_unresolved,no_dac_affiliation,,,,,
1851354534,Dr. Linda Matonis,Non-PE,fielded,pair_485,New Britain,CT,location_resolved,phone,7517863749,"STARLING PHYSICIANS, PLLC",205,35,16,12,27,205,35,0.078,,,Hospital,5698660876|6507776564,323,"NAUGATUCK VALLEY WOMEN'S HEALTH SPECIALISTS, PC|THE HOSPITAL OF CENTRAL CONNECTICUT AT NEW BRITAIN G",205,"STARLING PHYSICIANS, PLLC",FALSE,independence_unresolved,"large organisation, name uninformative; needs external adjudication",,,,,
1851360945,Dr. Susanne Archer,Non-PE,fielded+universe,pair_126,Livonia,MI,location_resolved,phone,2466351440,IHA HEALTH SERVICES CORPORATION,898,143,60,32,146,898,45,0.0668,,,Hospital,2466351440,729,IHA HEALTH SERVICES CORPORATION,898,IHA HEALTH SERVICES CORPORATION,FALSE,not_independent_supported,organisation name carries a hospital/system/academic/government token,,,,,
1851387898,"Anjana Patel, MD",PE,roster_only,,,FL,affiliation_location_mismatch,,,,,,,,,,,,,Women's Care Enterprises,,,,,,,,independence_unresolved,affiliation_location_mismatch,,,,,
1851399224,Dr. Julio Somoano,Non-PE,universe,pair_83,Miami,FL,location_resolved,phone,5395807218,FLORIDA WOMAN CARE LLC,510,87,337,14,214,510,8,0.6608,Women's Care Enterprises,Women's Care Enterprises,,,,,510,FLORIDA WOMAN CARE LLC,FALSE,not_independent_supported,"sampled organisation contains clinicians from PE platform ""Women's Care Enterprises"" on the study roster",,,,,
1851399919,"Paul Hakim, MD",PE,roster_only,,,MI,affiliation_location_mismatch,,,,,,,,,,,,,Unified Women's Healthcare,,,,,,,,independence_unresolved,affiliation_location_mismatch,,,,,
1851407431,Dr. Winston Bliss,Non-PE,universe,pair_88,Plantation,FL,location_resolved,phone,9436258761,SUNLIFE OB-GYN SERVICES OF FT LAUDERDALE PA,3,2,2,3,2,3,,,,,,,,,3,SUNLIFE OB-GYN SERVICES OF FT LAUDERDALE PA,TRUE,independence_unresolved,no affirmative evidence either way,,,,,
1851441208,Thomas J. Kim,PE,roster_only,,,CA,no_dac_affiliation,,,,,,,,,,,,,,,,,,,,,independence_unresolved,no_dac_affiliation,,,,,
1851486765,"Patricia Hughes, MD",PE,roster_only,,,NJ,no_dac_affiliation,,,,,,,,,,,,,,,,,,,,,independence_unresolved,no_dac_affiliation,,,,,
1851521587,Dr. Luu Ireland,Non-PE,universe,pair_426,Worcester,MA,location_resolved,phone,4284539891,UMASS MEMORIAL MEDICAL GROUP INC,1871,348,48,1487,87,1871,61,0.0257,Unified Women's Healthcare,Unified Women's Healthcare,,,,,1871,UMASS MEMORIAL MEDICAL GROUP INC,FALSE,not_independent_supported,"sampled organisation contains clinicians from PE platform ""Unified Women's Healthcare"" on the study roster",,,,,
1851572747,Dr. Jessenia Magua,PE,roster_only,,,FL,affiliation_location_mismatch,,,,,,,,,,,,,Femwell Group Health,,,,,,,,independence_unresolved,affiliation_location_mismatch,,,,,
1851586770,Dr. Karolina Borodo,Non-PE,fielded+universe,pair_229,Tampa,FL,location_resolved,phone,2163310236,WOMANS GROUP,23,1,22,8,4,23,2,0.9565,,,,2163310236,24,WOMANS GROUP,23,WOMANS GROUP,FALSE,independent_supported,"single-specialty OB/GYN organisation, no system token, no PE-roster member",,,,,
1851602601,Dr. Tara Hood,Non-PE,universe,pair_263,Kennett Square,PA,location_resolved,phone,9739097569,CHRISTIANA CARE HEALTH SERVICES INC,1222,158,45,7,118,1222,58,0.0368,,,,,,,1222,CHRISTIANA CARE HEALTH SERVICES INC,FALSE,not_independent_supported,organisation name carries a hospital/system/academic/government token,,,,,
1851612477,Dr. Robert Sherman,PE,fielded+universe,pair_130,Palm Harbor,FL,no_dac_affiliation,,,,,,,,,,,,,,,,,,,,,independence_unresolved,no_dac_affiliation,,,,,
1851647887,Dr. Marianne Peck,Non-PE,fielded+universe,pair_399,Shenandoah,TX,location_resolved,phone,4486711744,TMH PHYSICIAN ASSOCIATES PLLC,1561,216,56,49,184,1561,51,0.0359,,,Hospital,3971739616|6800056177|7012008360|7719875491,384,"MEDCENTER GYN SERVICES PLLC|MEMORIAL HERMANN MEDICAL GROUP|SPECIALTY ASSOCIATES OF WEST HOUSTON, PLL",1561,TMH PHYSICIAN ASSOCIATES PLLC,FALSE,independence_unresolved,"large organisation, name uninformative; needs external adjudication",,,,,
1851685713,Dr. John Lydon,PE,universe,pair_157,Fleming Island,FL,location_resolved,phone,9234031444,WOMENS CARE FLORIDA LLC,293,58,198,11,74,293,8,0.6758,Women's Care Enterprises,Women's Care Enterprises,,,,,,,,not_independent_supported,"sampled organisation contains clinicians from PE platform ""Women's Care Enterprises"" on the study roster",,,,,
1851719124,Dr. Kristine Tibavisky,PE,roster_only,,,FL,affiliation_location_mismatch,,,,,,,,,,,,,Femwell Group Health,,,,,,,,independence_unresolved,affiliation_location_mismatch,,,,,
1851731947,Dr. Nadina Tackore,Non-PE,universe,pair_99,Boca Raton,FL,location_resolved,phone,5395807218,FLORIDA WOMAN CARE LLC,510,87,337,15,214,510,8,0.6608,Women's Care Enterprises,Women's Care Enterprises,,,,,510,FLORIDA WOMAN CARE LLC,FALSE,not_independent_supported,"sampled organisation contains clinicians from PE platform ""Women's Care Enterprises"" on the study roster",,,,,
1851734677,Dr. Kayla Nebelsick,Non-PE,universe,pair_198,Jacksonville,FL,location_resolved,phone,4486634417,PEDIATRIX MEDICAL GROUP OF FLORIDA INC,58,15,31,6,49,58,8,0.5345,,,,,,,58,PEDIATRIX MEDICAL GROUP OF FLORIDA INC,FALSE,independence_unresolved,no affirmative evidence either way,,,,,
1851851026,Dr. Olga Colon-Mercado,PE,universe,pair_195,Plant City,FL,location_resolved,city_state,9234031444,WOMENS CARE FLORIDA LLC,293,58,198,11,74,293,8,0.6758,Women's Care Enterprises,Women's Care Enterprises,,,,,,,,not_independent_supported,"sampled organisation contains clinicians from PE platform ""Women's Care Enterprises"" on the study roster",,,,,
1851851729,Blake Vessa,PE,roster_only,,,NJ,no_dac_affiliation,,,,,,,,,,,,,,,,,,,,,independence_unresolved,no_dac_affiliation,,,,,
1851880652,Dr. Shelley Dolitsky,PE,fielded,pair_176,Columbia,MD,no_dac_affiliation,,,,,,,,,,,,,,,,,,,,,independence_unresolved,no_dac_affiliation,,,,,
1851913818,"Colleen Stobinski, MD, JFACOG",PE,roster_only,,,IL,no_dac_affiliation,,,,,,,,,,,,,,,,,,,,,independence_unresolved,no_dac_affiliation,,,,,
1851956353,Dr. Nancy Singh,PE,fielded+universe,pair_348,Chicago,IL,location_resolved,city_state,9537050422,ERIE FAMILY HEALTH CENTER INC,123,5,17,72,10,123,14,0.1382,Nova Women's Health Partners,Nova Women's Health Partners,,,,,,,,not_independent_supported,"sampled organisation contains clinicians from PE platform ""Nova Women's Health Partners"" on the study roster",,,,,
1861407652,"Orestes A. Alvarez-Jacinto, MD, FACOG",PE,roster_only,,,FL,affiliation_location_mismatch,,,,,,,,,,,,,Women's Care Enterprises,,,,,,,,independence_unresolved,affiliation_location_mismatch,,,,,
1861421794,Dr. Brooke Slaton,Non-PE,universe,pair_51,Miami,FL,location_resolved,phone,8921091786,VITALMD GROUP HOLDING LLC,430,152,283,375,117,430,22,0.6581,Femwell Group Health,Femwell Group Health,,,,,430,VITALMD GROUP HOLDING LLC,FALSE,not_independent_supported,"sampled organisation contains clinicians from PE platform ""Femwell Group Health"" on the study roster",,,,,
1861476202,"Lydia Slavish, MD, FACOG",PE,roster_only,,,NJ,affiliation_location_mismatch,,,,,,,,,,,,,Axia Women's Health,,,,,,,,independence_unresolved,affiliation_location_mismatch,,,,,
1861629461,Dr. Claudio Diaz-Socarras,PE,roster_only,,,FL,no_dac_affiliation,,,,,,,,,,,,,,,,,,,,,independence_unresolved,no_dac_affiliation,,,,,
1861630451,Maria F. Costantini-Ferrando,PE,roster_only,,,NJ,no_dac_affiliation,,,,,,,,,,,,,,,,,,,,,independence_unresolved,no_dac_affiliation,,,,,
1861643405,Dr. Tiffany Patrick,PE,universe,pair_181,Wesley Chapel,FL,location_resolved,city_state,9234031444,WOMENS CARE FLORIDA LLC,293,58,198,7,74,293,8,0.6758,Women's Care Enterprises,Women's Care Enterprises,,,,,,,,not_independent_supported,"sampled organisation contains clinicians from PE platform ""Women's Care Enterprises"" on the study roster",,,,,
1861651176,Dr. Sara Rinala,Non-PE,fielded+universe,pair_312,Cincinnati,OH,location_resolved,phone,1850570458,TRIHEALTH H LLC,672,119,95,9,71,672,49,0.1414,,,Hospital,2062453392,8,FOR WOMEN INC,672,TRIHEALTH H LLC,FALSE,not_independent_supported,organisation name carries a hospital/system/academic/government token,,,,,
1861659708,Dr. Alexandria Reyes,Non-PE,fielded,pair_252,Tampa,FL,no_organisation_on_sampled_row,phone,,,,,,,,,,,,,,1850674870|9234031444,446,"WOMENS CARE FLORIDA LLC|WOMENS' HEALTH HOSPITALISTS, LLC",NA,,NA,independence_unresolved,no_organisation_on_sampled_row,,,,,
1861695843,Dr. Sara Fernandez,PE,roster_only,,,FL,no_dac_affiliation,,,,,,,,,,,,,,,,,,,,,independence_unresolved,no_dac_affiliation,,,,,
1861719981,"Angela Gonzalez, MD",PE,roster_only,,,FL,affiliation_location_mismatch,,,,,,,,,,,,,Women's Care Enterprises,,,,,,,,independence_unresolved,affiliation_location_mismatch,,,,,
1861741019,"Vimala Nuthakki, MD",PE,roster_only,,,NJ,no_dac_affiliation,,,,,,,,,,,,,,,,,,,,,independence_unresolved,no_dac_affiliation,,,,,
1861792913,Dr. Kathyrn Santoro,Non-PE,universe,pair_280,Birmingham,AL,location_resolved,phone,3173774742,WOMEN'S HEALTH SPECIALISTS OF BIRMINGHAM INC,11,0,7,9,3,11,,,,,,,,,11,WOMEN'S HEALTH SPECIALISTS OF BIRMINGHAM INC,FALSE,independence_unresolved,no affirmative evidence either way,,,,,
1861849572,Dr. Caroline Mignacca,Non-PE,universe,pair_25,Miami,FL,location_resolved,phone,8921091786,VITALMD GROUP HOLDING LLC,430,152,283,375,117,430,22,0.6581,Femwell Group Health,Femwell Group Health,,,,,430,VITALMD GROUP HOLDING LLC,FALSE,not_independent_supported,"sampled organisation contains clinicians from PE platform ""Femwell Group Health"" on the study roster",,,,,
1871083238,"Victoria Wesevich, MD",PE,roster_only,,,IL,no_dac_affiliation,,,,,,,,,,,,,,,,,,,,,independence_unresolved,no_dac_affiliation,,,,,
1871084970,Dr. Karan Arora,PE,fielded+universe,pair_143,Miami,FL,location_resolved,phone,8921091786,VITALMD GROUP HOLDING LLC,430,152,283,5,117,430,22,0.6581,Femwell Group Health,Femwell Group Health,Hospital,,,,,,,not_independent_supported,"sampled organisation contains clinicians from PE platform ""Femwell Group Health"" on the study roster",,,,,
1871097113,Dr. Yasmin Korayem,Non-PE,universe,pair_344,Philadelphia,PA,location_resolved,phone,0345588711,TEMPLE FACULTY PRACTICE PLAN INC,1064,206,35,798,39,1064,55,0.0329,Axia Women's Health,Axia Women's Health,,,,,1064,TEMPLE FACULTY PRACTICE PLAN INC,FALSE,not_independent_supported,"sampled organisation contains clinicians from PE platform ""Axia Women's Health"" on the study roster",,,,,
1871116129,Dr. Denese Brown,PE,universe,pair_220,Bethlehem,PA,no_dac_affiliation,,,,,,,,,,,,,,,,,,,,,independence_unresolved,no_dac_affiliation,,,,,
1871172239,"Aubrey Jaeger, MD",PE,roster_only,,,MO,no_dac_affiliation,,,,,,,,,,,,,,,,,,,,,independence_unresolved,no_dac_affiliation,,,,,
1871511659,"Rinku Mehta, MD",PE,roster_only,,,TX,no_dac_affiliation,,,,,,,,,,,,,,,,,,,,,independence_unresolved,no_dac_affiliation,,,,,
1871519405,"Safrir Neuwirth, MD, FACOG",PE,roster_only,,,NJ,affiliation_location_mismatch,,,,,,,,,,,,,Axia Women's Health,,,,,,,,independence_unresolved,affiliation_location_mismatch,,,,,
1871563452,Dr. Frederick Silfen,Non-PE,universe,pair_400,Boca Raton,FL,location_resolved,phone,5395807218,FLORIDA WOMAN CARE LLC,510,87,337,2,214,510,8,0.6608,Women's Care Enterprises,Women's Care Enterprises,,,,,510,FLORIDA WOMAN CARE LLC,FALSE,not_independent_supported,"sampled organisation contains clinicians from PE platform ""Women's Care Enterprises"" on the study roster",,,,,
1871574590,"John Sherman, MD, FACOG",PE,roster_only,,,TX,affiliation_location_mismatch,,,,,,,,,,,,,Unified Women's Healthcare,,,,,,,,independence_unresolved,affiliation_location_mismatch,,,,,
1871581447,Dr. Lisa Perez-Grossman,PE,universe,pair_100,Miami,FL,no_dac_affiliation,,,,,,,,,,,,,,,,,,,,,independence_unresolved,no_dac_affiliation,,,,,
1871582932,Dr. Suzette Rodriguez,PE,roster_only,,,FL,affiliation_location_mismatch,,,,,,,,,,,,,Femwell Group Health,,,,,,,,independence_unresolved,affiliation_location_mismatch,,,,,
1871588707,"Joseph E. Osheroff, M.D.",PE,roster_only,,,MD,no_dac_affiliation,,,,,,,,,,,,,,,,,,,,,independence_unresolved,no_dac_affiliation,,,,,
1871595132,Dr. Pamela Martinez,PE,universe,pair_206,Lutz,FL,no_dac_affiliation,,,,,,,,,,,,,,,,,,,,,independence_unresolved,no_dac_affiliation,,,,,
1871632364,Dr. Amber Cooper,PE,roster_only,,,MO,no_dac_affiliation,,,,,,,,,,,,,,,,,,,,,independence_unresolved,no_dac_affiliation,,,,,
1871650929,"Joseph Doyle, M.D.",PE,roster_only,,,MD,no_dac_affiliation,,,,,,,,,,,,,,,,,,,,,independence_unresolved,no_dac_affiliation,,,,,
1871721225,"Alana L. McGee, MD, FACOG",PE,roster_only,,,FL,affiliation_location_mismatch,,,,,,,,,,,,,Women's Care Enterprises,,,,,,,,independence_unresolved,affiliation_location_mismatch,,,,,
1871759258,Dr. Li Xu,Non-PE,fielded,pair_388,Raleigh,NC,location_resolved,phone,2466788377,WAKEMED SPECIALISTS GROUP LLC,690,75,30,64,38,690,42,0.0435,,,Hospital,1153234893,1888,NOVANT MEDICAL GROUP INC,690,WAKEMED SPECIALISTS GROUP LLC,FALSE,not_independent_supported,organisation name carries a hospital/system/academic/government token,,,,,
1871776831,Dr. Justin Weprin,Non-PE,universe,pair_234,Grandview,OH,location_resolved,phone,5597666453,"COLUMBUS OBSTETRICIANS - GYNECOLOGISTS, INC.",22,9,19,3,10,22,,,,,,,,,22,"COLUMBUS OBSTETRICIANS - GYNECOLOGISTS, INC.",FALSE,independence_unresolved,no affirmative evidence either way,,,,,
1871860510,Dr. Shaunte Gray,Non-PE,fielded,pair_182,Los Angeles,CA,location_resolved,phone,6002729175,SOUTHERN CALIFORNIA PERMANENTE MEDICAL GROUP,7694,1102,173,474,193,7694,71,0.0225,CCRM Fertility,CCRM Fertility,,6002729175,12007,SOUTHERN CALIFORNIA PERMANENTE MEDICAL GROUP,7694,SOUTHERN CALIFORNIA PERMANENTE MEDICAL GROUP,FALSE,not_independent_supported,"sampled organisation contains clinicians from PE platform ""CCRM Fertility"" on the study roster",,,,,
1871903096,"Rachel Sprague, M.D.",PE,roster_only,,,FL,no_dac_affiliation,,,,,,,,,,,,,,,,,,,,,independence_unresolved,no_dac_affiliation,,,,,
1871906008,Michael K. Simoni,PE,roster_only,,,FL,no_dac_affiliation,,,,,,,,,,,,,,,,,,,,,independence_unresolved,no_dac_affiliation,,,,,
1871911230,Dr. Jennifer Bowen,Non-PE,universe,pair_151,Safety Harbor,FL,location_resolved,phone,9234031444,WOMENS CARE FLORIDA LLC,293,58,198,12,74,293,8,0.6758,Women's Care Enterprises,Women's Care Enterprises,,,,,293,WOMENS CARE FLORIDA LLC,FALSE,not_independent_supported,"sampled organisation contains clinicians from PE platform ""Women's Care Enterprises"" on the study roster",,,,,
1871942235,"Sally F. Vitez, M.D.",PE,roster_only,,,PA,no_dac_affiliation,,,,,,,,,,,,,,,,,,,,,independence_unresolved,no_dac_affiliation,,,,,
1871989061,"Lucy X. Chen, MD",PE,roster_only,,,VA,no_dac_affiliation,,,,,,,,,,,,,,,,,,,,,independence_unresolved,no_dac_affiliation,,,,,
1871989814,Dr. Rachel Franklyn,Non-PE,universe,pair_60,Miami,FL,location_resolved,phone,0244380434,PUBLIC HEALTH TRUST OF MIAMI DADE COUNTY FLORIDA,340,24,11,111,8,340,25,0.0324,,,,,,,340,PUBLIC HEALTH TRUST OF MIAMI DADE COUNTY FLORIDA,FALSE,not_independent_supported,organisation name carries a hospital/system/academic/government token,,,,,
1881076164,"Kelly Llewelyn, DO",PE,roster_only,,,MI,affiliation_location_mismatch,,,,,,,,,,,,,Unified Women's Healthcare,,,,,,,,independence_unresolved,affiliation_location_mismatch,,,,,
1881655207,Dr. John Bordelon,PE,roster_only,,,FL,affiliation_location_mismatch,,,,,,,,,,,,,Femwell Group Health,,,,,,,,independence_unresolved,affiliation_location_mismatch,,,,,
1881656718,Dr. Elizabeth Walsh,PE,roster_only,,,FL,affiliation_location_mismatch,,,,,,,,,,,,,Women's Care Enterprises,,,,,,,,independence_unresolved,affiliation_location_mismatch,,,,,
1881666907,Dr. Gil Aronson,PE,universe,pair_367,Hollywood,FL,location_resolved,phone,8921091786,VITALMD GROUP HOLDING LLC,430,152,283,1,117,430,22,0.6581,Femwell Group Health,Femwell Group Health,,,,,,,,not_independent_supported,"sampled organisation contains clinicians from PE platform ""Femwell Group Health"" on the study roster",,,,,
1881669356,Dr. Elizabeth Venard,PE,fielded+universe,pair_312,Cincinnati,OH,location_resolved,phone,0749188142,SEVEN HILLS OB-GYN ASSOCIATES LLC,110,28,65,7,32,110,7,0.5909,Axia Women's Health,Axia Women's Health,Hospital,749188142,64,SEVEN HILLS OB/GYN ASSOCIATES INC,,,,not_independent_supported,"sampled organisation contains clinicians from PE platform ""Axia Women's Health"" on the study roster",,,,,
1881673960,Dr. Martha Garzon,Non-PE,universe,pair_54,Miami,FL,location_resolved,phone,8921091786,VITALMD GROUP HOLDING LLC,430,152,283,375,117,430,22,0.6581,Femwell Group Health,Femwell Group Health,,,,,430,VITALMD GROUP HOLDING LLC,FALSE,not_independent_supported,"sampled organisation contains clinicians from PE platform ""Femwell Group Health"" on the study roster",,,,,
1881682953,Dr. Mimi Abella-Blanco,PE,universe,pair_130,Miami,FL,no_dac_affiliation,,,,,,,,,,,,,,,,,,,,,independence_unresolved,no_dac_affiliation,,,,,
1881687796,"Helena Reichman, MD",PE,roster_only,,,FL,affiliation_location_mismatch,,,,,,,,,,,,,Women's Care Enterprises,,,,,,,,independence_unresolved,affiliation_location_mismatch,,,,,
1881859825,Dr. Maria Bendana,PE,fielded,pair_344,Columbus,GA,no_dac_affiliation,,,,,,,,,,,,,,,2567765662|5799860151,46,MAC - MACON ROAD LLC|ST FRANCIS AFFILIATED SERVICES LLC,,,,independence_unresolved,no_dac_affiliation,,,,,
1881861920,Dr. Thea Cooper Barton,Non-PE,universe,pair_256,Norristown,PA,no_organisation_on_sampled_row,phone,,,,,,,,,,,,,,,,,NA,,NA,independence_unresolved,no_organisation_on_sampled_row,,,,,
1881893212,Dr. Xochitl Garcia,Non-PE,fielded,pair_242,Springfield,IL,location_resolved,phone,0547166076,SPRINGFIELD CLINIC LLP,671,117,27,357,70,671,50,0.0402,,,Hospital,2163409996,13,"TEVERBAUGH CROLAND & MUELLER OB/GYN & ASSOCIATES, S.C.",671,SPRINGFIELD CLINIC LLP,FALSE,independence_unresolved,"large organisation, name uninformative; needs external adjudication",,,,,
1881893238,Dr. Sasha Lazarus,Non-PE,universe,pair_108,Miami,FL,location_resolved,phone,8921091786,VITALMD GROUP HOLDING LLC,430,152,283,375,117,430,22,0.6581,Femwell Group Health,Femwell Group Health,,,,,430,VITALMD GROUP HOLDING LLC,FALSE,not_independent_supported,"sampled organisation contains clinicians from PE platform ""Femwell Group Health"" on the study roster",,,,,
1881902823,Dr. Jessica Barker,PE,fielded+universe,pair_205,Arlington,TX,location_resolved,city_state,3476808411,"MEDICAL CITY OB-GYN, PLLC",33,7,32,6,13,33,2,0.9697,Women's Care Enterprises,Women's Care Enterprises,,345364642|4789571613|8527976513|9032022579,1982,KAISER FOUNDATION HEALTH PLAN OF WASHINGTON|OBHG WASHINGTON PC|ROCKWOOD CLINIC PS|SOUTH SOUND WOMEN',,,,not_independent_supported,"sampled organisation contains clinicians from PE platform ""Women's Care Enterprises"" on the study roster",,,,,
1881905651,"Winter Dowland, DO, FACOG",PE,roster_only,,,AZ,affiliation_location_mismatch,,,,,,,,,,,,,Unified Women's Healthcare / Genesis OBGYN,,,,,,,,independence_unresolved,affiliation_location_mismatch,,,,,
1891013330,"Lauren Beaven, MD, FACOG",PE,roster_only,,,NJ,affiliation_location_mismatch,,,,,,,,,,,,,Axia Women's Health,,,,,,,,independence_unresolved,affiliation_location_mismatch,,,,,
1891037313,"Leah Bressler, M.D.",PE,roster_only,,,PA,no_dac_affiliation,,,,,,,,,,,,,,,,,,,,,independence_unresolved,no_dac_affiliation,,,,,
1891038972,"Stephanie Smeltzer, MD",PE,roster_only,,,GA,no_dac_affiliation,,,,,,,,,,,,,,,,,,,,,independence_unresolved,no_dac_affiliation,,,,,
1891053583,Dr. Toral Parikh,PE,roster_only,,,TX,no_dac_affiliation,,,,,,,,,,,,,,,,,,,,,independence_unresolved,no_dac_affiliation,,,,,
1891061206,Jamie Stanhiser,PE,roster_only,,,CA,no_dac_affiliation,,,,,,,,,,,,,,,,,,,,,independence_unresolved,no_dac_affiliation,,,,,
1891082459,Dr. Heather Gabai Hernandez,Non-PE,universe,pair_73,Coral Springs,FL,location_resolved,phone,8921091786,VITALMD GROUP HOLDING LLC,430,152,283,3,117,430,22,0.6581,Femwell Group Health,Femwell Group Health,,,,,430,VITALMD GROUP HOLDING LLC,FALSE,not_independent_supported,"sampled organisation contains clinicians from PE platform ""Femwell Group Health"" on the study roster",,,,,
1891089785,Dr. Lauren W. Sundheimer,PE,roster_only,,,CA,no_dac_affiliation,,,,,,,,,,,,,,,,,,,,,independence_unresolved,no_dac_affiliation,,,,,
1891115259,Dr. Laura Alsina-Sanchez,PE,universe,pair_81,Miami,FL,location_resolved,city_state,8921091786,VITALMD GROUP HOLDING LLC,430,152,283,375,117,430,22,0.6581,Femwell Group Health,Femwell Group Health,,,,,,,,not_independent_supported,"sampled organisation contains clinicians from PE platform ""Femwell Group Health"" on the study roster",,,,,
1891122818,Dr. Dhruv Rathod,Non-PE,fielded,pair_268,Paulsboro,NJ,location_resolved,phone,2567365117,CAMCARE HEALTH CORPORATION,23,5,4,2,5,23,5,0.1739,,,Hospital,,,,23,CAMCARE HEALTH CORPORATION,FALSE,independence_unresolved,no affirmative evidence either way,,,,,
1891132502,"Ashley Tiegs, MD",PE,roster_only,,,GA,no_dac_affiliation,,,,,,,,,,,,,,,,,,,,,independence_unresolved,no_dac_affiliation,,,,,
1891134227,"Lauren A. M. Davis, MD, FACOG",PE,roster_only,,,FL,affiliation_location_mismatch,,,,,,,,,,,,,Women's Care Enterprises,,,,,,,,independence_unresolved,affiliation_location_mismatch,,,,,
1891172201,Dr. Julia Cooper,PE,fielded+universe,pair_128,South Miami,FL,no_dac_affiliation,,,,,,,,,,,,,,,,,,,,,independence_unresolved,no_dac_affiliation,,,,,
1891358891,Dr. Katrina Marcinkowski,Non-PE,fielded+universe,pair_491,Hammonton,NJ,location_resolved,phone,2961316328,REGIONAL WOMENS HEALTH GROUP LLC,334,85,227,4,110,334,8,0.6796,Axia Women's Health,Axia Women's Health,,,,,334,REGIONAL WOMENS HEALTH GROUP LLC,FALSE,not_independent_supported,"sampled organisation contains clinicians from PE platform ""Axia Women's Health"" on the study roster",,,,,
1891767661,Dr. Cheryl Counsell,PE,universe,pair_113,Miami,FL,location_resolved,city_state,8921091786,VITALMD GROUP HOLDING LLC,430,152,283,375,117,430,22,0.6581,Femwell Group Health,Femwell Group Health,,,,,,,,not_independent_supported,"sampled organisation contains clinicians from PE platform ""Femwell Group Health"" on the study roster",,,,,
1891813218,"Jennifer Watson, DO",PE,roster_only,,,FL,affiliation_location_mismatch,,,,,,,,,,,,,Women's Care Enterprises,,,,,,,,independence_unresolved,affiliation_location_mismatch,,,,,
1891904850,Dr. Jonathan Bratter,PE,roster_only,,,FL,affiliation_location_mismatch,,,,,,,,,,,,,Femwell Group Health,,,,,,,,independence_unresolved,affiliation_location_mismatch,,,,,
1891907143,"Mark Finnegan, MD, FACOG",PE,roster_only,,,NJ,affiliation_location_mismatch,,,,,,,,,,,,,Axia Women's Health,,,,,,,,independence_unresolved,affiliation_location_mismatch,,,,,
1891927372,"Sarah Hessler, MD",PE,roster_only,,,NJ,no_dac_affiliation,,,,,,,,,,,,,,,,,,,,,independence_unresolved,no_dac_affiliation,,,,,
1891939294,Dr. Alexis Dominguez,PE,roster_only,,,FL,affiliation_location_mismatch,,,,,,,,,,,,,Femwell Group Health,,,,,,,,independence_unresolved,affiliation_location_mismatch,,,,,
1891951323,Dr. Shrusan Gray,PE,roster_only,,,FL,affiliation_location_mismatch,,,,,,,,,,,,,Femwell Group Health,,,,,,,,independence_unresolved,affiliation_location_mismatch,,,,,
1891957940,Dr. Eduardo M. Martinez,PE,roster_only,,,FL,affiliation_location_mismatch,,,,,,,,,,,,,Femwell Group Health,,,,,,,,independence_unresolved,affiliation_location_mismatch,,,,,
1891997904,Dr. Carmen Tudela,Non-PE,universe,pair_133,Miami,FL,location_resolved,phone,0244380434,PUBLIC HEALTH TRUST OF MIAMI DADE COUNTY FLORIDA,340,24,11,21,8,340,25,0.0324,,,,,,,340,PUBLIC HEALTH TRUST OF MIAMI DADE COUNTY FLORIDA,FALSE,not_independent_supported,organisation name carries a hospital/system/academic/government token,,,,,
1902067275,"James Nodler, MD",PE,roster_only,,,CO,no_dac_affiliation,,,,,,,,,,,,,,,,,,,,,independence_unresolved,no_dac_affiliation,,,,,
1902076839,Dr. Lena Merjanian,Non-PE,universe,pair_271,New Brunswick,NJ,location_resolved,phone,5193764991,RUTGERS HEALTH-RWJ SCLERODERMA PROGRAM,292,46,26,163,47,292,32,0.089,,,,,,,292,RUTGERS HEALTH-RWJ SCLERODERMA PROGRAM,FALSE,independence_unresolved,"large organisation, name uninformative; needs external adjudication",,,,,
1902117484,Dr. Rachel Walker,PE,universe,pair_285,Tucson,AZ,location_resolved,city_state,4284724279,GENESIS OB GYN PLLC,60,12,39,14,13,60,3,0.65,Unified Women's Healthcare,Unified Women's Healthcare,,,,,,,,not_independent_supported,"sampled organisation contains clinicians from PE platform ""Unified Women's Healthcare"" on the study roster",,,,,
1902126535,Dr. Nadia Mileo,Non-PE,universe,pair_130,Miami,FL,location_resolved,phone,8921091786,VITALMD GROUP HOLDING LLC,430,152,283,375,117,430,22,0.6581,Femwell Group Health,Femwell Group Health,,,,,430,VITALMD GROUP HOLDING LLC,FALSE,not_independent_supported,"sampled organisation contains clinicians from PE platform ""Femwell Group Health"" on the study roster",,,,,
1902149255,Dr. Sarah Bedell,PE,roster_only,,,FL,affiliation_location_mismatch,,,,,,,,,,,,,Femwell Group Health,,,,,,,,independence_unresolved,affiliation_location_mismatch,,,,,
1902149511,Dr. Brianna Varas,PE,fielded+universe,pair_160,Miami,FL,no_dac_affiliation,,,,,,,,,,,,,,,,,,,,,independence_unresolved,no_dac_affiliation,,,,,
1902149743,Dr. Soyoun Bark,Non-PE,fielded+universe,pair_24,Troy,MI,location_resolved,phone,4183673015,"OAKLAND MACOMB OBSTETRICS AND GYNECOLOGY, P.C.",19,5,17,7,5,19,2,0.8947,,,Hospital,9436236593,3,"COMPREHENSIVE WOMEN'S HEALTH, P.C.",19,"OAKLAND MACOMB OBSTETRICS AND GYNECOLOGY, P.C.",FALSE,independent_supported,"single-specialty OB/GYN organisation, no system token, no PE-roster member",,,,,
1902165731,"Carmen Lafia, MD",PE,roster_only,,,MI,affiliation_location_mismatch,,,,,,,,,,,,,Together Women's Health,,,,,,,,independence_unresolved,affiliation_location_mismatch,,,,,
1902187867,Dr. Natasha Harvey,PE,fielded+universe,pair_290,Bartlett,IL,location_resolved,city_state,7517863178,BONAVENTURE MEDICAL FOUNDATION LLC,153,26,22,18,37,153,26,0.1438,Nova Women's Health Partners,Nova Women's Health Partners,Hospital,7517863178,305,BONAVENTURE MEDICAL FOUNDATION LLC,,,,not_independent_supported,"sampled organisation contains clinicians from PE platform ""Nova Women's Health Partners"" on the study roster",,,,,
1902244684,"Olivia Carpinello, MD",PE,roster_only,,,VA,no_dac_affiliation,,,,,,,,,,,,,,,,,,,,,independence_unresolved,no_dac_affiliation,,,,,
1902301112,Dr. Alexandra Levy,PE,fielded+universe,pair_154,Boca Raton,FL,no_dac_affiliation,,,,,,,,,,,,,,Hospital,,,,,,,independence_unresolved,no_dac_affiliation,,,,,
1902337819,Dr. Ama Asante Badu,Non-PE,universe,pair_3,Miami Beach,FL,location_resolved,phone,9436336120,PHYSICIAN PRACTICES OF MSMC LLC,130,15,9,5,33,130,,,,,,,,,130,PHYSICIAN PRACTICES OF MSMC LLC,FALSE,independence_unresolved,"large organisation, name uninformative; needs external adjudication",,,,,
1902482581,"Victoria Panarese, DO",PE,roster_only,,,FL,no_dac_affiliation,,,,,,,,,,,,,,,,,,,,,independence_unresolved,no_dac_affiliation,,,,,
1902804966,"Michelle A. Herman, DO",PE,roster_only,,,MI,affiliation_location_mismatch,,,,,,,,,,,,,Unified Women's Healthcare,,,,,,,,independence_unresolved,affiliation_location_mismatch,,,,,
1902806086,"Stacy H. Weiss, MD",PE,roster_only,,,IL,affiliation_location_mismatch,,,,,,,,,,,,,Nova Women's Health Partners,,,,,,,,independence_unresolved,affiliation_location_mismatch,,,,,
1902845506,"Lisa Leone, MD",PE,roster_only,,,NJ,affiliation_location_mismatch,,,,,,,,,,,,,Axia Women's Health,,,,,,,,independence_unresolved,affiliation_location_mismatch,,,,,
1902862436,Dr. Michele Thomas,Non-PE,fielded+universe,pair_364,Southfield,MI,no_organisation_on_sampled_row,phone,,,,,,,,,,,,,Hospital,1759330871|6103738703,421,ASCENSION PROVIDENCE HOSPITAL|MICHELE THOMAS MD PLLC,NA,,NA,independence_unresolved,no_organisation_on_sampled_row,,,,,
1902870967,Dr. Craig Henderson,Non-PE,universe,pair_408,Eatontown,NJ,location_resolved,phone,2961316328,REGIONAL WOMENS HEALTH GROUP LLC,334,85,227,7,110,334,8,0.6796,Axia Women's Health,Axia Women's Health,,,,,334,REGIONAL WOMENS HEALTH GROUP LLC,FALSE,not_independent_supported,"sampled organisation contains clinicians from PE platform ""Axia Women's Health"" on the study roster",,,,,
1902885072,Dr. Susan Davila,Non-PE,universe,pair_131,Miami,FL,location_resolved,phone,8921091786,VITALMD GROUP HOLDING LLC,430,152,283,375,117,430,22,0.6581,Femwell Group Health,Femwell Group Health,,,,,430,VITALMD GROUP HOLDING LLC,FALSE,not_independent_supported,"sampled organisation contains clinicians from PE platform ""Femwell Group Health"" on the study roster",,,,,
1902894207,"Susan L. Marcelli, MD",PE,roster_only,,,FL,affiliation_location_mismatch,,,,,,,,,,,,,Women's Care Enterprises,,,,,,,,independence_unresolved,affiliation_location_mismatch,,,,,
1902895923,"Michael Karoly, MD, FACOG",PE,roster_only,,,NJ,affiliation_location_mismatch,,,,,,,,,,,,,Axia Women's Health,,,,,,,,independence_unresolved,affiliation_location_mismatch,,,,,
1902974454,Dr. Rekha Kini,PE,roster_only,,,FL,affiliation_location_mismatch,,,,,,,,,,,,,Femwell Group Health,,,,,,,,independence_unresolved,affiliation_location_mismatch,,,,,
1902977796,Dr. Gary Levine,PE,fielded+universe,pair_384,Mineola,NY,location_resolved,phone,7012938434,SQUARE CARE MEDICAL GROUP LLP,56,17,41,6,20,56,4,0.7321,Unified Women's Healthcare,Unified Women's Healthcare,Hospital,7012938434,72,"SQUARE CARE MEDICAL GROUP, LLP",,,,not_independent_supported,"sampled organisation contains clinicians from PE platform ""Unified Women's Healthcare"" on the study roster",,,,,
1902987688,Dr. Emilio Blanco,Non-PE,universe,pair_38,Hollywood,FL,location_resolved,phone,5395807218,FLORIDA WOMAN CARE LLC,510,87,337,6,214,510,8,0.6608,Women's Care Enterprises,Women's Care Enterprises,,,,,510,FLORIDA WOMAN CARE LLC,FALSE,not_independent_supported,"sampled organisation contains clinicians from PE platform ""Women's Care Enterprises"" on the study roster",,,,,
1902987977,Dr. Amy Sonnenblick,PE,fielded+universe,pair_413,Miami,FL,location_resolved,phone,8921091786,VITALMD GROUP HOLDING LLC,430,152,283,1,117,430,22,0.6581,Femwell Group Health,Femwell Group Health,Hospital,8921091786,466,VITALMD GROUP HOLDING LLC,,,,not_independent_supported,"sampled organisation contains clinicians from PE platform ""Femwell Group Health"" on the study roster",,,,,
1912001108,Dr. Robert Yordan,Non-PE,universe,pair_433,Middletown,CT,location_resolved,phone,3274430665,"PHYSICIANS FOR WOMEN'S HEALTH, LLC",278,45,201,7,78,278,7,0.723,Unified Women's Healthcare,Unified Women's Healthcare,,,,,278,"PHYSICIANS FOR WOMEN'S HEALTH, LLC",FALSE,not_independent_supported,"sampled organisation contains clinicians from PE platform ""Unified Women's Healthcare"" on the study roster",,,,,
1912056649,Dr. Andrea Barry,PE,universe,pair_436,Danbury,CT,location_resolved,phone,3274430665,"PHYSICIANS FOR WOMEN'S HEALTH, LLC",278,45,201,176,78,278,7,0.723,Unified Women's Healthcare,Unified Women's Healthcare,,,,,,,,not_independent_supported,"sampled organisation contains clinicians from PE platform ""Unified Women's Healthcare"" on the study roster",,,,,
1912148925,Daniel J. Kaser,PE,roster_only,,,CA,no_dac_affiliation,,,,,,,,,,,,,,,,,,,,,independence_unresolved,no_dac_affiliation,,,,,
1912151184,Dr. David Finke,PE,universe,pair_289,Beverly Hills,CA,location_resolved,city_state,0345228722,WOMENS CARE OF BEVERLY HILLS MEDICAL GROUP,6,2,6,6,1,6,1,1.0,Women's Care Enterprises,Women's Care Enterprises,,,,,,,,not_independent_supported,"sampled organisation contains clinicians from PE platform ""Women's Care Enterprises"" on the study roster",,,,,
1912161233,Sanaz Ghazal,PE,roster_only,,,CA,no_dac_affiliation,,,,,,,,,,,,,,,,,,,,,independence_unresolved,no_dac_affiliation,,,,,
1912260613,Dr. Paulami Guha,PE,universe,pair_74,Miami,FL,location_resolved,city_state,8921091786,VITALMD GROUP HOLDING LLC,430,152,283,375,117,430,22,0.6581,Femwell Group Health,Femwell Group Health,,,,,,,,not_independent_supported,"sampled organisation contains clinicians from PE platform ""Femwell Group Health"" on the study roster",,,,,
1912269564,Dr. Xujia Smith,PE,universe,pair_176,Jacksonville,FL,location_resolved,city_state,9234031444,WOMENS CARE FLORIDA LLC,293,58,198,19,74,293,8,0.6758,Women's Care Enterprises,Women's Care Enterprises,,,,,,,,not_independent_supported,"sampled organisation contains clinicians from PE platform ""Women's Care Enterprises"" on the study roster",,,,,
1912303033,Dr. Masuma Bahora,PE,fielded+universe,pair_381,King Of Prussia,PA,no_dac_affiliation,,,,,,,,,,,,,,,8527962661,159,FORNANCE PHYSICIAN SERVICES INC,,,,independence_unresolved,no_dac_affiliation,,,,,
1912351610,"Ashley C. Andersen, MD",PE,roster_only,,,MN,affiliation_location_mismatch,,,,,,,,,,,,,Unified Women's Healthcare,,,,,,,,independence_unresolved,affiliation_location_mismatch,,,,,
1912589961,Dr. Rebecca Moorhouse,PE,universe,pair_13,Novi,MI,no_dac_affiliation,,,,,,,,,,,,,,,,,,,,,independence_unresolved,no_dac_affiliation,,,,,
1912902750,Dr. Carlos Garcia,PE,universe,pair_59,Miami,FL,location_resolved,city_state,8921091786,VITALMD GROUP HOLDING LLC,430,152,283,375,117,430,22,0.6581,Femwell Group Health,Femwell Group Health,,,,,,,,not_independent_supported,"sampled organisation contains clinicians from PE platform ""Femwell Group Health"" on the study roster",,,,,
1912939695,Dr. Harry Aguero,PE,roster_only,,,FL,no_dac_affiliation,,,,,,,,,,,,,,,,,,,,,independence_unresolved,no_dac_affiliation,,,,,
1912960527,Dr. Charles Banks,Non-PE,universe,pair_278,Birmingham,AL,location_resolved,phone,7719900513,ALABAMA WOMENS SPECIALISTS PC,4,0,4,4,1,4,,,,,,,,,4,ALABAMA WOMENS SPECIALISTS PC,TRUE,independence_unresolved,no affirmative evidence either way,,,,,
1912969700,Dr. Elizabeth Ferik,Non-PE,fielded+universe,pair_1,Lansing,MI,location_resolved,phone,7214833466,MCLAREN GREATER LANSING,103,22,11,17,27,103,17,0.1068,,,Hospital,7214833466,156,MCLAREN GREATER LANSING,103,MCLAREN GREATER LANSING,FALSE,not_independent_supported,organisation name carries a hospital/system/academic/government token,,,,,
1912977935,Dr. Dariusz Kozlowski,Non-PE,universe,pair_437,Danbury,CT,location_resolved,phone,3274430665,"PHYSICIANS FOR WOMEN'S HEALTH, LLC",278,45,201,176,78,278,7,0.723,Unified Women's Healthcare,Unified Women's Healthcare,,,,,278,"PHYSICIANS FOR WOMEN'S HEALTH, LLC",FALSE,not_independent_supported,"sampled organisation contains clinicians from PE platform ""Unified Women's Healthcare"" on the study roster",,,,,
1912984220,Dr. Michael Hirsch,PE,universe,pair_62,Miami,FL,location_resolved,city_state,8921091786,VITALMD GROUP HOLDING LLC,430,152,283,375,117,430,22,0.6581,Femwell Group Health,Femwell Group Health,,,,,,,,not_independent_supported,"sampled organisation contains clinicians from PE platform ""Femwell Group Health"" on the study roster",,,,,
1912987405,Dr. Pablo Uribasterra,PE,universe,pair_102,Pembroke Pines,FL,location_resolved,city_state,8921091786,VITALMD GROUP HOLDING LLC,430,152,283,1,117,430,22,0.6581,Femwell Group Health,Femwell Group Health,,,,,,,,not_independent_supported,"sampled organisation contains clinicians from PE platform ""Femwell Group Health"" on the study roster",,,,,
1912990367,"Laurie S. Perrin, MD, FACOG, PAG",PE,roster_only,,,AZ,affiliation_location_mismatch,,,,,,,,,,,,,,,,,,,,,independence_unresolved,affiliation_location_mismatch,,,,,
1912992017,Dr. Nelson Alawode,Non-PE,universe,pair_403,Washington,DC,location_resolved,phone,0547413825,MEDSTAR MEDICAL GROUP II LLC,1769,191,58,498,105,1769,,,,,,,,,1769,MEDSTAR MEDICAL GROUP II LLC,FALSE,independence_unresolved,"large organisation, name uninformative; needs external adjudication",,,,,
1912993601,Dr. Samuel Kaufman,PE,roster_only,,,FL,affiliation_location_mismatch,,,,,,,,,,,,,Femwell Group Health,,,,,,,,independence_unresolved,affiliation_location_mismatch,,,,,
1912996331,Dr. Hector Trujillo,PE,roster_only,,,FL,no_dac_affiliation,,,,,,,,,,,,,,,,,,,,,independence_unresolved,no_dac_affiliation,,,,,
1922021989,Marcus Rosencrantz,PE,roster_only,,,CA,no_dac_affiliation,,,,,,,,,,,,,,,,,,,,,independence_unresolved,no_dac_affiliation,,,,,
1922054568,Dr. Jane Porcelan,Non-PE,universe,pair_239,Malvern,PA,location_resolved,phone,2961316328,REGIONAL WOMENS HEALTH GROUP LLC,334,85,227,7,110,334,8,0.6796,Axia Women's Health,Axia Women's Health,,,,,334,REGIONAL WOMENS HEALTH GROUP LLC,FALSE,not_independent_supported,"sampled organisation contains clinicians from PE platform ""Axia Women's Health"" on the study roster",,,,,
1922059518,Dr. Dina Mscp,PE,universe,pair_439,Worcester,MA,location_resolved,phone,3274430665,"PHYSICIANS FOR WOMEN'S HEALTH, LLC",278,45,201,20,78,278,7,0.723,Unified Women's Healthcare,Unified Women's Healthcare,,,,,,,,not_independent_supported,"sampled organisation contains clinicians from PE platform ""Unified Women's Healthcare"" on the study roster",,,,,
1922081934,"Micah J. Hill, D.O.",PE,roster_only,,,MD,no_dac_affiliation,,,,,,,,,,,,,,,,,,,,,independence_unresolved,no_dac_affiliation,,,,,
1922082437,Dr. Hamid Banooni,PE,fielded+universe,pair_24,Royal Oak,MI,location_resolved,phone,0345413258,MICHIGAN HEALTHCARE PROFESSIONALS PC,449,113,20,8,136,449,41,0.0445,Unified Women's Healthcare,Unified Women's Healthcare,Hospital,345413258,497,MICHIGAN HEALTHCARE PROFESSIONALS PC,,,,not_independent_supported,"sampled organisation contains clinicians from PE platform ""Unified Women's Healthcare"" on the study roster",,,,,
1922087006,Dr. Karen Hirschberg,Non-PE,universe,pair_364,Miami,FL,location_resolved,phone,8921091786,VITALMD GROUP HOLDING LLC,430,152,283,375,117,430,22,0.6581,Femwell Group Health,Femwell Group Health,,,,,430,VITALMD GROUP HOLDING LLC,FALSE,not_independent_supported,"sampled organisation contains clinicians from PE platform ""Femwell Group Health"" on the study roster",,,,,
1922091156,Dr. Anne Egan,PE,universe,pair_388,Jacksonville,FL,no_dac_affiliation,,,,,,,,,,,,,,,,,,,,,independence_unresolved,no_dac_affiliation,,,,,
1922096213,"Saul R. Lerner, MD",PE,roster_only,,,FL,affiliation_location_mismatch,,,,,,,,,,,,,Women's Care Enterprises,,,,,,,,independence_unresolved,affiliation_location_mismatch,,,,,
1922280460,Dr. Karin Stanton,PE,universe,pair_110,Miami,FL,location_resolved,city_state,8921091786,VITALMD GROUP HOLDING LLC,430,152,283,375,117,430,22,0.6581,Femwell Group Health,Femwell Group Health,,,,,,,,not_independent_supported,"sampled organisation contains clinicians from PE platform ""Femwell Group Health"" on the study roster",,,,,
1922329663,Dr. Katherine Callaghan,PE,universe,pair_416,Worcester,MA,location_resolved,city_state,4284539891,UMASS MEMORIAL MEDICAL GROUP INC,1871,348,48,447,87,1871,61,0.0257,Unified Women's Healthcare,Unified Women's Healthcare,,,,,,,,not_independent_supported,"sampled organisation contains clinicians from PE platform ""Unified Women's Healthcare"" on the study roster",,,,,
1922334093,Dr. Charna Coren,Non-PE,universe,pair_247,Philadelphia,PA,location_resolved,phone,0042109902,HR PHYSICIAN SERVICES,140,29,26,11,31,140,21,0.1857,,,,,,,140,HR PHYSICIAN SERVICES,FALSE,independence_unresolved,"large organisation, name uninformative; needs external adjudication",,,,,
1922340744,"Valerie Libby, M.D.",PE,roster_only,,,GA,no_dac_affiliation,,,,,,,,,,,,,,,,,,,,,independence_unresolved,no_dac_affiliation,,,,,
1922341791,Dr. Matthew Bigos,PE,universe,pair_320,Minnetonka,MN,location_resolved,city_state,1355396110,PREMIER OBGYN OF MINNESOTA PLLC,68,14,46,12,21,68,6,0.6765,Unified Women's Healthcare,Unified Women's Healthcare,,,,,,,,not_independent_supported,"sampled organisation contains clinicians from PE platform ""Unified Women's Healthcare"" on the study roster",,,,,
1922412253,Dr. Lucy Liu,Non-PE,universe,pair_418,Worcester,MA,location_resolved,phone,4284539891,UMASS MEMORIAL MEDICAL GROUP INC,1871,348,48,27,87,1871,61,0.0257,Unified Women's Healthcare,Unified Women's Healthcare,,,,,1871,UMASS MEMORIAL MEDICAL GROUP INC,FALSE,not_independent_supported,"sampled organisation contains clinicians from PE platform ""Unified Women's Healthcare"" on the study roster",,,,,
1922413145,Dr. Elisheba Butts,Non-PE,universe,pair_296,Stockbridge,GA,location_resolved,phone,9830082825,PIEDMONT PROVIDERS LLC,371,59,20,5,84,371,,,,,,,,,371,PIEDMONT PROVIDERS LLC,FALSE,independence_unresolved,"large organisation, name uninformative; needs external adjudication",,,,,
1922495357,Dr. Gabriela Garrote,PE,roster_only,,,FL,no_dac_affiliation,,,,,,,,,,,,,,,,,,,,,independence_unresolved,no_dac_affiliation,,,,,
1922528322,"Elizabeth Hendrix, MD",PE,roster_only,,,FL,affiliation_location_mismatch,,,,,,,,,,,,,Women's Care Enterprises,,,,,,,,independence_unresolved,affiliation_location_mismatch,,,,,
1922530120,Dr. Victoria Jiang,PE,fielded,pair_177,Marietta,GA,no_dac_affiliation,,,,,,,,,,,,,,,,,,,,,independence_unresolved,no_dac_affiliation,,,,,
1922568054,"Danielle Galloway, MD",PE,roster_only,,,FL,affiliation_location_mismatch,,,,,,,,,,,,,Women's Care Enterprises,,,,,,,,independence_unresolved,affiliation_location_mismatch,,,,,
1932105822,Dr. Tim Baird,PE,universe,pair_173,Jacksonville,FL,location_resolved,phone,9234031444,WOMENS CARE FLORIDA LLC,293,58,198,7,74,293,8,0.6758,Women's Care Enterprises,Women's Care Enterprises,,,,,,,,not_independent_supported,"sampled organisation contains clinicians from PE platform ""Women's Care Enterprises"" on the study roster",,,,,
1932139631,Dr. Sardana Belkin,Non-PE,fielded,pair_502,Howell,NJ,location_resolved,phone,1456332170,LIFELINE MEDICAL ASSOCIATES LLC,156,42,115,24,40,156,5,0.7372,Unified Women's Healthcare,Unified Women's Healthcare,Hospital,,,,156,LIFELINE MEDICAL ASSOCIATES LLC,FALSE,not_independent_supported,"sampled organisation contains clinicians from PE platform ""Unified Women's Healthcare"" on the study roster",,,,,
1932157153,Dr. Dudley Brown,PE,roster_only,,,FL,affiliation_location_mismatch,,,,,,,,,,,,,Femwell Group Health,,,,,,,,independence_unresolved,affiliation_location_mismatch,,,,,
1932171055,Dr. Sharon Smith-Thomas,Non-PE,universe,pair_386,Boca Raton,FL,location_resolved,phone,5395807218,FLORIDA WOMAN CARE LLC,510,87,337,15,214,510,8,0.6608,Women's Care Enterprises,Women's Care Enterprises,,,,,510,FLORIDA WOMAN CARE LLC,FALSE,not_independent_supported,"sampled organisation contains clinicians from PE platform ""Women's Care Enterprises"" on the study roster",,,,,
1932171949,Dr. Erwin Szela,PE,universe,pair_305,Buffalo Grove,IL,location_resolved,phone,7517863178,BONAVENTURE MEDICAL FOUNDATION LLC,153,26,22,4,37,153,26,0.1438,Nova Women's Health Partners,Nova Women's Health Partners,,,,,,,,not_independent_supported,"sampled organisation contains clinicians from PE platform ""Nova Women's Health Partners"" on the study roster",,,,,
1932186202,Dr. Kelley Stoddard,Non-PE,universe,pair_388,Jacksonville,FL,location_resolved,phone,9234031444,WOMENS CARE FLORIDA LLC,293,58,198,8,74,293,8,0.6758,Women's Care Enterprises,Women's Care Enterprises,,,,,293,WOMENS CARE FLORIDA LLC,FALSE,not_independent_supported,"sampled organisation contains clinicians from PE platform ""Women's Care Enterprises"" on the study roster",,,,,
1932188760,Dr. Frederick Bartholomew,PE,fielded+universe,pair_115,Farmington Hills,MI,location_resolved,city_state,0345413258,MICHIGAN HEALTHCARE PROFESSIONALS PC,449,113,20,218,136,449,41,0.0445,Unified Women's Healthcare,Unified Women's Healthcare,Hospital,3072875889|345413258,765,BEAUMONT MEDICAL GROUP HOSPITAL BASED SERVICES|MICHIGAN HEALTHCARE PROFESSIONALS PC,,,,not_independent_supported,"sampled organisation contains clinicians from PE platform ""Unified Women's Healthcare"" on the study roster",,,,,
1932194743,Dr. Claire Harraghy,PE,fielded,pair_387,Hickory,NC,location_resolved,phone,0042448169,UWH OF THE CAROLINAS PLLC,294,40,208,13,66,294,8,0.7075,Unified Women's Healthcare,Unified Women's Healthcare,Hospital,42448169,301,UWH OF NORTH CAROLINA LLP,,,,not_independent_supported,"sampled organisation contains clinicians from PE platform ""Unified Women's Healthcare"" on the study roster",,,,,
1932198041,"Amy C. Shapiro, MD",PE,roster_only,,,IL,affiliation_location_mismatch,,,,,,,,,,,,,Nova Women's Health Partners,,,,,,,,independence_unresolved,affiliation_location_mismatch,,,,,
1932300290,Dr. Zaid Al-Wahab,Non-PE,universe,pair_24,Royal Oak,MI,location_resolved,phone,7214299866,BEAUMONT MEDICAL GROUP- SPECIALTY SERVICES,786,121,18,321,92,786,,,,,,,,,786,BEAUMONT MEDICAL GROUP- SPECIALTY SERVICES,FALSE,independence_unresolved,"large organisation, name uninformative; needs external adjudication",,,,,
1932355856,Dr. Melissa Dubois,Non-PE,universe,pair_253,Philadelphia,PA,location_resolved,phone,0042109902,HR PHYSICIAN SERVICES,140,29,26,7,31,140,21,0.1857,,,,,,,140,HR PHYSICIAN SERVICES,FALSE,independence_unresolved,"large organisation, name uninformative; needs external adjudication",,,,,
1932375078,Emelia A. Bachman,PE,roster_only,,,PA,no_dac_affiliation,,,,,,,,,,,,,,,,,,,,,independence_unresolved,no_dac_affiliation,,,,,
1932441029,"Benjamin Wang, MD",PE,roster_only,,,NJ,affiliation_location_mismatch,,,,,,,,,,,,,Axia Women's Health,,,,,,,,independence_unresolved,affiliation_location_mismatch,,,,,
1932490711,Dr. Amy Gueye,Non-PE,fielded,pair_176,Columbia,MD,no_organisation_on_sampled_row,phone,,,,,,,,,,,,,,4385682061|5395653455|547413825,1388,"BALTIMORE MEDICAL SYSTEM, INC.|MEDSTAR MEDICAL GROUP II LLC|PRIVIA MEDICAL GROUP,LLC",NA,,NA,independence_unresolved,no_organisation_on_sampled_row,,,,,
1932510393,Dr. Lisamarie Colon Ramirez,Non-PE,fielded+universe,pair_116,Coral Springs,FL,location_resolved,phone,8921091786,VITALMD GROUP HOLDING LLC,430,152,283,4,117,430,22,0.6581,Femwell Group Health,Femwell Group Health,Hospital,8921091786,466,VITALMD GROUP HOLDING LLC,430,VITALMD GROUP HOLDING LLC,FALSE,not_independent_supported,"sampled organisation contains clinicians from PE platform ""Femwell Group Health"" on the study roster",,,,,
1932596749,"Nicole M. Marchetto, M.D.",PE,roster_only,,,FL,no_dac_affiliation,,,,,,,,,,,,,,,,,,,,,independence_unresolved,no_dac_affiliation,,,,,
1932691516,Daniel Miranian,PE,roster_only,,,PA,no_dac_affiliation,,,,,,,,,,,,,,,,,,,,,independence_unresolved,no_dac_affiliation,,,,,
1932786480,Dr. Tery Vinh,PE,fielded+universe,pair_313,Bridgewater,NJ,no_dac_affiliation,,,,,,,,,,,,,,,,,,,,,independence_unresolved,no_dac_affiliation,,,,,
1942230339,Michael K. Bohrer,PE,roster_only,,,NJ,no_dac_affiliation,,,,,,,,,,,,,,,,,,,,,independence_unresolved,no_dac_affiliation,,,,,
1942235692,"Audrey Romero, MD, FACOG",PE,roster_only,,,NJ,affiliation_location_mismatch,,,,,,,,,,,,,Axia Women's Health,,,,,,,,independence_unresolved,affiliation_location_mismatch,,,,,
1942243076,"Alison Zimon, MD",PE,roster_only,,,MA,no_dac_affiliation,,,,,,,,,,,,,,,,,,,,,independence_unresolved,no_dac_affiliation,,,,,
1942253844,"Victoria (Vicki) Kean, DO",PE,roster_only,,,MI,affiliation_location_mismatch,,,,,,,,,,,,,Unified Women's Healthcare,,,,,,,,independence_unresolved,affiliation_location_mismatch,,,,,
1942264726,Dr. Paul Bates,PE,roster_only,,,FL,affiliation_location_mismatch,,,,,,,,,,,,,Femwell Group Health,,,,,,,,independence_unresolved,affiliation_location_mismatch,,,,,
1942298278,Dr. Suzanne Clemons,PE,universe,pair_171,Lutz,FL,location_resolved,phone,9234031444,WOMENS CARE FLORIDA LLC,293,58,198,9,74,293,8,0.6758,Women's Care Enterprises,Women's Care Enterprises,,,,,,,,not_independent_supported,"sampled organisation contains clinicians from PE platform ""Women's Care Enterprises"" on the study roster",,,,,
1942299045,Dr. Michelle Goldin,Non-PE,fielded+universe,pair_245,Schaumburg,IL,location_resolved,phone,7214203942,NORTHWEST COMMUNITY WOMEN SERVICES LLC,14,9,12,8,7,14,3,0.8571,Nova Women's Health Partners,Nova Women's Health Partners,Hospital,3375737331|7214203942|9133101371,299,"NORTHWEST COMMUNITY HEALTH SERVICES INC|NORTHWEST COMMUNITY WOMEN SERVICES LLC|WOMANCARE, P.C.",14,NORTHWEST COMMUNITY WOMEN SERVICES LLC,FALSE,not_independent_supported,"sampled organisation contains clinicians from PE platform ""Nova Women's Health Partners"" on the study roster",,,,,
1942340799,"John Cleary, MD, FACOG",PE,roster_only,,,NJ,affiliation_location_mismatch,,,,,,,,,,,,,Axia Women's Health,,,,,,,,independence_unresolved,affiliation_location_mismatch,,,,,
1942389804,Dr. Marisa Messore,Non-PE,universe,pair_68,Miami,FL,location_resolved,phone,8921091786,VITALMD GROUP HOLDING LLC,430,152,283,375,117,430,22,0.6581,Femwell Group Health,Femwell Group Health,,,,,430,VITALMD GROUP HOLDING LLC,FALSE,not_independent_supported,"sampled organisation contains clinicians from PE platform ""Femwell Group Health"" on the study roster",,,,,
1942543665,Dr. Jasmine Munoz,Non-PE,universe,pair_274,Addison,IL,location_resolved,phone,7517863178,BONAVENTURE MEDICAL FOUNDATION LLC,153,26,22,6,37,153,26,0.1438,Nova Women's Health Partners,Nova Women's Health Partners,,,,,153,BONAVENTURE MEDICAL FOUNDATION LLC,FALSE,not_independent_supported,"sampled organisation contains clinicians from PE platform ""Nova Women's Health Partners"" on the study roster",,,,,
1942559398,Dr. Gabriela Saca,PE,roster_only,,,FL,no_dac_affiliation,,,,,,,,,,,,,,,,,,,,,independence_unresolved,no_dac_affiliation,,,,,
1942561519,"Lindsay H. Morrell, MD",PE,roster_only,,,MD,affiliation_location_mismatch,,,,,,,,,,,,,Advantia Health,,,,,,,,independence_unresolved,affiliation_location_mismatch,,,,,
1942590104,Dr. Vicente Gari,Non-PE,universe,pair_116,Miami,FL,location_resolved,phone,5395807218,FLORIDA WOMAN CARE LLC,510,87,337,14,214,510,8,0.6608,Women's Care Enterprises,Women's Care Enterprises,,,,,510,FLORIDA WOMAN CARE LLC,FALSE,not_independent_supported,"sampled organisation contains clinicians from PE platform ""Women's Care Enterprises"" on the study roster",,,,,
1942596747,Dr. Christopher Dixon,Non-PE,universe,pair_378,Orlando,FL,location_resolved,phone,9537059084,ORLANDO HEALTH MEDICAL GROUP INC,1384,132,76,161,146,1384,58,0.0549,,,,,,,1384,ORLANDO HEALTH MEDICAL GROUP INC,FALSE,not_independent_supported,organisation name carries a hospital/system/academic/government token,,,,,
1942615018,Dr. Camila Caroline De Amorim Paiva,Non-PE,universe,pair_76,Miami,FL,no_organisation_on_sampled_row,phone,,,,,,,,,,,,,,,,,NA,,NA,independence_unresolved,no_organisation_on_sampled_row,,,,,
1942643895,Dr. Lauren Maher,Non-PE,fielded+universe,pair_323,Philadelphia,PA,location_resolved,phone,0042109902,HR PHYSICIAN SERVICES,140,29,26,1,31,140,21,0.1857,,,Hospital,42109902,256,HR PHYSICIAN SERVICES,140,HR PHYSICIAN SERVICES,FALSE,independence_unresolved,"large organisation, name uninformative; needs external adjudication",,,,,
1942645874,Dr. Arifa Khokar,PE,fielded+universe,pair_357,Silver Spring,MD,location_resolved,city_state,5890913503,MARYLAND PHYSICIANS EDGE LLC,21,1,17,10,3,21,3,0.8095,Advantia Health,Advantia Health,,9739093097,64,"SHENANDOAH VALLEY MEDICAL SYSTEM, INC.",,,,not_independent_supported,"sampled organisation contains clinicians from PE platform ""Advantia Health"" on the study roster",,,,,
1942647565,"Steven Gay, M.D.",PE,roster_only,,,MD,no_dac_affiliation,,,,,,,,,,,,,,,,,,,,,independence_unresolved,no_dac_affiliation,,,,,
1942660410,Dr. Gloria Perez,Non-PE,universe,pair_104,Clermont,FL,location_resolved,phone,8921091786,VITALMD GROUP HOLDING LLC,430,152,283,4,117,430,22,0.6581,Femwell Group Health,Femwell Group Health,,,,,430,DHP OF MANATEE PA | VITALMD GROUP HOLDING LLC,FALSE,not_independent_supported,"sampled organisation contains clinicians from PE platform ""Femwell Group Health"" on the study roster",,,,,
1942760582,"Rhiannon Mayes, DO",PE,roster_only,,,NJ,affiliation_location_mismatch,,,,,,,,,,,,,Axia Women's Health,,,,,,,,independence_unresolved,affiliation_location_mismatch,,,,,
1952330318,"Salvatore Lopresti, DO",PE,roster_only,,,NY,affiliation_location_mismatch,,,,,,,,,,,,,Unified Women's Healthcare,,,,,,,,independence_unresolved,affiliation_location_mismatch,,,,,
1952332165,Dr. John Bush,PE,fielded+universe,pair_353,Frankfort,IL,location_resolved,phone,0840339537,JOHN G BUSH DO LTD,3,0,3,3,2,3,1,1.0,Together Women's Health,Together Women's Health,Hospital,840339537,3,"JOHN G. BUSH, DO LTD",,,,not_independent_supported,"sampled organisation contains clinicians from PE platform ""Together Women's Health"" on the study roster",,,,,
1952362501,"Joseph Greenhaw, MD, FACOG",PE,roster_only,,,FL,affiliation_location_mismatch,,,,,,,,,,,,,Women's Care Enterprises,,,,,,,,independence_unresolved,affiliation_location_mismatch,,,,,
1952371536,"Elyse P. Erlich, MD",PE,roster_only,,,IL,affiliation_location_mismatch,,,,,,,,,,,,,Nova Women's Health Partners,,,,,,,,independence_unresolved,affiliation_location_mismatch,,,,,
1952373912,Dr. Lisa Eng,Non-PE,fielded,pair_382,New York,NY,no_organisation_on_sampled_row,phone,,,,,,,,,,,,,Hospital,3870778228,3,NEW LIFE MEDICAL ESTHETICS & WELLNESS PLLC,NA,,NA,independence_unresolved,no_organisation_on_sampled_row,,,,,
1952381196,Dr. Suzanne Pugh,PE,fielded+universe,pair_304,Bryn Mawr,PA,location_resolved,phone,2961316328,REGIONAL WOMENS HEALTH GROUP LLC,334,85,227,13,110,334,8,0.6796,Axia Women's Health,Axia Women's Health,Hospital,2961316328|4082679519,298,REGIONAL WOMENS HEALTH GROUP LLC|WOMENS HEALTH CARE GROUP OF PENNSYLVANIA LLC,,,,not_independent_supported,"sampled organisation contains clinicians from PE platform ""Axia Women's Health"" on the study roster",,,,,
1952396459,Dr. Emery M. Salom,PE,roster_only,,,FL,affiliation_location_mismatch,,,,,,,,,,,,,Femwell Group Health,,,,,,,,independence_unresolved,affiliation_location_mismatch,,,,,
1952397911,"Sonja Perkins, MD, FACOG",PE,roster_only,,,FL,affiliation_location_mismatch,,,,,,,,,,,,,Women's Care Enterprises,,,,,,,,independence_unresolved,affiliation_location_mismatch,,,,,
1952411696,Dr. Amy Harvey O'Keeffe,Non-PE,fielded+universe,pair_460,Browns Mills,NJ,location_resolved,phone,7618264532,CAPITAL HEALTH MEDICAL GROUP,367,88,36,5,63,367,39,0.0981,,,Hospital,2961316328|3779481833|4082679519,298,CENTER FOR WOMENS HEALTH|REGIONAL WOMENS HEALTH GROUP LLC|WOMENS HEALTH CARE GROUP OF PENNSYLVANIA L,367,CAPITAL HEALTH MEDICAL GROUP,FALSE,independence_unresolved,"large organisation, name uninformative; needs external adjudication",,,,,
1952431355,Dr. Aimee Seungdamrong,PE,roster_only,,,NY,no_dac_affiliation,,,,,,,,,,,,,,,,,,,,,independence_unresolved,no_dac_affiliation,,,,,
1952447997,"Jose Maceda, MD",PE,roster_only,,,NJ,affiliation_location_mismatch,,,,,,,,,,,,,Axia Women's Health,,,,,,,,independence_unresolved,affiliation_location_mismatch,,,,,
1952450652,Dr. Rakhi Shah,Non-PE,fielded,pair_290,Warrenville,IL,location_resolved,phone,5890696231,CENTRAL DUPAGE PHYSICIAN GROUP,1001,170,59,5,121,1001,52,0.0589,,,Hospital,5890696231,653,CENTRAL DUPAGE PHYSICIAN GROUP,1001,CENTRAL DUPAGE PHYSICIAN GROUP,FALSE,independence_unresolved,"large organisation, name uninformative; needs external adjudication",,,,,
1952460669,Dr. Khadra Osman,Non-PE,universe,pair_139,Fort Lauderdale,FL,location_resolved,phone,5395807218,FLORIDA WOMAN CARE LLC,510,87,337,2,214,510,8,0.6608,Women's Care Enterprises,Women's Care Enterprises,,,,,510,FLORIDA WOMAN CARE LLC,FALSE,not_independent_supported,"sampled organisation contains clinicians from PE platform ""Women's Care Enterprises"" on the study roster",,,,,
1952465163,Dr. Eddy Joseph,Non-PE,fielded,pair_492,Elizabeth,NJ,no_organisation_on_sampled_row,phone,,,,,,,,,,,,,Hospital,6709002850,74,TRINITAS PHYSICIANS PRACTICE LLC,NA,,NA,independence_unresolved,no_organisation_on_sampled_row,,,,,
1952488280,Dr. Norma Milanes Roberts,Non-PE,fielded+universe,pair_499,Newark,NJ,location_resolved,phone,8123169182,CITY OF NEWARK,12,0,1,12,1,12,3,0.0833,,,Hospital,8022294792|8123169182,23,CENTER FOR GYNECOLOGIC ONCOLOGY & WOMEN'S HEALTH INC.|CITY OF NEWARK,566,BARNABAS HEALTH MEDICAL GROUP PC | CITY OF NEWARK,FALSE,not_independent_supported,organisation name carries a hospital/system/academic/government token,,,,,
1952530628,Dr. Virginia Smith,Non-PE,fielded,pair_315,Wilkes Barre,PA,location_resolved,phone,5395657001,GEISINGER CLINIC,2828,400,47,79,324,2828,69,0.0166,,,,4880947126|648598334,3,L JUSTIN GAYLE MD PLLC|VIRGINIA SMITH MD PLLC,2828,GEISINGER CLINIC,FALSE,not_independent_supported,organisation name carries a hospital/system/academic/government token,,,,,
1952530685,Dr. Ana Madariya,Non-PE,universe,pair_416,Worcester,MA,location_resolved,phone,5597755322,RELIANT MEDICAL GROUP INC,544,104,11,158,22,544,47,0.0202,,,,,,,544,RELIANT MEDICAL GROUP INC,FALSE,independence_unresolved,"large organisation, name uninformative; needs external adjudication",,,,,
1952542839,Dr. Lorena Tinoco,Non-PE,universe,pair_81,South Miami,FL,no_organisation_on_sampled_row,phone,,,,,,,,,,,,,,,,,NA,,NA,independence_unresolved,no_organisation_on_sampled_row,,,,,
1952542987,Dr. Karla Gil,PE,roster_only,,,FL,no_dac_affiliation,,,,,,,,,,,,,,,,,,,,,independence_unresolved,no_dac_affiliation,,,,,
1952561607,"Maureen Kelly, MD",PE,roster_only,,,DE,affiliation_location_mismatch,,,,,,,,,,,,,CCRM Fertility,,,,,,,,independence_unresolved,affiliation_location_mismatch,,,,,
1952627572,"Matthew T. Connell, D.O.",PE,roster_only,,,MD,no_dac_affiliation,,,,,,,,,,,,,,,,,,,,,independence_unresolved,no_dac_affiliation,,,,,
1952643462,Dr. Yamirka Perugorria,PE,universe,pair_143,Margate,FL,location_resolved,city_state,8921091786,VITALMD GROUP HOLDING LLC,430,152,283,3,117,430,22,0.6581,Femwell Group Health,Femwell Group Health,,,,,,,,not_independent_supported,"sampled organisation contains clinicians from PE platform ""Femwell Group Health"" on the study roster",,,,,
1952689804,Dr. Aliese Smith,Non-PE,universe,pair_49,Miami,FL,location_resolved,phone,8921091786,VITALMD GROUP HOLDING LLC,430,152,283,375,117,430,22,0.6581,Femwell Group Health,Femwell Group Health,,,,,430,VITALMD GROUP HOLDING LLC,FALSE,not_independent_supported,"sampled organisation contains clinicians from PE platform ""Femwell Group Health"" on the study roster",,,,,
1952716680,Dr. Hilary Frank,PE,universe,pair_318,Maple Grove,MN,location_resolved,phone,1355396110,PREMIER OBGYN OF MINNESOTA PLLC,68,14,46,16,21,68,6,0.6765,Unified Women's Healthcare,Unified Women's Healthcare,,,,,,,,not_independent_supported,"sampled organisation contains clinicians from PE platform ""Unified Women's Healthcare"" on the study roster",,,,,
1952807273,Dr. Aimee Bethancourt,PE,fielded+universe,pair_224,Oviedo,FL,location_resolved,city_state,9234031444,WOMENS CARE FLORIDA LLC,293,58,198,3,74,293,8,0.6758,Women's Care Enterprises,Women's Care Enterprises,Hospital,,,,,,,not_independent_supported,"sampled organisation contains clinicians from PE platform ""Women's Care Enterprises"" on the study roster",,,,,
1952835829,Dr. Ahmad Kerr,PE,fielded,pair_354,Washington,DC,location_resolved,city_state,0345237210,DRS REITER AND HILL PLLC,18,3,15,14,3,18,2,0.8333,Advantia Health,Advantia Health,,,,,,,,not_independent_supported,"sampled organisation contains clinicians from PE platform ""Advantia Health"" on the study roster",,,,,
1952896540,"Nimali Weerasooriya, MD",PE,roster_only,,,NJ,affiliation_location_mismatch,,,,,,,,,,,,,Axia Women's Health,,,,,,,,independence_unresolved,affiliation_location_mismatch,,,,,
1962067926,"Joana Barth, MD",PE,roster_only,,,MI,no_dac_affiliation,,,,,,,,,,,,,,,,,,,,,independence_unresolved,no_dac_affiliation,,,,,
1962433250,Dr. Shayna Rubin,Non-PE,fielded,pair_185,Chicago,IL,location_resolved,phone,8325195506,"TOGETHER WOMEN'S HEALTH MEDICAL GROUP OF ILLINOIS, PLLC",7,0,6,4,4,7,2,0.8571,,,Hospital,3678637220,5,WOMENS HEALTH CONSULTING LLC,7,"TOGETHER WOMEN'S HEALTH MEDICAL GROUP OF ILLINOIS, PLLC | WO",TRUE,independent_supported,"single-specialty OB/GYN organisation, no system token, no PE-roster member",,,,,
1962443036,Dr. Joseph Triana,PE,universe,pair_369,Miami,FL,location_resolved,city_state,8921091786,VITALMD GROUP HOLDING LLC,430,152,283,375,117,430,22,0.6581,Femwell Group Health,Femwell Group Health,,,,,,,,not_independent_supported,"sampled organisation contains clinicians from PE platform ""Femwell Group Health"" on the study roster",,,,,
1962464560,Dr. David Wells,Non-PE,universe,pair_174,Tampa,FL,location_resolved,phone,9234031444,WOMENS CARE FLORIDA LLC,293,58,198,260,74,293,8,0.6758,Women's Care Enterprises,Women's Care Enterprises,,,,,293,WOMENS CARE FLORIDA LLC,FALSE,not_independent_supported,"sampled organisation contains clinicians from PE platform ""Women's Care Enterprises"" on the study roster",,,,,
1962471110,Dr. Kimberly Morse,PE,universe,pair_325,Columbia,MO,location_resolved,phone,9739078916,"WOMEN'S HEALTH ASSOCIATES, INC.",10,3,10,10,1,10,,,Together Women's Health,Together Women's Health,,,,,,,,not_independent_supported,"sampled organisation contains clinicians from PE platform ""Together Women's Health"" on the study roster",,,,,
1962481028,Dr. Todd Goldberg,PE,roster_only,,,FL,affiliation_location_mismatch,,,,,,,,,,,,,Femwell Group Health,,,,,,,,independence_unresolved,affiliation_location_mismatch,,,,,
1962484477,Dr. Jordan Mussary,PE,roster_only,,,FL,no_dac_affiliation,,,,,,,,,,,,,,,,,,,,,independence_unresolved,no_dac_affiliation,,,,,
1962498923,"Caryn Bray, MD",PE,roster_only,,,FL,affiliation_location_mismatch,,,,,,,,,,,,,Women's Care Enterprises,,,,,,,,independence_unresolved,affiliation_location_mismatch,,,,,
1962499426,Dr. Sujata Yavagal,PE,roster_only,,,FL,affiliation_location_mismatch,,,,,,,,,,,,,Femwell Group Health,,,,,,,,independence_unresolved,affiliation_location_mismatch,,,,,
1962510503,Dr. Steven Birnbach,PE,universe,pair_123,Miami,FL,location_resolved,city_state,8921091786,VITALMD GROUP HOLDING LLC,430,152,283,375,117,430,22,0.6581,Femwell Group Health,Femwell Group Health,,,,,,,,not_independent_supported,"sampled organisation contains clinicians from PE platform ""Femwell Group Health"" on the study roster",,,,,
1962513648,Dr. Dwight Benjamin,Non-PE,universe,pair_61,Miami,FL,location_resolved,phone,8921091786,VITALMD GROUP HOLDING LLC,430,152,283,375,117,430,22,0.6581,Femwell Group Health,Femwell Group Health,,,,,430,VITALMD GROUP HOLDING LLC,FALSE,not_independent_supported,"sampled organisation contains clinicians from PE platform ""Femwell Group Health"" on the study roster",,,,,
1962528257,"Pavna K. Brahma, M.D.",PE,roster_only,,,MD,no_dac_affiliation,,,,,,,,,,,,,,,,,,,,,independence_unresolved,no_dac_affiliation,,,,,
1962563395,Dr. Helen Salsbury,Non-PE,universe,pair_127,Pembroke Pines,FL,location_resolved,phone,8426132820,MY OB GYN LLC,2,0,1,2,1,2,,,,,,,,,2,MY OB GYN LLC,TRUE,independence_unresolved,no affirmative evidence either way,,,,,
1962575597,Dr. Michael Dempsey,PE,fielded,pair_345,Columbus,GA,location_resolved,phone,9931291226,"SERENA D. TIDWELL, M.D., P.C.",6,0,4,4,3,6,3,0.6667,Nova Women's Health Partners,Nova Women's Health Partners,Hospital,,,,,,,not_independent_supported,"sampled organisation contains clinicians from PE platform ""Nova Women's Health Partners"" on the study roster",,,,,
1962603613,"Jade L. Pizarro, MD, FACOG",PE,roster_only,,,FL,affiliation_location_mismatch,,,,,,,,,,,,,Women's Care Enterprises,,,,,,,,independence_unresolved,affiliation_location_mismatch,,,,,
1962660621,Marie D. Werner,PE,roster_only,,,NJ,no_dac_affiliation,,,,,,,,,,,,,,,,,,,,,independence_unresolved,no_dac_affiliation,,,,,
1962816074,Dr. Nathalie Gutierrez Prieto,Non-PE,universe,pair_55,Naples,FL,location_resolved,phone,5395807218,FLORIDA WOMAN CARE LLC,510,87,337,8,214,510,8,0.6608,Women's Care Enterprises,Women's Care Enterprises,,,,,510,FLORIDA WOMAN CARE LLC,FALSE,not_independent_supported,"sampled organisation contains clinicians from PE platform ""Women's Care Enterprises"" on the study roster",,,,,
1962819276,Dr. John Siemon,PE,roster_only,,,FL,affiliation_location_mismatch,,,,,,,,,,,,,Femwell Group Health,,,,,,,,independence_unresolved,affiliation_location_mismatch,,,,,
1962864389,Dr. Michael Mcbath,Non-PE,universe,pair_419,Worcester,MA,location_resolved,phone,5597755322,RELIANT MEDICAL GROUP INC,544,104,11,158,22,544,47,0.0202,,,,,,,544,RELIANT MEDICAL GROUP INC,FALSE,independence_unresolved,"large organisation, name uninformative; needs external adjudication",,,,,
1962940809,Dr. Monica Pinglo,PE,roster_only,,,FL,affiliation_location_mismatch,,,,,,,,,,,,,Femwell Group Health,,,,,,,,independence_unresolved,affiliation_location_mismatch,,,,,
1962990143,"Papri Sarkar, M.D.",PE,roster_only,,,FL,no_dac_affiliation,,,,,,,,,,,,,,,,,,,,,independence_unresolved,no_dac_affiliation,,,,,
1972062032,Dr. Stephanie Figueira,Non-PE,universe,pair_39,Miami,FL,location_resolved,phone,8921091786,VITALMD GROUP HOLDING LLC,430,152,283,375,117,430,22,0.6581,Femwell Group Health,Femwell Group Health,,,,,430,VITALMD GROUP HOLDING LLC,FALSE,not_independent_supported,"sampled organisation contains clinicians from PE platform ""Femwell Group Health"" on the study roster",,,,,
1972066603,Dr. Kerry Fields,PE,universe,pair_420,Worcester,MA,location_resolved,phone,3274430665,"PHYSICIANS FOR WOMEN'S HEALTH, LLC",278,45,201,5,78,278,7,0.723,Unified Women's Healthcare,Unified Women's Healthcare,,,,,,,,not_independent_supported,"sampled organisation contains clinicians from PE platform ""Unified Women's Healthcare"" on the study roster",,,,,
1972161800,Dr. Lorena Rosero,Non-PE,universe,pair_32,Miami Beach,FL,location_resolved,phone,9436336120,PHYSICIAN PRACTICES OF MSMC LLC,130,15,9,5,33,130,,,,,,,,,130,PHYSICIAN PRACTICES OF MSMC LLC,FALSE,independence_unresolved,"large organisation, name uninformative; needs external adjudication",,,,,
1972182491,Dr. Kaitlyn Oelkers,PE,universe,pair_287,Phoenix,AZ,no_dac_affiliation,,,,,,,,,,,,,,,,,,,,,independence_unresolved,no_dac_affiliation,,,,,
1972503183,"Deborah Hamby, MD",PE,roster_only,,,MI,affiliation_location_mismatch,,,,,,,,,,,,,Together Women's Health,,,,,,,,independence_unresolved,affiliation_location_mismatch,,,,,
1972503670,"Michelle Reinke-Young, DO",PE,roster_only,,,MI,affiliation_location_mismatch,,,,,,,,,,,,,Unified Women's Healthcare,,,,,,,,independence_unresolved,affiliation_location_mismatch,,,,,
1972504488,Dr. Clyde Jacob,Non-PE,fielded,pair_344,Columbus,GA,location_resolved,phone,9133378763,DHP OF PIEDMONT PC,20,4,18,2,5,20,2,0.9,,,,143138016|3072402395|5890703177|6709002850|8820247844|8820901408,3168,DHP OF NEW JERSEY PA|EMORY CLINIC INC|NEIGHBORHOOD HEALTH SERVICES CORPORATION|PRACTICE ASSOCIATES M,20,DHP OF PIEDMONT PC,FALSE,independent_supported,"single-specialty OB/GYN organisation, no system token, no PE-roster member",,,,,
1972509784,"Beata Weiermiller, MD",PE,roster_only,,,MI,affiliation_location_mismatch,,,,,,,,,,,,,Together Women's Health,,,,,,,,independence_unresolved,affiliation_location_mismatch,,,,,
1972513935,Dr. Marc Siegel,PE,fielded,pair_457,Somers Point,NJ,location_resolved,phone,2961316328,REGIONAL WOMENS HEALTH GROUP LLC,334,85,227,9,110,334,8,0.6796,Axia Women's Health,Axia Women's Health,Hospital,2163604588|4082528898|8820247752|9436323342,1106,"DHP OF VIRGINIA PC|MEDICAL FACULTY ASSOCIATES, INC|OBHG VIRGINIA LLC|VIRGINIA WOMENS CENTER INC",,,,not_independent_supported,"sampled organisation contains clinicians from PE platform ""Axia Women's Health"" on the study roster",,,,,
1972533032,"Jeffrey Obron, MD",PE,roster_only,,,MI,affiliation_location_mismatch,,,,,,,,,,,,,,,,,,,,,independence_unresolved,affiliation_location_mismatch,,,,,
1972552982,Dr. Fawwaz Salman,PE,roster_only,,,FL,affiliation_location_mismatch,,,,,,,,,,,,,Femwell Group Health,,,,,,,,independence_unresolved,affiliation_location_mismatch,,,,,
1972554756,Dr. Nader Abdelsayed,Non-PE,universe,pair_327,North Las Vegas,NV,location_resolved,phone,1557514692,"NADER Y. ABDELSAYED, M.D., PROFESSIONAL CORPORATION",4,1,3,4,1,4,2,0.75,,,,,,,4,"NADER Y. ABDELSAYED, M.D., PROFESSIONAL CORPORATION",TRUE,independent_supported,"single-specialty OB/GYN organisation, no system token, no PE-roster member",,,,,
1972578375,Dr. Bridget Frangella,Non-PE,fielded,pair_319,Plainfield,IL,location_resolved,phone,5496667941,DUPAGE MEDICAL GROUP LTD,1196,264,54,9,118,1196,53,0.0452,,,Hospital,5496667941,1123,DU PAGE MEDICAL GROUP LTD,1196,DUPAGE MEDICAL GROUP LTD,FALSE,independence_unresolved,"large organisation, name uninformative; needs external adjudication",,,,,
1972585198,Dr. Irwin Steinberg,PE,universe,pair_23,Pembroke Pines,FL,location_resolved,phone,8921091786,VITALMD GROUP HOLDING LLC,430,152,283,2,117,430,22,0.6581,Femwell Group Health,Femwell Group Health,,,,,,,,not_independent_supported,"sampled organisation contains clinicians from PE platform ""Femwell Group Health"" on the study roster",,,,,
1972681393,Dr. Elizabeth Etkin-Kramer,PE,universe,pair_16,Miami Beach,FL,no_dac_affiliation,,,,,,,,,,,,,,,,,,,,,independence_unresolved,no_dac_affiliation,,,,,
1972694495,Dr. Michael Schrempf,Non-PE,universe,pair_438,Danbury,CT,location_resolved,phone,3274430665,"PHYSICIANS FOR WOMEN'S HEALTH, LLC",278,45,201,176,78,278,7,0.723,Unified Women's Healthcare,Unified Women's Healthcare,,,,,278,"PHYSICIANS FOR WOMEN'S HEALTH, LLC",FALSE,not_independent_supported,"sampled organisation contains clinicians from PE platform ""Unified Women's Healthcare"" on the study roster",,,,,
1972711547,"Katherine McKnight, MD",PE,roster_only,,,TX,no_dac_affiliation,,,,,,,,,,,,,,,,,,,,,independence_unresolved,no_dac_affiliation,,,,,
1972730224,"Amy Lee Harris, M.D.",PE,roster_only,,,CO,no_dac_affiliation,,,,,,,,,,,,,,,,,,,,,independence_unresolved,no_dac_affiliation,,,,,
1972772994,Dr. Victor Cantero,Non-PE,universe,pair_72,Pembroke Pines,FL,location_resolved,phone,8921091786,VITALMD GROUP HOLDING LLC,430,152,283,1,117,430,22,0.6581,Femwell Group Health,Femwell Group Health,,,,,430,VITALMD GROUP HOLDING LLC,FALSE,not_independent_supported,"sampled organisation contains clinicians from PE platform ""Femwell Group Health"" on the study roster",,,,,
1972777134,Dr. Emily Cyr,PE,fielded,pair_334,Phoenix,AZ,location_resolved,phone,2769468594,CENTRAL PHOENIX WOMEN'S HEALTH CARE LTD,3,0,3,3,1,3,1,1.0,Unified Women's Healthcare,Unified Women's Healthcare,,2769468594,4,CENTRAL PHOENIX WOMEN'S HEALTH CARE LTD,,,,not_independent_supported,"sampled organisation contains clinicians from PE platform ""Unified Women's Healthcare"" on the study roster",,,,,
1972868495,"Rubin Raju, MD, FACOG",PE,roster_only,,,FL,affiliation_location_mismatch,,,,,,,,,,,,,Women's Care Enterprises,,,,,,,,independence_unresolved,affiliation_location_mismatch,,,,,
1972922128,Dr. Christine Kansky,PE,universe,pair_242,Kennett Square,PA,location_resolved,phone,2961316328,REGIONAL WOMENS HEALTH GROUP LLC,334,85,227,2,110,334,8,0.6796,Axia Women's Health,Axia Women's Health,,,,,,,,not_independent_supported,"sampled organisation contains clinicians from PE platform ""Axia Women's Health"" on the study roster",,,,,
1972949220,Dr. Elise Simpson,PE,fielded+universe,pair_1,East Lansing,MI,location_resolved,city_state,0345626073,UWH OF MICHIGAN PLC,39,8,31,21,5,39,2,0.7949,Unified Women's Healthcare,Unified Women's Healthcare,Hospital,7315856077,375,ASCENSION MEDICAL GROUP PROMED,,,,not_independent_supported,"sampled organisation contains clinicians from PE platform ""Unified Women's Healthcare"" on the study roster",,,,,
1972990083,"Jerrine R. Morris, M.D.",PE,roster_only,,,MD,no_dac_affiliation,,,,,,,,,,,,,,,,,,,,,independence_unresolved,no_dac_affiliation,,,,,
1982043311,Dr. Eden Zeleke,Non-PE,universe,pair_202,Clearwater,FL,location_resolved,phone,6406753623,"BAYCARE MEDICAL GROUP, INC.",976,118,11,836,115,976,,,Femwell Group Health,Femwell Group Health,,,,,976,"BAYCARE MEDICAL GROUP, INC.",FALSE,not_independent_supported,"sampled organisation contains clinicians from PE platform ""Femwell Group Health"" on the study roster",,,,,
1982164695,Dr. Cynthia Mckinney,PE,fielded+universe,pair_292,Little Silver,NJ,no_dac_affiliation,,,,,,,,,,,,,,,,,,,,,independence_unresolved,no_dac_affiliation,,,,,
1982265302,"Alyssa Kurtz, DO",PE,roster_only,,,NJ,affiliation_location_mismatch,,,,,,,,,,,,,Axia Women's Health,,,,,,,,independence_unresolved,affiliation_location_mismatch,,,,,
1982600292,"Sarah Warsetsky, MD",PE,roster_only,,,NJ,affiliation_location_mismatch,,,,,,,,,,,,,Axia Women's Health,,,,,,,,independence_unresolved,affiliation_location_mismatch,,,,,
1982609178,"Jorge E. Mendia, M.D.",PE,roster_only,,,FL,affiliation_location_mismatch,,,,,,,,,,,,,Femwell Group Health,,,,,,,,independence_unresolved,affiliation_location_mismatch,,,,,
1982652921,"Garo Megerian, MD, FACOG",PE,roster_only,,,NJ,affiliation_location_mismatch,,,,,,,,,,,,,Axia Women's Health,,,,,,,,independence_unresolved,affiliation_location_mismatch,,,,,
1982662946,Angela Q. Leung,PE,roster_only,,,NJ,affiliation_location_mismatch,,,,,,,,,,,,,IVI RMA Global,,,,,,,,independence_unresolved,affiliation_location_mismatch,,,,,
1982665279,Dr. Kristin Fernandez,Non-PE,universe,pair_188,Tampa,FL,location_resolved,phone,9234031444,WOMENS CARE FLORIDA LLC,293,58,198,260,74,293,8,0.6758,Women's Care Enterprises,Women's Care Enterprises,,,,,293,WOMENS CARE FLORIDA LLC,FALSE,not_independent_supported,"sampled organisation contains clinicians from PE platform ""Women's Care Enterprises"" on the study roster",,,,,
1982686275,Dr. Anthony Martell,PE,fielded+universe,pair_116,Coral Springs,FL,no_dac_affiliation,,,,,,,,,,,,,,,,,,,,,independence_unresolved,no_dac_affiliation,,,,,
1982690541,"David S. Saffan, M.D.",PE,roster_only,,,MD,no_dac_affiliation,,,,,,,,,,,,,,,,,,,,,independence_unresolved,no_dac_affiliation,,,,,
1982844130,Dr. Stacy Martinucci,PE,universe,pair_453,Englewood,NJ,location_resolved,phone,2961316328,REGIONAL WOMENS HEALTH GROUP LLC,334,85,227,4,110,334,8,0.6796,Axia Women's Health,Axia Women's Health,,,,,,,,not_independent_supported,"sampled organisation contains clinicians from PE platform ""Axia Women's Health"" on the study roster",,,,,
1982894879,Dr. Jill Botelho,PE,fielded,pair_212,Lutz,FL,location_resolved,phone,9234031444,WOMENS CARE FLORIDA LLC,293,58,198,9,74,293,8,0.6758,Women's Care Enterprises,Women's Care Enterprises,Hospital,1850674870|9234031444,446,"WOMENS CARE FLORIDA LLC|WOMENS' HEALTH HOSPITALISTS, LLC",,,,not_independent_supported,"sampled organisation contains clinicians from PE platform ""Women's Care Enterprises"" on the study roster",,,,,
1982909305,Dr. Wilfredo Alvarez,PE,roster_only,,,FL,no_dac_affiliation,,,,,,,,,,,,,,,,,,,,,independence_unresolved,no_dac_affiliation,,,,,
1982936860,Dr. Ladson Gaddy-Dubac,PE,fielded,pair_390,Asheville,NC,no_dac_affiliation,,,,,,,,,,,,,,,42448169|9638253297,389,ANGEL MEDICAL CENTER INC|UWH OF NORTH CAROLINA LLP,,,,independence_unresolved,no_dac_affiliation,,,,,
1982970802,Dr. Rosana Rodriguez,PE,universe,pair_106,Miami,FL,location_resolved,phone,8921091786,VITALMD GROUP HOLDING LLC,430,152,283,2,117,430,22,0.6581,Femwell Group Health,Femwell Group Health,,,,,,,,not_independent_supported,"sampled organisation contains clinicians from PE platform ""Femwell Group Health"" on the study roster",,,,,
1982994976,"Marlaine Jean-Miller, MD, FACOG",PE,roster_only,,,CT,affiliation_location_mismatch,,,,,,,,,,,,,Unified Women's Healthcare,,,,,,,,independence_unresolved,affiliation_location_mismatch,,,,,
1992019822,Dr. Nadia Pile,PE,fielded+universe,pair_234,Tampa,FL,location_resolved,phone,9234031444,WOMENS CARE FLORIDA LLC,293,58,198,5,74,293,8,0.6758,Women's Care Enterprises,Women's Care Enterprises,Hospital,1850674870|3375447675|648175612|9234031444,446,"EXODUS WOMENS CENTER INC|TAMPA OBSTETRICS, P.A.|WOMENS CARE FLORIDA LLC|WOMENS' HEALTH HOSPITALISTS,",,,,not_independent_supported,"sampled organisation contains clinicians from PE platform ""Women's Care Enterprises"" on the study roster",,,,,
1992088926,Scott J. Morin,PE,roster_only,,,CA,no_dac_affiliation,,,,,,,,,,,,,,,,,,,,,independence_unresolved,no_dac_affiliation,,,,,
1992099220,Joseph M. Letourneau,PE,roster_only,,,UT,no_dac_affiliation,,,,,,,,,,,,,,,,,,,,,independence_unresolved,no_dac_affiliation,,,,,
1992144653,Emily K. Osman,PE,roster_only,,,NJ,no_dac_affiliation,,,,,,,,,,,,,,,,,,,,,independence_unresolved,no_dac_affiliation,,,,,
1992148035,Dr. Laura Peter,PE,universe,pair_372,Miami,FL,location_resolved,city_state,8921091786,VITALMD GROUP HOLDING LLC,430,152,283,375,117,430,22,0.6581,Femwell Group Health,Femwell Group Health,,,,,,,,not_independent_supported,"sampled organisation contains clinicians from PE platform ""Femwell Group Health"" on the study roster",,,,,
1992159198,Adina Schwartz,PE,roster_only,,,NJ,no_dac_affiliation,,,,,,,,,,,,,,,,,,,,,independence_unresolved,no_dac_affiliation,,,,,
1992362701,"E. Paige Hart, MD",PE,roster_only,,,IN,no_dac_affiliation,,,,,,,,,,,,,,,,,,,,,independence_unresolved,no_dac_affiliation,,,,,
1992726871,Dr. Svetlana Maslyak,PE,universe,pair_131,Miami,FL,location_resolved,city_state,8921091786,VITALMD GROUP HOLDING LLC,430,152,283,375,117,430,22,0.6581,Femwell Group Health,Femwell Group Health,,,,,,,,not_independent_supported,"sampled organisation contains clinicians from PE platform ""Femwell Group Health"" on the study roster",,,,,
1992740385,Dr. Marianne Herrighty,PE,fielded+universe,pair_499,Kearny,NJ,location_resolved,phone,2961316328,REGIONAL WOMENS HEALTH GROUP LLC,334,85,227,20,110,334,8,0.6796,Axia Women's Health,Axia Women's Health,Hospital,2961316328|4880507144,298,CLARA MAASS MEDICAL CENTER HOUSE PHYSICIANS|REGIONAL WOMENS HEALTH GROUP LLC,,,,not_independent_supported,"sampled organisation contains clinicians from PE platform ""Axia Women's Health"" on the study roster",,,,,
1992762678,Dr. Audrey Ofir,PE,roster_only,,,FL,no_dac_affiliation,,,,,,,,,,,,,,,,,,,,,independence_unresolved,no_dac_affiliation,,,,,
1992785026,Dr. Guillermo Lievano,PE,roster_only,,,FL,affiliation_location_mismatch,,,,,,,,,,,,,Femwell Group Health,,,,,,,,independence_unresolved,affiliation_location_mismatch,,,,,
1992788301,Dr. Ellen Schwartzbard,Non-PE,universe,pair_65,South Miami,FL,location_resolved,phone,5395807218,FLORIDA WOMAN CARE LLC,510,87,337,3,214,510,8,0.6608,Women's Care Enterprises,Women's Care Enterprises,,,,,510,FLORIDA WOMAN CARE LLC,FALSE,not_independent_supported,"sampled organisation contains clinicians from PE platform ""Women's Care Enterprises"" on the study roster",,,,,
1992792212,"Lon Katz, MD, FACOG",PE,roster_only,,,MI,affiliation_location_mismatch,,,,,,,,,,,,,Unified Women's Healthcare,,,,,,,,independence_unresolved,affiliation_location_mismatch,,,,,
1992797757,Dr. Chandrika Joshi,Non-PE,universe,pair_203,East Lansing,MI,location_resolved,phone,0345626073,UWH OF MICHIGAN PLC,39,8,31,21,5,39,2,0.7949,Unified Women's Healthcare,Unified Women's Healthcare,,,,,39,UWH OF MICHIGAN PLC,FALSE,not_independent_supported,"sampled organisation contains clinicians from PE platform ""Unified Women's Healthcare"" on the study roster",,,,,
1992798953,"Wendy Lee, DO",PE,roster_only,,,AZ,no_dac_affiliation,,,,,,,,,,,,,,,,,,,,,independence_unresolved,no_dac_affiliation,,,,,
1992800478,"Robert Gustofson, MD",PE,roster_only,,,CO,no_dac_affiliation,,,,,,,,,,,,,,,,,,,,,independence_unresolved,no_dac_affiliation,,,,,
1992818199,Dr. David Ellman,PE,roster_only,,,FL,affiliation_location_mismatch,,,,,,,,,,,,,Femwell Group Health,,,,,,,,independence_unresolved,affiliation_location_mismatch,,,,,
1992897821,Dr. Jila Senemar,PE,roster_only,,,FL,affiliation_location_mismatch,,,,,,,,,,,,,Femwell Group Health,,,,,,,,independence_unresolved,affiliation_location_mismatch,,,,,
1992907117,Dr. Rebecca Karsenti,PE,universe,pair_58,Miami,FL,location_resolved,phone,8921091786,VITALMD GROUP HOLDING LLC,430,152,283,4,117,430,22,0.6581,Femwell Group Health,Femwell Group Health,,,,,,,,not_independent_supported,"sampled organisation contains clinicians from PE platform ""Femwell Group Health"" on the study roster",,,,,
1992933857,Dr. Stephanie Chase,Non-PE,universe,pair_338,Hickory,NC,location_resolved,phone,0042448169,UWH OF THE CAROLINAS PLLC,294,40,208,14,66,294,8,0.7075,Unified Women's Healthcare,Unified Women's Healthcare,,,,,294,UWH OF THE CAROLINAS PLLC,FALSE,not_independent_supported,"sampled organisation contains clinicians from PE platform ""Unified Women's Healthcare"" on the study roster",,,,,
1992965164,Dr. Jose Bestard,Non-PE,universe,pair_371,Miami,FL,location_resolved,phone,8921091786,VITALMD GROUP HOLDING LLC,430,152,283,3,117,430,22,0.6581,Femwell Group Health,Femwell Group Health,,,,,430,VITALMD GROUP HOLDING LLC,FALSE,not_independent_supported,"sampled organisation contains clinicians from PE platform ""Femwell Group Health"" on the study roster",,,,,
1992968994,Dr. Steven Solano,Non-PE,universe,pair_429,Worcester,MA,location_resolved,phone,5597755322,RELIANT MEDICAL GROUP INC,544,104,11,158,22,544,47,0.0202,,,,,,,544,RELIANT MEDICAL GROUP INC,FALSE,independence_unresolved,"large organisation, name uninformative; needs external adjudication",,,,,
1992973036,"Melissa Yih, MD",PE,roster_only,,,NJ,no_dac_affiliation,,,,,,,,,,,,,,,,,,,,,independence_unresolved,no_dac_affiliation,,,,,
