npi,name,arm,pair,eligible,city,state,pecos_status,location_match_method,dac_org_pac_id,dac_org_name,dac_national_clinicians,dac_national_physicians,dac_national_obgyn,dac_local_clinicians,dac_org_locations,dac_num_org_mem,dac_n_affiliations,pecos2019_n_org,pecos2019_org_pacs,pecos2019_national_members,pecos2019_org_names,cms_facility_types,existing_org_size_max,existing_facility,existing_independent_at_threshold,comparator_class,classification_reason
1912969700,Dr. Elizabeth Ferik,Non-PE,pair_1,TRUE,Lansing,MI,location_resolved,phone,7214833466,MCLAREN GREATER LANSING,103,22,11,17,27,103,1,1,7214833466,156,MCLAREN GREATER LANSING,Hospital,103,MCLAREN GREATER LANSING,FALSE,independence_unresolved,organisation has 103 clinicians nationally but the name is uninformative; requires external verification
1972949220,Dr. Elise Simpson,PE,pair_1,TRUE,East Lansing,MI,location_resolved,city_state,0345626073,UWH OF MICHIGAN PLC,39,8,31,21,5,39,1,1,7315856077,375,ASCENSION MEDICAL GROUP PROMED,Hospital,,,,independent_supported,resolved to a single organisation with no system/academic/government token and fewer than 100 clinicians nationally
1437443835,Dr. Emma Rodgers Biebuyck,Non-PE,pair_2,TRUE,Petoskey,MI,ambiguous_multiple_org,phone,0345626073,UWH OF MICHIGAN PLC,39,8,31,6,5,39,2,1,6103808878,8,"BAYVIEW OB/GYN, PC",Hospital,39,"BAYVIEW OB/GYN, PC | UWH OF MICHIGAN PLC",FALSE,independence_unresolved,ambiguous_multiple_org
1205060761,Dr. Kendra Johnson,PE,pair_2,TRUE,Petoskey,MI,ambiguous_multiple_org,city_state,0345626073,UWH OF MICHIGAN PLC,39,8,31,6,5,39,2,1,6103808878,8,"BAYVIEW OB/GYN, PC",Hospital,,,,independence_unresolved,ambiguous_multiple_org
1609119890,Dr. Tavor Sondheimer,Non-PE,pair_4,TRUE,Washington,DC,location_resolved,phone,6103093513,WHC PHYSICIAN GROUP LLC,313,52,33,227,16,313,1,1,6103093513,606,WHC PHYSICIAN GROUP LLC,Hospital,313,WHC PHYSICIAN GROUP LLC,FALSE,independence_unresolved,organisation has 313 clinicians nationally but the name is uninformative; requires external verification
1346789690,Dr. Millet Yang,PE,pair_4,FALSE,Washington,DC,no_dac_affiliation,,,,,,,,,,0,0,,,,,,,,independence_unresolved,no_dac_affiliation
1053394205,Dr. Robert Feldman,Non-PE,pair_8,TRUE,South Miami,FL,location_resolved,phone,5395807218,FLORIDA WOMAN CARE LLC,510,87,337,3,214,510,1,2,1456449016|3870696933,315,BAPTIST HEALTH MEDICAL GROUP PHYSICIANS LLC|ROBERT A FELDMAN MD PA,Hospital,510,FLORIDA WOMAN CARE LLC,FALSE,independence_unresolved,organisation has 510 clinicians nationally but the name is uninformative; requires external verification
1831129584,Dr. Leonardo Blachar,PE,pair_8,FALSE,Miami,FL,location_resolved,city_state,8921091786,VITALMD GROUP HOLDING LLC,430,152,283,375,117,430,1,1,8921091786,466,VITALMD GROUP HOLDING LLC,Hospital,,,,independence_unresolved,organisation has 430 clinicians nationally but the name is uninformative; requires external verification
1316149909,Dr. Adegboyega Adejana,Non-PE,pair_22,TRUE,Baltimore,MD,location_resolved,phone,,,0,0,0,0,0,,1,2,3678472214|5395981716,424,"TRINITY OBSTETRICS & GYNECOLOGY, P.C.|UNIVERSITY OF MARYLAND COMMUNITY MEDICAL GROUP INC",,NA,,NA,independent_supported,resolved to a single organisation with no system/academic/government token and fewer than 100 clinicians nationally
1679708416,Dr. Rachel Schleichert,PE,pair_22,FALSE,Towson,MD,location_resolved,city_state,9537133111,STANLEY J MILLER MD PA,2,1,0,2,1,2,3,7,1153367107|4082651765|446435465|4486743085|7810888484|9436394962|9537133111,38,"ARTHUR S COLSKY MD PHD PA|CIOCCA DERMATOLOGY PA|DERMATOLOGY PHYSICIANS, INC.|HOLLYWOOD DERMATOLOGY AND COSMETIC SURGERY ",,,,,independent_supported,resolved to a single organisation with no system/academic/government token and fewer than 100 clinicians nationally
1902149743,Dr. Soyoun Bark,Non-PE,pair_24,TRUE,Troy,MI,location_resolved,phone,4183673015,"OAKLAND MACOMB OBSTETRICS AND GYNECOLOGY, P.C.",19,5,17,7,5,19,1,1,9436236593,3,"COMPREHENSIVE WOMEN'S HEALTH, P.C.",Hospital,19,"OAKLAND MACOMB OBSTETRICS AND GYNECOLOGY, P.C.",FALSE,independent_supported,resolved to a single organisation with no system/academic/government token and fewer than 100 clinicians nationally
1922082437,Dr. Hamid Banooni,PE,pair_24,TRUE,Royal Oak,MI,location_resolved,phone,0345413258,MICHIGAN HEALTHCARE PROFESSIONALS PC,449,113,20,8,136,449,1,1,345413258,497,MICHIGAN HEALTHCARE PROFESSIONALS PC,Hospital,,,,independence_unresolved,organisation has 449 clinicians nationally but the name is uninformative; requires external verification
1144222985,Dr. Carrie Speier Schafer,Non-PE,pair_35,TRUE,Farmington Hills,MI,location_resolved,phone,,,0,0,0,0,0,,1,1,143494864,1,LIFECYCLES OBSTETRICS & GYNECOLOGY PC,Hospital,NA,,NA,independent_supported,resolved to a single organisation with no system/academic/government token and fewer than 100 clinicians nationally
1699034215,Dr. Lena Carr,PE,pair_35,TRUE,Novi,MI,location_resolved,city_state,0345626073,UWH OF MICHIGAN PLC,39,8,31,6,5,39,1,4,244138196|3173424082|9537072814|9931297959,1429,ASCENSION ST JOHN HOSPITAL|COMPREHENSIVE WOMANS CARE PC|SWEDISH HEALTH SERVICES,,,,,independent_supported,resolved to a single organisation with no system/academic/government token and fewer than 100 clinicians nationally
1811071764,Dr. Diana Cohen,Non-PE,pair_57,TRUE,Lake Orion,MI,location_resolved,phone,,,0,0,0,0,0,,1,1,8729011341,1,"DIANA L. COHEN, D.O., P.C.",,NA,,NA,independent_supported,resolved to a single organisation with no system/academic/government token and fewer than 100 clinicians nationally
1790346948,Dr. Ariel Gruda,PE,pair_57,TRUE,Rochester,MI,location_resolved,city_state,9739082603,"CONTEMPORARY OBSTETRICS AND GYNECOLOGY, PC",4,0,4,4,1,4,1,0,,,,Hospital,,,,independent_supported,resolved to a single organisation with no system/academic/government token and fewer than 100 clinicians nationally
1417901174,Dr. Daphne Tumaneng,Non-PE,pair_68,TRUE,Warren,MI,location_resolved,phone,0648180406,ASCENSION MEDICAL GROUP MICHIGAN,102,33,15,5,50,102,1,3,648180406|7315859725|7618880667,839,ASCENSION MACOMB OAKLAND HOSPITAL|ASCENSION MEDICAL GROUP MICHIGAN|HAWAII PERMANENTE MEDICAL GROUP INC,Hospital,102,ASCENSION MEDICAL GROUP MICHIGAN,FALSE,independence_unresolved,organisation has 102 clinicians nationally but the name is uninformative; requires external verification
1598855678,Dr. Esther Zekman,PE,pair_68,TRUE,Royal Oak,MI,location_resolved,city_state,0345413258,MICHIGAN HEALTHCARE PROFESSIONALS PC,449,113,20,24,136,449,1,1,345413258,497,MICHIGAN HEALTHCARE PROFESSIONALS PC,Hospital,,,,independence_unresolved,organisation has 449 clinicians nationally but the name is uninformative; requires external verification
1356845903,Dr. Mitchell Bitran,Non-PE,pair_78,TRUE,Miami Beach,FL,location_resolved,phone,8921091786,VITALMD GROUP HOLDING LLC,430,152,283,3,117,430,1,0,,,,,430,VITALMD GROUP HOLDING LLC,FALSE,independence_unresolved,organisation has 430 clinicians nationally but the name is uninformative; requires external verification
1174506323,Dr. Janet Gersten,PE,pair_78,TRUE,Miami,FL,location_resolved,city_state,8921091786,VITALMD GROUP HOLDING LLC,430,152,283,375,117,430,1,1,8921091786,466,VITALMD GROUP HOLDING LLC,,,,,independence_unresolved,organisation has 430 clinicians nationally but the name is uninformative; requires external verification
1821228008,Dr. Christina Caito,Non-PE,pair_87,TRUE,Orlando,FL,location_resolved,phone,5395807218,FLORIDA WOMAN CARE LLC,510,87,337,5,214,510,1,1,7618870296,71,NORTH BREVARD MEDICAL SUPPORT INC,,510,FLORIDA WOMAN CARE LLC,FALSE,independence_unresolved,organisation has 510 clinicians nationally but the name is uninformative; requires external verification
1578662276,Dr. Gene Krishingner,PE,pair_87,TRUE,Orlando,FL,no_dac_affiliation,,,,,,,,,,0,1,5395807218,517,FLORIDA WOMAN CARE LLC,,,,,independence_unresolved,no_dac_affiliation
1205872314,Dr. Rolando Gonzalez,Non-PE,pair_91,TRUE,Hialeah,FL,location_resolved,phone,5395807218,FLORIDA WOMAN CARE LLC,510,87,337,1,214,510,1,1,5395807218,517,FLORIDA WOMAN CARE LLC,Hospital,510,FLORIDA WOMAN CARE LLC,FALSE,independence_unresolved,organisation has 510 clinicians nationally but the name is uninformative; requires external verification
1417986381,Dr. Jeffrey Litt,PE,pair_91,TRUE,Miami,FL,location_resolved,city_state,8921091786,VITALMD GROUP HOLDING LLC,430,152,283,375,117,430,1,1,8921091786,466,VITALMD GROUP HOLDING LLC,Hospital,,,,independence_unresolved,organisation has 430 clinicians nationally but the name is uninformative; requires external verification
1053707034,Dr. Samantha Bunting,Non-PE,pair_101,TRUE,Davie,FL,location_resolved,phone,2264752443,INSTITUTE FOR WOMEN'S HEALTH AND BODY LLC,43,7,27,4,34,43,1,0,,,,,43,INSTITUTE FOR WOMEN'S HEALTH AND BODY LLC,FALSE,independent_supported,resolved to a single organisation with no system/academic/government token and fewer than 100 clinicians nationally
1790746279,Dr. Mark Grenitz,PE,pair_101,TRUE,Plantation,FL,no_dac_affiliation,,,,,,,,,,0,0,,,,,,,,independence_unresolved,no_dac_affiliation
1376611202,Dr. Richard Biggs,Non-PE,pair_106,TRUE,Bradenton,FL,location_resolved,phone,5496019119,MANATEE GYNECOLOGY LLC,8,1,3,8,1,8,1,1,2264343979,351,THE MCDOWELL HOSPITAL INC,Hospital,8,MANATEE GYNECOLOGY LLC,TRUE,independent_supported,resolved to a single organisation with no system/academic/government token and fewer than 100 clinicians nationally
1659383008,Dr. Richard Peterson,PE,pair_106,FALSE,Bradenton,FL,no_dac_affiliation,,,,,,,,,,0,1,244144558,28,ST VINCENTS MEDICAL CENTER INC,,,,,independence_unresolved,no_dac_affiliation
1619905387,Dr. Jonathan Zaidan,Non-PE,pair_115,TRUE,Birmingham,MI,location_resolved,phone,,,0,0,0,0,0,,2,3,1254355878|3072875889|547173213,765,BEAUMONT MEDICAL GROUP HOSPITAL BASED SERVICES|MCLAREN OAKLAND|WOMEN'S HEALTHCARE ASSOCIATES OF OAKLAND PLLC,Hospital,NA,,NA,independent_supported,resolved to a single organisation with no system/academic/government token and fewer than 100 clinicians nationally
1932188760,Dr. Frederick Bartholomew,PE,pair_115,TRUE,Farmington Hills,MI,location_resolved,city_state,0345413258,MICHIGAN HEALTHCARE PROFESSIONALS PC,449,113,20,218,136,449,1,2,3072875889|345413258,765,BEAUMONT MEDICAL GROUP HOSPITAL BASED SERVICES|MICHIGAN HEALTHCARE PROFESSIONALS PC,Hospital,,,,independence_unresolved,organisation has 449 clinicians nationally but the name is uninformative; requires external verification
1932510393,Dr. Lisamarie Colon Ramirez,Non-PE,pair_116,TRUE,Coral Springs,FL,location_resolved,phone,8921091786,VITALMD GROUP HOLDING LLC,430,152,283,4,117,430,1,1,8921091786,466,VITALMD GROUP HOLDING LLC,Hospital,430,VITALMD GROUP HOLDING LLC,FALSE,independence_unresolved,organisation has 430 clinicians nationally but the name is uninformative; requires external verification
1982686275,Dr. Anthony Martell,PE,pair_116,FALSE,Coral Springs,FL,no_dac_affiliation,,,,,,,,,,0,0,,,,,,,,independence_unresolved,no_dac_affiliation
1760758411,Dr. Jeffrey Schachar,Non-PE,pair_120,TRUE,Davie,FL,location_resolved,phone,2264752443,INSTITUTE FOR WOMEN'S HEALTH AND BODY LLC,43,7,27,1,34,43,1,1,7911807128,559,CLEVELAND CLINIC FLORIDA,Hospital,43,INSTITUTE FOR WOMEN'S HEALTH AND BODY LLC,FALSE,independent_supported,resolved to a single organisation with no system/academic/government token and fewer than 100 clinicians nationally
1245478916,Dr. Alvin Martinez,PE,pair_120,TRUE,Pembroke Pines,FL,no_dac_affiliation,,,,,,,,,,0,1,8921091786,466,VITALMD GROUP HOLDING LLC,,,,,independence_unresolved,no_dac_affiliation
1639147911,Dr. Cynthia Baldwin,Non-PE,pair_122,TRUE,Miami,FL,location_resolved,phone,8921091786,VITALMD GROUP HOLDING LLC,430,152,283,375,117,430,1,1,2163487125,6,"SCHWENKER & STAVOY, MD, PA",Hospital,430,VITALMD GROUP HOLDING LLC,FALSE,independence_unresolved,organisation has 430 clinicians nationally but the name is uninformative; requires external verification
1588663363,Dr. Joseph Kerpsack,PE,pair_122,TRUE,Miami,FL,location_resolved,city_state,8921091786,VITALMD GROUP HOLDING LLC,430,152,283,375,117,430,1,3,5193866838|8921091786|9537059084,957,OB HOSPITALIST GROUP LLC|ORLANDO HEALTH PHYSICIAN GROUP INC|VITALMD GROUP HOLDING LLC,Hospital,,,,independence_unresolved,organisation has 430 clinicians nationally but the name is uninformative; requires external verification
1124381108,Dr. Gabriel Valverde Tavarez,Non-PE,pair_124,TRUE,Miami,FL,location_resolved,phone,8921091786,VITALMD GROUP HOLDING LLC,430,152,283,7,117,430,1,0,,,,,430,VITALMD GROUP HOLDING LLC,FALSE,independence_unresolved,organisation has 430 clinicians nationally but the name is uninformative; requires external verification
1720196454,Dr. Nathan Hirsch,PE,pair_124,TRUE,Miami,FL,location_resolved,city_state,8921091786,VITALMD GROUP HOLDING LLC,430,152,283,375,117,430,1,1,8921091786,466,VITALMD GROUP HOLDING LLC,,,,,independence_unresolved,organisation has 430 clinicians nationally but the name is uninformative; requires external verification
1851360945,Dr. Susanne Archer,Non-PE,pair_126,TRUE,Livonia,MI,location_resolved,phone,2466351440,IHA HEALTH SERVICES CORPORATION,898,143,60,32,146,898,1,1,2466351440,729,IHA HEALTH SERVICES CORPORATION,Hospital,898,IHA HEALTH SERVICES CORPORATION,FALSE,not_independent_supported,organisation name carries a hospital/system/academic/government token
1336762681,Dr. Leigh Durudogan,PE,pair_126,TRUE,Novi,MI,no_dac_affiliation,,,,,,,,,,0,0,,,,,,,,independence_unresolved,no_dac_affiliation
1033174644,Dr. Emilio Gomez-Madrazo,Non-PE,pair_128,TRUE,South Miami,FL,location_resolved,phone,5395807218,FLORIDA WOMAN CARE LLC,510,87,337,1,214,510,1,2,5395807218|8022276542,517,FLORIDA WOMAN CARE LLC|FWC UROGYNECOLOGY LLC,,510,FLORIDA WOMAN CARE LLC,FALSE,independence_unresolved,organisation has 510 clinicians nationally but the name is uninformative; requires external verification
1891172201,Dr. Julia Cooper,PE,pair_128,TRUE,South Miami,FL,no_dac_affiliation,,,,,,,,,,0,0,,,,,,,,independence_unresolved,no_dac_affiliation
1508050162,Dr. Maria Pimentel,Non-PE,pair_130,TRUE,Clearwater,FL,location_resolved,phone,9234031444,WOMENS CARE FLORIDA LLC,293,58,198,4,74,293,1,2,1850674870|9234031444,446,"WOMENS CARE FLORIDA LLC|WOMENS' HEALTH HOSPITALISTS, LLC",Hospital,293,WOMENS CARE FLORIDA LLC,FALSE,independence_unresolved,organisation has 293 clinicians nationally but the name is uninformative; requires external verification
1851612477,Dr. Robert Sherman,PE,pair_130,FALSE,Palm Harbor,FL,no_dac_affiliation,,,,,,,,,,0,0,,,,,,,,independence_unresolved,no_dac_affiliation
1003815895,Dr. Kelly Vangilder,Non-PE,pair_133,TRUE,Boynton Beach,FL,location_resolved,phone,5395807218,FLORIDA WOMAN CARE LLC,510,87,337,40,214,510,1,2,2365435120|5395807218,517,FLORIDA WOMAN CARE LLC|OBGYN SPECIALISTS OF THE PALM BEACHES PA,Hospital,510,FLORIDA WOMAN CARE LLC,FALSE,independence_unresolved,organisation has 510 clinicians nationally but the name is uninformative; requires external verification
1114347655,Dr. Sharise Richardson,PE,pair_133,FALSE,Boynton Beach,FL,no_dac_affiliation,,,,,,,,,,0,0,,,,,,,,independence_unresolved,no_dac_affiliation
1336200351,Dr. Jorge Pimienta,Non-PE,pair_138,FALSE,Miami,FL,location_resolved,phone,,,0,0,0,0,0,,1,1,5991850448,1,JORGE F PIMIENTA MD INC,,NA,,NA,independent_supported,resolved to a single organisation with no system/academic/government token and fewer than 100 clinicians nationally
1124084413,Dr. Michael Hellinger,PE,pair_138,FALSE,Miami,FL,location_resolved,city_state,8921091786,VITALMD GROUP HOLDING LLC,430,152,283,375,117,430,1,1,8921091786,466,VITALMD GROUP HOLDING LLC,Hospital,,,,independence_unresolved,organisation has 430 clinicians nationally but the name is uninformative; requires external verification
1447250964,Dr. Jose Berthe,Non-PE,pair_141,TRUE,Coral Springs,FL,location_resolved,phone,8921091786,VITALMD GROUP HOLDING LLC,430,152,283,2,117,430,1,1,8921091786,466,VITALMD GROUP HOLDING LLC,,430,VITALMD GROUP HOLDING LLC,FALSE,independence_unresolved,organisation has 430 clinicians nationally but the name is uninformative; requires external verification
1518145473,Dr. Mark Zakaria,PE,pair_141,TRUE,Coral Springs,FL,location_resolved,city_state,8921091786,VITALMD GROUP HOLDING LLC,430,152,283,3,117,430,1,0,,,,,,,,independence_unresolved,organisation has 430 clinicians nationally but the name is uninformative; requires external verification
1669430328,Dr. Randy Fink,Non-PE,pair_143,TRUE,Miami,FL,location_resolved,phone,,,0,0,0,0,0,,1,1,6507103280,4,"MIAMI CENTER OF EXCELLENCE, LLC",,NA,,NA,independent_supported,resolved to a single organisation with no system/academic/government token and fewer than 100 clinicians nationally
1871084970,Dr. Karan Arora,PE,pair_143,FALSE,Miami,FL,location_resolved,phone,8921091786,VITALMD GROUP HOLDING LLC,430,152,283,5,117,430,1,0,,,,Hospital,,,,independence_unresolved,organisation has 430 clinicians nationally but the name is uninformative; requires external verification
1396187449,Dr. Estrella Chavez Benzaquen,Non-PE,pair_154,TRUE,Pompano Beach,FL,location_resolved,phone,4486634417,PEDIATRIX MEDICAL GROUP OF FLORIDA INC,58,15,31,1,49,58,1,1,7416868120,164,"COMMUNITY HEALTH CENTERS OF THE CENTRAL COAST, INC.",Hospital,58,PEDIATRIX MEDICAL GROUP OF FLORIDA INC,FALSE,independent_supported,resolved to a single organisation with no system/academic/government token and fewer than 100 clinicians nationally
1902301112,Dr. Alexandra Levy,PE,pair_154,TRUE,Boca Raton,FL,no_dac_affiliation,,,,,,,,,,0,0,,,,Hospital,,,,independence_unresolved,no_dac_affiliation
1205056645,Dr. Joseph Prezzato,Non-PE,pair_158,TRUE,Farmington Hills,MI,location_resolved,phone,3173771557,JOSEPH J PREZZATO MD PLLC,2,0,1,2,1,2,1,2,3173771557|6103738703,421,"ASCENSION PROVIDENCE HOSPITAL|JOSEPH J. PREZZATO M.D., PLLC",,2,JOSEPH J PREZZATO MD PLLC,TRUE,independent_supported,resolved to a single organisation with no system/academic/government token and fewer than 100 clinicians nationally
1740542141,Dr. Jennifer Borson,PE,pair_158,TRUE,Novi,MI,location_resolved,phone,0345626073,UWH OF MICHIGAN PLC,39,8,31,6,5,39,1,1,7113828583,9,"WOMEN'S HEALTH CONSULTANTS, PLC",Hospital,,,,independent_supported,resolved to a single organisation with no system/academic/government token and fewer than 100 clinicians nationally
1003896507,Dr. Jane Matos-Fraebel,Non-PE,pair_159,TRUE,Plantation,FL,location_resolved,phone,5395807218,FLORIDA WOMAN CARE LLC,510,87,337,2,214,510,1,1,5395807218,517,FLORIDA WOMAN CARE LLC,,510,FLORIDA WOMAN CARE LLC,FALSE,independence_unresolved,organisation has 510 clinicians nationally but the name is uninformative; requires external verification
1689802670,Dr. Jenny Valencia,PE,pair_159,FALSE,Plantation,FL,no_dac_affiliation,,,,,,,,,,0,1,5991094609,26,EMERGENCY PEDIATRIC SERVICES PA,,,,,independence_unresolved,no_dac_affiliation
1699793042,Dr. Julio Arronte,Non-PE,pair_160,TRUE,Miami,FL,location_resolved,phone,5395807218,FLORIDA WOMAN CARE LLC,510,87,337,4,214,510,1,1,5395807218,517,FLORIDA WOMAN CARE LLC,,510,FLORIDA WOMAN CARE LLC,FALSE,independence_unresolved,organisation has 510 clinicians nationally but the name is uninformative; requires external verification
1902149511,Dr. Brianna Varas,PE,pair_160,FALSE,Miami,FL,no_dac_affiliation,,,,,,,,,,0,0,,,,,,,,independence_unresolved,no_dac_affiliation
1023284494,Dr. Rachel Urrutia,Non-PE,pair_167,TRUE,Chapel Hill,NC,location_resolved,phone,0648181156,UNC PHYSICIANS AND ASSOCIATES,1664,172,63,1606,74,1664,1,2,5092025783|648181156,2048,"REPLY OB/GYN & FERTILITY, PLLC|UNIVERSITY OF NORTH CAROLINA AT CHAPEL HILL",Hospital,1664,UNC PHYSICIANS AND ASSOCIATES,FALSE,independence_unresolved,organisation has 1664 clinicians nationally but the name is uninformative; requires external verification
1407829815,Dr. Aimee Ferrandino,PE,pair_167,FALSE,Durham,NC,no_dac_affiliation,,,,,,,,,,0,1,1355254368,2787,PRIVATE DIAGNOSTIC CLINIC PLLC,,,,,independence_unresolved,no_dac_affiliation
1154614576,Dr. Christopher Bauer,Non-PE,pair_169,TRUE,Morristown,NJ,location_resolved,phone,5890703177,PRACTICE ASSOCIATES MEDICAL GROUP,1109,207,42,732,102,1109,2,3,42297541|5890703177|8224058631,1061,"PHYSICIANS FOR WOMEN, PA|PRACTICE ASSOCIATES MEDICAL GROUP|WAYNE OB GYN LLC",Hospital,1109,CORNELL SCOTT HILL HEALTH CORPORATION | PRACTICE ASSOCIATES MEDICAL GR,FALSE,independence_unresolved,organisation has 1109 clinicians nationally but the name is uninformative; requires external verification
1417290719,Dr. Philip Cheng,PE,pair_169,FALSE,Basking Ridge,NJ,no_dac_affiliation,,,,,,,,,,0,1,941525273,1582,UNIVERSITY OF UTAH ADULT SERVICES,,,,,independence_unresolved,no_dac_affiliation
1376656264,Dr. Daniel Kaelberer,Non-PE,pair_171,TRUE,Murray,UT,location_resolved,phone,,,0,0,0,0,0,,1,1,9335432368,8,COTTONWOOD OB-GYN,,NA,,NA,independent_supported,resolved to a single organisation with no system/academic/government token and fewer than 100 clinicians nationally
1235249509,Dr. James Hotaling,PE,pair_171,FALSE,Salt Lake City,UT,location_resolved,city_state,0941525273,UNIVERSITY OF UTAH ADULT SERVICES,1457,207,28,1209,25,1457,1,2,2365424066|941525273,1582,UNIVERSITY OF UTAH ADULT SERVICES|UNIVERSITY UROLOGY ASSOCIATES,Hospital,,,,not_independent_supported,organisation name carries a hospital/system/academic/government token
1669496949,Dr. Jaime Santiago-Lopetegui,Non-PE,pair_172,TRUE,Miami,FL,location_resolved,phone,0244380434,PUBLIC HEALTH TRUST OF MIAMI DADE COUNTY FLORIDA,340,24,11,111,8,340,1,2,244380434|8224936851,449,PUBLIC HEALTH TRUST OF DADE COUNTY|UNIVERSITY OF MIAMI OBSTETRICS & GYNECOLOGY,Hospital,340,PUBLIC HEALTH TRUST OF MIAMI DADE COUNTY FLORIDA,FALSE,independence_unresolved,organisation has 340 clinicians nationally but the name is uninformative; requires external verification
1023277704,Dr. Puneet Masson,PE,pair_172,FALSE,Miami,FL,no_dac_affiliation,,,,,,,,,,0,2,6204730955|749180198,3114,CLINICAL HEALTH CARE ASSOCIATES OF NEW JERSEY PC|UNIVERSITY OF PENN MEDICAL GROUP,,,,,independence_unresolved,no_dac_affiliation
1003347055,Dr. Elizabeth Isak,Non-PE,pair_174,TRUE,Chicago,IL,location_resolved,phone,4587576814,NORTHWESTERN MEDICAL FACULTY FOUNDATION,3275,438,74,10,215,3275,1,0,,,,Hospital,3275,NORTHWESTERN MEDICAL FACULTY FOUNDATION,FALSE,not_independent_supported,organisation name carries a hospital/system/academic/government token
1346771698,Dr. Jennifer Weiss,PE,pair_174,FALSE,Maywood,IL,location_resolved,city_state,3779488903,LOYOLA UNIVERSITY MEDICAL CENTER,873,189,19,832,31,873,1,0,,,,Hospital,,,,not_independent_supported,organisation name carries a hospital/system/academic/government token
1447612973,Dr. Katherine Garfield,Non-PE,pair_175,TRUE,Timonium,MD,location_resolved,phone,3779495858,"KAISER FOUNDATION HEALTH PLAN OF THE MID-ATLANTIC STATES,INC",1624,247,77,196,42,1624,1,0,,,,,1624,"KAISER FOUNDATION HEALTH PLAN OF THE MID-ATLANTIC STATES,INC",FALSE,not_independent_supported,organisation name carries a hospital/system/academic/government token
1154785632,Dr. Jessica Marinaro,PE,pair_175,FALSE,Towson,MD,no_dac_affiliation,,,,,,,,,,0,0,,,,,,,,independence_unresolved,no_dac_affiliation
1932490711,Dr. Amy Gueye,Non-PE,pair_176,TRUE,Columbia,MD,location_resolved,phone,,,0,0,0,0,0,,1,3,4385682061|5395653455|547413825,1388,"BALTIMORE MEDICAL SYSTEM, INC.|MEDSTAR MEDICAL GROUP II LLC|PRIVIA MEDICAL GROUP,LLC",,NA,,NA,independent_supported,resolved to a single organisation with no system/academic/government token and fewer than 100 clinicians nationally
1851880652,Dr. Shelley Dolitsky,PE,pair_176,FALSE,Columbia,MD,no_dac_affiliation,,,,,,,,,,0,0,,,,,,,,independence_unresolved,no_dac_affiliation
1306073127,Dr. Lethenia Baker,Non-PE,pair_177,TRUE,Kennesaw,GA,location_resolved,phone,6709065402,"WELLSTAR MEDICAL GROUP, LLC",1818,235,57,1599,182,1818,1,2,3072679307|6709065402,1530,"UPSON WOMENS SERVICES LLC|WELLSTAR MEDICAL GROUP, LLC",Hospital,1818,"WELLSTAR MEDICAL GROUP, LLC",FALSE,independence_unresolved,organisation has 1818 clinicians nationally but the name is uninformative; requires external verification
1922530120,Dr. Victoria Jiang,PE,pair_177,FALSE,Marietta,GA,no_dac_affiliation,,,,,,,,,,0,0,,,,,,,,independence_unresolved,no_dac_affiliation
1790997443,Dr. Alexander Shapiro,Non-PE,pair_178,TRUE,Denver,CO,location_resolved,phone,1254238454,COLORADO PERMANENTE MEDICAL GROUP PC,1079,201,17,207,42,1079,1,1,1254238454,1678,"COLORADO PERMANENTE MEDICAL GROUP, P.C.",,1079,COLORADO PERMANENTE MEDICAL GROUP PC,FALSE,not_independent_supported,organisation name carries a hospital/system/academic/government token
1700103868,Dr. Ryan Martin,PE,pair_178,FALSE,Denver,CO,location_resolved,phone,4688583578,DENVER HEALTH AND HOSPITAL AUTHORITY,654,102,15,654,2,654,1,1,446162697,3316,ASSOCIATION OF UNIVERSITY PHYSICIANS,Hospital,,,,not_independent_supported,organisation name carries a hospital/system/academic/government token
1790177574,Dr. Rafael Marquez,Non-PE,pair_179,TRUE,Allentown,PA,location_resolved,phone,2961316328,REGIONAL WOMENS HEALTH GROUP LLC,334,85,227,6,110,334,1,0,,,,Hospital,334,REGIONAL WOMENS HEALTH GROUP LLC,FALSE,independence_unresolved,organisation has 334 clinicians nationally but the name is uninformative; requires external verification
1376770370,Dr. Ha Nguyen,PE,pair_179,FALSE,Bethlehem,PA,location_resolved,city_state,3072425123,LEHIGH VALLEY PHYSICIAN GROUP,1746,232,51,2,193,1746,1,1,3072425123,1190,LEHIGH VALLEY PHYSICIAN GROUP,Hospital,,,,independence_unresolved,organisation has 1746 clinicians nationally but the name is uninformative; requires external verification
1790834190,Dr. James Leonelli,Non-PE,pair_181,TRUE,Youngstown,OH,location_resolved,phone,,,0,0,0,0,0,,1,1,6002071594,1,MILLENNIA WOMENS HEALTH CARE INC,Hospital,NA,,NA,independent_supported,resolved to a single organisation with no system/academic/government token and fewer than 100 clinicians nationally
1659348563,Dr. Virginia Banks,PE,pair_181,FALSE,Youngstown,OH,location_resolved,city_state,5799781829,NORTHEASTERN OHIO INFECTIOUS DISEASE ASSOCIATION INC,14,2,0,14,1,14,1,1,5799781829,15,NORTHEASTERN OHIO INFECTIOUS DISEASE ASSOCIATION INC,Hospital,,,,independent_supported,resolved to a single organisation with no system/academic/government token and fewer than 100 clinicians nationally
1871860510,Dr. Shaunte Gray,Non-PE,pair_182,TRUE,Los Angeles,CA,location_resolved,phone,6002729175,SOUTHERN CALIFORNIA PERMANENTE MEDICAL GROUP,7694,1102,173,474,193,7694,1,1,6002729175,12007,SOUTHERN CALIFORNIA PERMANENTE MEDICAL GROUP,,7694,SOUTHERN CALIFORNIA PERMANENTE MEDICAL GROUP,FALSE,not_independent_supported,organisation name carries a hospital/system/academic/government token
1316309172,Dr. Abigail Armstrong,PE,pair_182,FALSE,Santa Monica,CA,no_dac_affiliation,,,,,,,,,,0,0,,,,,,,,independence_unresolved,no_dac_affiliation
1427120948,Dr. Meera Patel,Non-PE,pair_183,TRUE,Clayton,MO,location_resolved,phone,8224923800,REHABILITATION PROFESSIONALS INC,170,47,5,170,2,170,2,1,3072421254,403,PHYSICIAN GROUPS LC,Hospital,412,PHYSICIAN GROUPS LC | REHABILITATION PROFESSIONALS INC,FALSE,independence_unresolved,organisation has 170 clinicians nationally but the name is uninformative; requires external verification
1598118218,Dr. Kelsey Anderson,PE,pair_183,FALSE,Creve Coeur,MO,no_dac_affiliation,,,,,,,,,,0,0,,,,,,,,independence_unresolved,no_dac_affiliation
1053717306,Dr. Felix Cohen,Non-PE,pair_184,TRUE,New York,NY,location_resolved,phone,,,0,0,0,0,0,,1,2,5496944803|5890086599,427,"COHEN MEDICAL PRACTICE PC|CONEY ISLAND MEDICAL PRACTICE PLAN, P.C.",,NA,,NA,independent_supported,resolved to a single organisation with no system/academic/government token and fewer than 100 clinicians nationally
1306005145,Dr. Fahimeh Sasan,PE,pair_184,FALSE,New York,NY,no_dac_affiliation,,,,,,,,,,0,1,2264691070,2389,ICAHN SCHOOL OF MEDICINE AT MOUNT SINAI,,,,,independence_unresolved,no_dac_affiliation
1962433250,Dr. Shayna Rubin,Non-PE,pair_185,TRUE,Chicago,IL,location_resolved,phone,8325195506,"TOGETHER WOMEN'S HEALTH MEDICAL GROUP OF ILLINOIS, PLLC",7,0,6,4,4,7,2,1,3678637220,5,WOMENS HEALTH CONSULTING LLC,Hospital,7,"TOGETHER WOMEN'S HEALTH MEDICAL GROUP OF ILLINOIS, PLLC | WOMENS HEALT",TRUE,independent_supported,resolved to a single organisation with no system/academic/government token and fewer than 100 clinicians nationally
1689803199,Dr. Sara Rizk,PE,pair_185,FALSE,Chicago,IL,no_dac_affiliation,,,,,,,,,,0,2,4981501814|8820901408,3168,EMORY CLINIC INC|EMORY MEDICAL CARE FOUNDATION INC,,,,,independence_unresolved,no_dac_affiliation
1326281023,Dr. Amber Jaeger,Non-PE,pair_186,TRUE,San Francisco,CA,location_resolved,phone,6305160300,REGENTS UNIV OF CALIFORNIA UCSF,200,43,22,200,1,200,1,3,6305160300|6406040138|8123251477,139,"AMBER JAEGER, MD, INC.|PRIMA MEDICAL FOUNDATION|REGENTS UNIV OF CALIFORNIA UCSF",Hospital,200,REGENTS UNIV OF CALIFORNIA UCSF,FALSE,not_independent_supported,organisation name carries a hospital/system/academic/government token
1770105405,Dr. Emily Ager,PE,pair_186,FALSE,San Francisco,CA,no_dac_affiliation,,,,,,,,,,0,0,,,,Hospital,,,,independence_unresolved,no_dac_affiliation
1629262126,Dr. Marcela Lazo,Non-PE,pair_187,TRUE,West Palm Beach,FL,location_resolved,phone,4486634417,PEDIATRIX MEDICAL GROUP OF FLORIDA INC,58,15,31,3,49,58,1,4,4688899263|4789626789|5193866838|8921091786,466,OB HOSPITALIST GROUP LLC|PALM BEACH OBSTETRICS & GYNECOLOGY PA|RUEL T STOESSEL MD PA|VITALMD GROUP HOLDING LLC,,58,PEDIATRIX MEDICAL GROUP OF FLORIDA INC,FALSE,independent_supported,resolved to a single organisation with no system/academic/government token and fewer than 100 clinicians nationally
1447363478,Dr. Sylvia Siegfried,PE,pair_187,TRUE,West Palm Beach,FL,location_resolved,phone,9234031444,WOMENS CARE FLORIDA LLC,293,58,198,9,74,293,1,1,4789626789,7,PALM BEACH OBSTETRICS & GYNECOLOGY PA,Hospital,,,,independence_unresolved,organisation has 293 clinicians nationally but the name is uninformative; requires external verification
1104171297,Dr. Sierra Cuthpert,Non-PE,pair_195,TRUE,Flint,MI,location_resolved,phone,4082609151,HURLEY HEALTH SERVICES,4,1,3,2,2,4,1,2,2961308481|4082609151,381,HURLEY HEALTH SERVICES|HURLEY MEDICAL CENTER,Hospital,4,HURLEY HEALTH SERVICES,TRUE,not_independent_supported,organisation name carries a hospital/system/academic/government token
1639801947,Dr. Alycia Cucka,PE,pair_195,TRUE,Grand Blanc,MI,no_dac_affiliation,,,,,,,,,,0,0,,,,,,,,independence_unresolved,no_dac_affiliation
1164467338,Dr. Darcy Bryan,Non-PE,pair_201,TRUE,Tampa,FL,location_resolved,phone,9234031444,WOMENS CARE FLORIDA LLC,293,58,198,260,74,293,1,1,2961492327,203,RIVERSIDE MEDICAL CLINIC INC,Hospital,293,WOMENS CARE FLORIDA LLC,FALSE,independence_unresolved,organisation has 293 clinicians nationally but the name is uninformative; requires external verification
1790765857,Dr. Beth Diner,PE,pair_201,TRUE,Tampa,FL,location_resolved,phone,9234031444,WOMENS CARE FLORIDA LLC,293,58,198,5,74,293,1,2,1850674870|9234031444,446,"WOMENS CARE FLORIDA LLC|WOMENS' HEALTH HOSPITALISTS, LLC",Hospital,,,,independence_unresolved,organisation has 293 clinicians nationally but the name is uninformative; requires external verification
1659682664,Dr. Teri Forney,Non-PE,pair_205,TRUE,Mansfield,TX,location_resolved,phone,2668562471,"HUGULEY MEDICAL ASSOCIATES, INC",39,5,6,2,24,39,1,1,8426102625,28,MACARTHUR MEDICAL CENTER PLLC,,39,"HUGULEY MEDICAL ASSOCIATES, INC",FALSE,independent_supported,resolved to a single organisation with no system/academic/government token and fewer than 100 clinicians nationally
1881902823,Dr. Jessica Barker,PE,pair_205,TRUE,Arlington,TX,location_resolved,city_state,3476808411,"MEDICAL CITY OB-GYN, PLLC",33,7,32,6,13,33,1,4,345364642|4789571613|8527976513|9032022579,1982,KAISER FOUNDATION HEALTH PLAN OF WASHINGTON|OBHG WASHINGTON PC|ROCKWOOD CLINIC PS|SOUTH SOUND WOMEN'S CENTER LLP,,,,,independent_supported,resolved to a single organisation with no system/academic/government token and fewer than 100 clinicians nationally
1326499849,Dr. David Doyle,Non-PE,pair_207,TRUE,Mount Clemens,MI,location_resolved,phone,8921912791,MCLAREN MACOMB,121,26,11,47,27,121,2,0,,,,Hospital,121,DOWNRIVER COMMUNITY SERVICES INC | MCLAREN MACOMB,FALSE,independence_unresolved,organisation has 121 clinicians nationally but the name is uninformative; requires external verification
1548840630,Dr. Alyse Victor,PE,pair_207,TRUE,Roseville,MI,no_dac_affiliation,,,,,,,,,,0,0,,,,Hospital,,,,independence_unresolved,no_dac_affiliation
1588834329,Dr. Ana Benitez Prieto,Non-PE,pair_208,TRUE,Orlando,FL,location_resolved,phone,5395807218,FLORIDA WOMAN CARE LLC,510,87,337,28,214,510,1,2,5395807218|9234130329,517,FLORIDA WOMAN CARE LLC|INDIAN RIVER HEALTH SERVICES INC,,510,FLORIDA WOMAN CARE LLC,FALSE,independence_unresolved,organisation has 510 clinicians nationally but the name is uninformative; requires external verification
1336390970,Dr. Melissa Lee,PE,pair_208,TRUE,Orlando,FL,location_resolved,phone,9234031444,WOMENS CARE FLORIDA LLC,293,58,198,9,74,293,1,1,8729996608,757,LEE MEMORIAL HEALTH SYSTEM,,,,,independence_unresolved,organisation has 293 clinicians nationally but the name is uninformative; requires external verification
1457519738,Dr. Eva Crooke,Non-PE,pair_212,TRUE,Lutz,FL,location_resolved,phone,2163310236,WOMANS GROUP,23,1,22,5,4,23,1,1,2163310236,24,WOMANS GROUP,,23,WOMANS GROUP,FALSE,independent_supported,resolved to a single organisation with no system/academic/government token and fewer than 100 clinicians nationally
1982894879,Dr. Jill Botelho,PE,pair_212,TRUE,Lutz,FL,location_resolved,phone,9234031444,WOMENS CARE FLORIDA LLC,293,58,198,9,74,293,1,2,1850674870|9234031444,446,"WOMENS CARE FLORIDA LLC|WOMENS' HEALTH HOSPITALISTS, LLC",Hospital,,,,independence_unresolved,organisation has 293 clinicians nationally but the name is uninformative; requires external verification
1225296940,Dr. Nikkita Wilkes,Non-PE,pair_214,TRUE,Jacksonville,FL,location_resolved,phone,5395807218,FLORIDA WOMAN CARE LLC,510,87,337,9,214,510,1,1,5395807218,517,FLORIDA WOMAN CARE LLC,Hospital,510,FLORIDA WOMAN CARE LLC,FALSE,independence_unresolved,organisation has 510 clinicians nationally but the name is uninformative; requires external verification
1437788312,Dr. Kharian Youmans,PE,pair_214,TRUE,Jacksonville,FL,no_dac_affiliation,,,,,,,,,,0,0,,,,,,,,independence_unresolved,no_dac_affiliation
1437177334,Dr. Elina Burstyn,Non-PE,pair_216,TRUE,Latham,NY,location_resolved,phone,9335208099,CAPITAL REGION OB-GYN,4,0,2,1,2,4,1,1,9335208099,1,CAPITAL REGION OB-GYN,Hospital,4,CAPITAL REGION OB-GYN,TRUE,independent_supported,resolved to a single organisation with no system/academic/government token and fewer than 100 clinicians nationally
1336366699,Dr. Simone Piraino,PE,pair_216,TRUE,Schenectady,NY,location_resolved,city_state,7719975143,"CARENET MEDICAL GROUP, PC",6,1,6,6,1,6,1,0,,,,Hospital,,,,independent_supported,resolved to a single organisation with no system/academic/government token and fewer than 100 clinicians nationally
1639261738,Dr. Bruce Breit,Non-PE,pair_224,TRUE,Oviedo,FL,location_resolved,phone,9234031444,WOMENS CARE FLORIDA LLC,293,58,198,8,74,293,1,2,1850674870|9234031444,446,"WOMENS CARE FLORIDA LLC|WOMENS' HEALTH HOSPITALISTS, LLC",Hospital,293,WOMENS CARE FLORIDA LLC,FALSE,independence_unresolved,organisation has 293 clinicians nationally but the name is uninformative; requires external verification
1952807273,Dr. Aimee Bethancourt,PE,pair_224,TRUE,Oviedo,FL,location_resolved,city_state,9234031444,WOMENS CARE FLORIDA LLC,293,58,198,3,74,293,1,0,,,,Hospital,,,,independence_unresolved,organisation has 293 clinicians nationally but the name is uninformative; requires external verification
1114347283,Dr. Paul Kuder,Non-PE,pair_227,TRUE,Elk Grove Village,IL,location_resolved,phone,2769605401,MIDWEST OB/GYN AND MIDWIFERY,2,0,2,2,1,2,1,2,2769731157|3072422716,1543,AVANT OBSTETRICS AND GYNECOLOGY LTD|THE BOARD OF TRUSTEES OF THE UNIVERSITY OF ILLINOIS,Hospital,2,MIDWEST OB/GYN AND MIDWIFERY,TRUE,independent_supported,resolved to a single organisation with no system/academic/government token and fewer than 100 clinicians nationally
1174552038,Dr. Michelle Luthringshausen,PE,pair_227,TRUE,Arlington Heights,IL,location_resolved,city_state,7214203942,NORTHWEST COMMUNITY WOMEN SERVICES LLC,14,9,12,1,7,14,1,1,9133101371,20,"WOMANCARE, P.C.",Hospital,,,,independent_supported,resolved to a single organisation with no system/academic/government token and fewer than 100 clinicians nationally
1851586770,Dr. Karolina Borodo,Non-PE,pair_229,TRUE,Tampa,FL,location_resolved,phone,2163310236,WOMANS GROUP,23,1,22,8,4,23,1,1,2163310236,24,WOMANS GROUP,,23,WOMANS GROUP,FALSE,independent_supported,resolved to a single organisation with no system/academic/government token and fewer than 100 clinicians nationally
1821408287,Dr. Jinny Gunn,PE,pair_229,FALSE,Tampa,FL,location_resolved,city_state,9234031444,WOMENS CARE FLORIDA LLC,293,58,198,260,74,293,1,0,,,,Hospital,,,,independence_unresolved,organisation has 293 clinicians nationally but the name is uninformative; requires external verification
1629042460,Dr. Elliot Cazes,Non-PE,pair_230,TRUE,Tampa,FL,location_resolved,phone,,,0,0,0,0,0,,1,1,8325085053,1,"ELLIOT E. CAZES MD, NEW TAMPA OB-GYN, PA",,NA,,NA,independent_supported,resolved to a single organisation with no system/academic/government token and fewer than 100 clinicians nationally
1508852567,Dr. Allyson Jones,PE,pair_230,TRUE,Tampa,FL,location_resolved,city_state,9234031444,WOMENS CARE FLORIDA LLC,293,58,198,260,74,293,1,2,1850674870|9234031444,446,"WOMENS CARE FLORIDA LLC|WOMENS' HEALTH HOSPITALISTS, LLC",,,,,independence_unresolved,organisation has 293 clinicians nationally but the name is uninformative; requires external verification
1174514020,Dr. Marwan Shaykh,Non-PE,pair_231,TRUE,Jacksonville,FL,location_resolved,phone,,,0,0,0,0,0,,1,2,2365631207|5193866838,175,"MARWAN M. SHAYKH, M.D., P.A.|OB HOSPITALIST GROUP LLC",,NA,,NA,independent_supported,resolved to a single organisation with no system/academic/government token and fewer than 100 clinicians nationally
1710340591,Dr. Nicole Melanson,PE,pair_231,TRUE,Jacksonville,FL,location_resolved,city_state,9234031444,WOMENS CARE FLORIDA LLC,293,58,198,7,74,293,1,0,,,,Hospital,,,,independence_unresolved,organisation has 293 clinicians nationally but the name is uninformative; requires external verification
1639468531,Dr. Joanna Dalton Ayoung,Non-PE,pair_233,TRUE,Oviedo,FL,location_resolved,phone,9537059084,ORLANDO HEALTH MEDICAL GROUP INC,1384,132,76,1,146,1384,1,2,6406747567|8527960533,289,JHMC DIAGNOSTIC AND TREATMENT CENTER|TJH MEDICAL SERVICES PC,Hospital,1384,ORLANDO HEALTH MEDICAL GROUP INC,FALSE,independence_unresolved,organisation has 1384 clinicians nationally but the name is uninformative; requires external verification
1104354208,Dr. Margaret Capobianco,PE,pair_233,TRUE,Oviedo,FL,location_resolved,phone,9234031444,WOMENS CARE FLORIDA LLC,293,58,198,5,74,293,1,0,,,,Hospital,,,,independence_unresolved,organisation has 293 clinicians nationally but the name is uninformative; requires external verification
1457660664,Dr. Leslie Bender,Non-PE,pair_234,TRUE,Tampa,FL,location_resolved,phone,5799016846,DHP OF MANATEE PA,37,10,36,10,7,37,1,1,9234043712,168,MEDICAL FOUNDATION INC,,37,DHP OF MANATEE PA,FALSE,independent_supported,resolved to a single organisation with no system/academic/government token and fewer than 100 clinicians nationally
1992019822,Dr. Nadia Pile,PE,pair_234,TRUE,Tampa,FL,location_resolved,phone,9234031444,WOMENS CARE FLORIDA LLC,293,58,198,5,74,293,1,4,1850674870|3375447675|648175612|9234031444,446,"EXODUS WOMENS CENTER INC|TAMPA OBSTETRICS, P.A.|WOMENS CARE FLORIDA LLC|WOMENS' HEALTH HOSPITALISTS, LLC",Hospital,,,,independence_unresolved,organisation has 293 clinicians nationally but the name is uninformative; requires external verification
1275783300,Dr. Meredith Martin Johnston,Non-PE,pair_236,TRUE,Hoffman Estates,IL,location_resolved,phone,7517863178,BONAVENTURE MEDICAL FOUNDATION LLC,153,26,22,2,37,153,1,2,244135762|7416860440,897,ADVENTIST HEALTH PARTNERS INC|MERCY HEALTH SYSTEM CORPORATION,Hospital,153,BONAVENTURE MEDICAL FOUNDATION LLC,FALSE,independence_unresolved,organisation has 153 clinicians nationally but the name is uninformative; requires external verification
1457615742,Dr. Ashley Abraham,PE,pair_236,TRUE,Arlington Heights,IL,location_resolved,phone,7214203942,NORTHWEST COMMUNITY WOMEN SERVICES LLC,14,9,12,12,7,14,1,1,6901879311,38,VNA HEALTH CARE,Hospital,,,,independent_supported,resolved to a single organisation with no system/academic/government token and fewer than 100 clinicians nationally
1881893212,Dr. Xochitl Garcia,Non-PE,pair_242,TRUE,Springfield,IL,location_resolved,phone,0547166076,SPRINGFIELD CLINIC LLP,671,117,27,357,70,671,1,1,2163409996,13,"TEVERBAUGH CROLAND & MUELLER OB/GYN & ASSOCIATES, S.C.",Hospital,671,SPRINGFIELD CLINIC LLP,FALSE,independence_unresolved,organisation has 671 clinicians nationally but the name is uninformative; requires external verification
1386212280,Dr. Nabeel Salka,PE,pair_242,TRUE,Springfield,IL,no_dac_affiliation,,,,,,,,,,0,0,,,,Hospital,,,,independence_unresolved,no_dac_affiliation
1942299045,Dr. Michelle Goldin,Non-PE,pair_245,TRUE,Schaumburg,IL,location_resolved,phone,7214203942,NORTHWEST COMMUNITY WOMEN SERVICES LLC,14,9,12,8,7,14,1,3,3375737331|7214203942|9133101371,299,"NORTHWEST COMMUNITY HEALTH SERVICES INC|NORTHWEST COMMUNITY WOMEN SERVICES LLC|WOMANCARE, P.C.",Hospital,14,NORTHWEST COMMUNITY WOMEN SERVICES LLC,FALSE,independent_supported,resolved to a single organisation with no system/academic/government token and fewer than 100 clinicians nationally
1154859973,Dr. Devoni Bruns,PE,pair_245,TRUE,Arlington Heights,IL,location_resolved,phone,3476545914,GYNECOLOGICAL AND OBSTETRIC ASSOCS SC,3,0,3,3,1,3,1,0,,,,Hospital,,,,independent_supported,resolved to a single organisation with no system/academic/government token and fewer than 100 clinicians nationally
1053391649,Dr. Carmen Doty-Armstrong,Non-PE,pair_248,TRUE,Toledo,OH,location_resolved,phone,1951707884,MERCY HEALTH PHYSICIANS NORTH SPECIALTY CARE LLC,293,59,19,92,48,293,2,2,2668522400|941447890,522,"FINDLAY WOMENS CARE LLC|MERCY HEALTH PHYSICIANS - NORTH, LLC.",Hospital,293,MERCY HEALTH PHYSICIANS NORTH SPECIALTY CARE LLC,FALSE,independence_unresolved,organisation has 293 clinicians nationally but the name is uninformative; requires external verification
1396179073,Dr. Robert Drenchko,PE,pair_248,TRUE,Sylvania,OH,location_resolved,city_state,2365348190,PROMEDICA CENTRAL PHYSICIANS,821,100,36,146,66,821,1,2,2365348190|2961309638,879,PROMEDICA CENTRAL PHYSICIANS LLC|THE TOLEDO HOSPITAL,,,,,independence_unresolved,organisation has 821 clinicians nationally but the name is uninformative; requires external verification
1063417137,Dr. Sherri Graf,Non-PE,pair_250,TRUE,Southfield,MI,location_resolved,phone,0648180406,ASCENSION MEDICAL GROUP MICHIGAN,102,33,15,2,50,102,2,2,6103738703|9931135035,421,ASCENSION PROVIDENCE HOSPITAL|SHERRI L GRAF DOPC,Hospital,102,ASCENSION MEDICAL GROUP MICHIGAN,FALSE,independence_unresolved,organisation has 102 clinicians nationally but the name is uninformative; requires external verification
1487149779,Dr. Whitney Nieland,PE,pair_250,TRUE,Bloomfield Hills,MI,location_resolved,city_state,8426464884,IHA OLMA SPECIALTY SERVICES LLC,25,9,6,4,11,25,1,0,,,,,,,,independent_supported,resolved to a single organisation with no system/academic/government token and fewer than 100 clinicians nationally
1588609101,Dr. Crista Crisler,Non-PE,pair_251,TRUE,Memphis,TN,location_resolved,phone,7214918762,MEMPHIS OBSTETRICS AND GYNECOLOGICAL ASSOCIATION PC,38,11,37,14,8,38,1,1,7214918762,38,MEMPHIS OBSTETRICS AND GYNECOLOGICAL ASSOCIATION PC,Hospital,38,MEMPHIS OBSTETRICS AND GYNECOLOGICAL ASSOCIATION PC,FALSE,independent_supported,resolved to a single organisation with no system/academic/government token and fewer than 100 clinicians nationally
1467016196,Dr. Andres Hernandez,PE,pair_251,FALSE,Memphis,TN,location_resolved,city_state,1254241235,METHODIST INPATIENT PHYSICIANS LLC,113,9,0,24,5,113,1,0,,,,Hospital,,,,independence_unresolved,organisation has 113 clinicians nationally but the name is uninformative; requires external verification
1861659708,Dr. Alexandria Reyes,Non-PE,pair_252,TRUE,Tampa,FL,location_resolved,phone,,,0,0,0,0,0,,1,2,1850674870|9234031444,446,"WOMENS CARE FLORIDA LLC|WOMENS' HEALTH HOSPITALISTS, LLC",,NA,,NA,independent_supported,resolved to a single organisation with no system/academic/government token and fewer than 100 clinicians nationally
1629247515,Dr. Carlos Reyes,PE,pair_252,TRUE,Tampa,FL,location_resolved,phone,9234031444,WOMENS CARE FLORIDA LLC,293,58,198,6,74,293,1,3,1850674870|9234031444|941445472,446,"BAYFRONT HMA MEDICAL CENTER LLC|WOMENS CARE FLORIDA LLC|WOMENS' HEALTH HOSPITALISTS, LLC",Hospital,,,,independence_unresolved,organisation has 293 clinicians nationally but the name is uninformative; requires external verification
1093120800,Dr. Shivali Raav,Non-PE,pair_254,TRUE,Morristown,NJ,location_resolved,phone,2961316328,REGIONAL WOMENS HEALTH GROUP LLC,334,85,227,9,110,334,1,1,7416964952,4,"ONE TO ONE FEMALECARE, PA",,334,REGIONAL WOMENS HEALTH GROUP LLC,FALSE,independence_unresolved,organisation has 334 clinicians nationally but the name is uninformative; requires external verification
1740817071,Dr. Sarah Bechay,PE,pair_254,TRUE,New Providence,NJ,no_dac_affiliation,,,,,,,,,,0,0,,,,Hospital,,,,independence_unresolved,no_dac_affiliation
1801903372,Dr. David Szentes,Non-PE,pair_258,TRUE,Greenwood,IN,location_resolved,phone,1759416662,COMMUNITY PHYSICIANS OF INDIANA INC,1324,185,58,2,263,1324,1,1,1759416662,1286,COMMUNITY PHYSICIANS OF INDIANA INC,Hospital,1324,COMMUNITY PHYSICIANS OF INDIANA INC,FALSE,independence_unresolved,organisation has 1324 clinicians nationally but the name is uninformative; requires external verification
1609866763,Dr. Scott Bowers,PE,pair_258,TRUE,Greenwood,IN,location_resolved,phone,0749188142,SEVEN HILLS OB-GYN ASSOCIATES LLC,110,28,65,8,32,110,1,1,6608780978,48,OBSTETRICS & GYNECOLOGY OF INDIANA PC,Hospital,,,,independence_unresolved,organisation has 110 clinicians nationally but the name is uninformative; requires external verification
1083772461,Dr. Gretchen Makai,Non-PE,pair_261,TRUE,Chadds Ford,PA,location_resolved,phone,9739097569,CHRISTIANA CARE HEALTH SERVICES INC,1222,158,45,13,118,1222,1,1,9739097569,1262,CHRISTIANA CARE HEALTH SERVICES INC,Hospital,1222,CHRISTIANA CARE HEALTH SERVICES INC,FALSE,not_independent_supported,organisation name carries a hospital/system/academic/government token
1265011761,Dr. Alice Cai,PE,pair_261,TRUE,West Chester,PA,no_dac_affiliation,,,,,,,,,,0,0,,,,Hospital,,,,independence_unresolved,no_dac_affiliation
1346216595,Dr. Scott Kagan,Non-PE,pair_262,TRUE,Bloomingdale,IL,location_resolved,phone,5496667941,DUPAGE MEDICAL GROUP LTD,1196,264,54,423,118,1196,1,1,5496667941,1123,DU PAGE MEDICAL GROUP LTD,Hospital,1196,DUPAGE MEDICAL GROUP LTD,FALSE,independence_unresolved,organisation has 1196 clinicians nationally but the name is uninformative; requires external verification
1710953617,Dr. Margaret Nettleton,PE,pair_262,TRUE,Schaumburg,IL,location_resolved,city_state,7214203942,NORTHWEST COMMUNITY WOMEN SERVICES LLC,14,9,12,8,7,14,1,4,2466616560|3375737331|4385723519|7517863178,305,BLUE ISLAND HBP MEDICAL GROUP LLC|BONAVENTURE MEDICAL FOUNDATION LLC|MIDWEST OBSTETRICS & GYNECOLOGY SC|NORTHWEST COMMUN,Hospital,,,,independent_supported,resolved to a single organisation with no system/academic/government token and fewer than 100 clinicians nationally
1699822320,Dr. Jon Hoversland,Non-PE,pair_263,TRUE,Muncie,IN,location_resolved,phone,5597679845,MERIDIAN HEALTH SERVICES CORP,40,3,3,11,21,40,1,2,3072790682|4789664202,1185,FRANCISCAN PHYSICIAN NETWORK|WOMAN'S HEALTHCARE ASSOCIATES PC,,40,MERIDIAN HEALTH SERVICES CORP,FALSE,not_independent_supported,organisation name carries a hospital/system/academic/government token
1801359690,Dr. Cody Campbell,PE,pair_263,TRUE,Muncie,IN,location_resolved,city_state,1759416662,COMMUNITY PHYSICIANS OF INDIANA INC,1324,185,58,2,263,1324,1,0,,,,,,,,independence_unresolved,organisation has 1324 clinicians nationally but the name is uninformative; requires external verification
1083636831,Dr. Jennifer Gilbert,Non-PE,pair_267,TRUE,Paoli,PA,location_resolved,phone,2961316328,REGIONAL WOMENS HEALTH GROUP LLC,334,85,227,11,110,334,1,2,2961316328|4082679519,298,REGIONAL WOMENS HEALTH GROUP LLC|WOMENS HEALTH CARE GROUP OF PENNSYLVANIA LLC,Hospital,334,REGIONAL WOMENS HEALTH GROUP LLC,FALSE,independence_unresolved,organisation has 334 clinicians nationally but the name is uninformative; requires external verification
1316948748,Dr. Melissa Delaney,PE,pair_267,TRUE,Bryn Mawr,PA,location_resolved,city_state,2961316328,REGIONAL WOMENS HEALTH GROUP LLC,334,85,227,24,110,334,1,1,2961316328,298,REGIONAL WOMENS HEALTH GROUP LLC,Hospital,,,,independence_unresolved,organisation has 334 clinicians nationally but the name is uninformative; requires external verification
1891122818,Dr. Dhruv Rathod,Non-PE,pair_268,TRUE,Paulsboro,NJ,location_resolved,phone,2567365117,CAMCARE HEALTH CORPORATION,23,5,4,2,5,23,1,0,,,,Hospital,23,CAMCARE HEALTH CORPORATION,FALSE,independent_supported,resolved to a single organisation with no system/academic/government token and fewer than 100 clinicians nationally
1043892326,Dr. Tyler Desmond,PE,pair_268,TRUE,Mullica Hill,NJ,no_dac_affiliation,,,,,,,,,,0,0,,,,,,,,independence_unresolved,no_dac_affiliation
1194087270,Dr. Paula Edelson,Non-PE,pair_269,TRUE,West Chester,PA,location_resolved,phone,2961316328,REGIONAL WOMENS HEALTH GROUP LLC,334,85,227,2,110,334,1,3,5395649347|6204730955|7719876267,3114,FAMILY CARE CENTERS INC|SIGNATURE HEALTHCARE MEDICAL GROUP INC|UNIVERSITY OF PENN MEDICAL GROUP,Hospital,334,REGIONAL WOMENS HEALTH GROUP LLC,FALSE,independence_unresolved,organisation has 334 clinicians nationally but the name is uninformative; requires external verification
1205894219,Dr. Alan Donnenfeld,PE,pair_269,FALSE,West Chester,PA,location_resolved,city_state,2961316328,REGIONAL WOMENS HEALTH GROUP LLC,334,85,227,2,110,334,1,2,2961316328|4082679519,298,REGIONAL WOMENS HEALTH GROUP LLC|WOMENS HEALTH CARE GROUP OF PENNSYLVANIA LLC,,,,,independence_unresolved,organisation has 334 clinicians nationally but the name is uninformative; requires external verification
1720304595,Dr. Suzanne Nogami,Non-PE,pair_270,TRUE,Malvern,PA,location_resolved,phone,2961316328,REGIONAL WOMENS HEALTH GROUP LLC,334,85,227,7,110,334,1,3,1951215201|2961316328|4082679519,601,MAIN LINE HEALTHCARE|REGIONAL WOMENS HEALTH GROUP LLC|WOMENS HEALTH CARE GROUP OF PENNSYLVANIA LLC,,334,REGIONAL WOMENS HEALTH GROUP LLC,FALSE,independence_unresolved,organisation has 334 clinicians nationally but the name is uninformative; requires external verification
1629284955,Dr. Kim Einhorn,PE,pair_270,TRUE,Malvern,PA,location_resolved,city_state,2961316328,REGIONAL WOMENS HEALTH GROUP LLC,334,85,227,7,110,334,1,3,1951215201|2961316328|4082679519,601,MAIN LINE HEALTHCARE|REGIONAL WOMENS HEALTH GROUP LLC|WOMENS HEALTH CARE GROUP OF PENNSYLVANIA LLC,,,,,independence_unresolved,organisation has 334 clinicians nationally but the name is uninformative; requires external verification
1609047026,Dr. Sandra Krizmanich,Non-PE,pair_271,TRUE,Fort Wayne,IN,location_resolved,phone,2668539818,ASSOCIATED SURGEONS AND PHYSICIANS LLC,29,5,17,12,7,29,1,1,2668539818,42,ASSOCIATED SURGEONS AND PHYSICIANS LLC,Hospital,29,ASSOCIATED SURGEONS AND PHYSICIANS LLC,FALSE,independent_supported,resolved to a single organisation with no system/academic/government token and fewer than 100 clinicians nationally
1790949477,Dr. Francis Esguerra,PE,pair_271,TRUE,Fort Wayne,IN,location_resolved,city_state,0749188142,SEVEN HILLS OB-GYN ASSOCIATES LLC,110,28,65,7,32,110,1,1,2668539818,42,ASSOCIATED SURGEONS AND PHYSICIANS LLC,Hospital,,,,independence_unresolved,organisation has 110 clinicians nationally but the name is uninformative; requires external verification
1427311729,Dr. Daniel Cibulsky,Non-PE,pair_273,TRUE,Jersey City,NJ,location_resolved,phone,9537316955,BARNABAS HEALTH MEDICAL GROUP PC,566,167,55,13,171,566,1,1,3274430665,262,PHYSICIANS FOR WOMENS HEALTH LLC,Hospital,566,BARNABAS HEALTH MEDICAL GROUP PC,FALSE,independence_unresolved,organisation has 566 clinicians nationally but the name is uninformative; requires external verification
1538742028,Dr. Nashali Ferrara,PE,pair_273,TRUE,Newark,NJ,no_dac_affiliation,,,,,,,,,,0,0,,,,,,,,independence_unresolved,no_dac_affiliation
1093079410,Dr. Sofia Mccotter,Non-PE,pair_275,TRUE,Harrison,OH,location_resolved,phone,0749188142,SEVEN HILLS OB-GYN ASSOCIATES LLC,110,28,65,12,32,110,1,1,749188142,64,SEVEN HILLS OB/GYN ASSOCIATES INC,Hospital,110,SEVEN HILLS OB-GYN ASSOCIATES LLC,FALSE,independence_unresolved,organisation has 110 clinicians nationally but the name is uninformative; requires external verification
1316938277,Dr. Michael Fesenmeier,PE,pair_275,TRUE,Harrison,OH,location_resolved,city_state,0749188142,SEVEN HILLS OB-GYN ASSOCIATES LLC,110,28,65,12,32,110,1,1,749188142,64,SEVEN HILLS OB/GYN ASSOCIATES INC,Hospital,,,,independence_unresolved,organisation has 110 clinicians nationally but the name is uninformative; requires external verification
1720125586,Dr. Steven Troy,Non-PE,pair_276,TRUE,Drexel Hill,PA,location_resolved,phone,5698065142,PROSPECT HEALTH ACCESS NETWORK INC,197,34,17,4,65,197,1,2,5294647905|5698065142,559,HEALTH ACCESS NETWORK|PROSPECT HEALTH ACCESS NETWORK INC,Hospital,197,PROSPECT HEALTH ACCESS NETWORK INC,FALSE,independence_unresolved,organisation has 197 clinicians nationally but the name is uninformative; requires external verification
1326435645,Dr. Nicole Haslett,PE,pair_276,TRUE,Bryn Mawr,PA,location_resolved,city_state,1951215201,MAIN LINE HEALTHCARE,896,111,41,14,111,896,1,0,,,,Hospital,,,,independence_unresolved,organisation has 896 clinicians nationally but the name is uninformative; requires external verification
1811991276,Dr. Joseph Castelli,Non-PE,pair_277,TRUE,Bryn Mawr,PA,location_resolved,phone,2961316328,REGIONAL WOMENS HEALTH GROUP LLC,334,85,227,2,110,334,1,2,2961316328|4082679519,298,REGIONAL WOMENS HEALTH GROUP LLC|WOMENS HEALTH CARE GROUP OF PENNSYLVANIA LLC,,334,REGIONAL WOMENS HEALTH GROUP LLC,FALSE,independence_unresolved,organisation has 334 clinicians nationally but the name is uninformative; requires external verification
1316560451,Dr. Hilary Hinton,PE,pair_277,TRUE,Media,PA,location_resolved,phone,2961316328,REGIONAL WOMENS HEALTH GROUP LLC,334,85,227,3,110,334,1,0,,,,Hospital,,,,independence_unresolved,organisation has 334 clinicians nationally but the name is uninformative; requires external verification
1700948395,Dr. David Hadley,Non-PE,pair_278,TRUE,Media,PA,location_resolved,phone,5698065142,PROSPECT HEALTH ACCESS NETWORK INC,197,34,17,10,65,197,1,2,5294647905|5698065142,559,HEALTH ACCESS NETWORK|PROSPECT HEALTH ACCESS NETWORK INC,Hospital,197,PROSPECT HEALTH ACCESS NETWORK INC,FALSE,independence_unresolved,organisation has 197 clinicians nationally but the name is uninformative; requires external verification
1043232382,Dr. Philip Hirshman,PE,pair_278,TRUE,Bryn Mawr,PA,location_resolved,phone,2961316328,REGIONAL WOMENS HEALTH GROUP LLC,334,85,227,3,110,334,1,2,2961316328|4082679519,298,REGIONAL WOMENS HEALTH GROUP LLC|WOMENS HEALTH CARE GROUP OF PENNSYLVANIA LLC,Hospital,,,,independence_unresolved,organisation has 334 clinicians nationally but the name is uninformative; requires external verification
1821067539,Dr. Amy Cadieux,Non-PE,pair_280,TRUE,Phoenixville,PA,location_resolved,phone,2961316328,REGIONAL WOMENS HEALTH GROUP LLC,334,85,227,16,110,334,1,2,2961316328|4082679519,298,REGIONAL WOMENS HEALTH GROUP LLC|WOMENS HEALTH CARE GROUP OF PENNSYLVANIA LLC,Hospital,334,REGIONAL WOMENS HEALTH GROUP LLC,FALSE,independence_unresolved,organisation has 334 clinicians nationally but the name is uninformative; requires external verification
1003882978,Dr. Melodie Icasiano,PE,pair_280,TRUE,Paoli,PA,location_resolved,city_state,2961316328,REGIONAL WOMENS HEALTH GROUP LLC,334,85,227,11,110,334,1,2,2961316328|4082679519,298,REGIONAL WOMENS HEALTH GROUP LLC|WOMENS HEALTH CARE GROUP OF PENNSYLVANIA LLC,Hospital,,,,independence_unresolved,organisation has 334 clinicians nationally but the name is uninformative; requires external verification
1104260686,Dr. Rohini Sarin Oneil,Non-PE,pair_281,TRUE,Paoli,PA,location_resolved,phone,2961316328,REGIONAL WOMENS HEALTH GROUP LLC,334,85,227,6,110,334,1,2,2961316328|4082679519,298,REGIONAL WOMENS HEALTH GROUP LLC|WOMENS HEALTH CARE GROUP OF PENNSYLVANIA LLC,Hospital,334,REGIONAL WOMENS HEALTH GROUP LLC,FALSE,independence_unresolved,organisation has 334 clinicians nationally but the name is uninformative; requires external verification
1770795106,Dr. Lea Isaac,PE,pair_281,TRUE,Paoli,PA,location_resolved,city_state,2961316328,REGIONAL WOMENS HEALTH GROUP LLC,334,85,227,6,110,334,1,3,2961316328|4082679519|8022398080,298,REGIONAL WOMENS HEALTH GROUP LLC|WEST CAYUGA MEDICINE PC|WOMENS HEALTH CARE GROUP OF PENNSYLVANIA LLC,Hospital,,,,independence_unresolved,organisation has 334 clinicians nationally but the name is uninformative; requires external verification
1730470402,Dr. Catherine Bailey,Non-PE,pair_285,TRUE,North Syracuse,NY,location_resolved,phone,4880677400,ASSOCIATES FOR WOMEN'S MEDICINE PLLC,12,1,9,8,5,12,1,2,2567431497|4880677400,18,"ASSOCIATES FOR WOMEN'S MEDICINE PLLC|CNY WOMEN'S HEALTHCARE, P.C.",Hospital,12,ASSOCIATES FOR WOMEN'S MEDICINE PLLC,FALSE,independent_supported,resolved to a single organisation with no system/academic/government token and fewer than 100 clinicians nationally
1619555968,Dr. Connell Kling,PE,pair_285,TRUE,Syracuse,NY,no_dac_affiliation,,,,,,,,,,0,0,,,,Hospital,,,,independence_unresolved,no_dac_affiliation
1295116309,Dr. Kristin Kean,Non-PE,pair_287,TRUE,Willow Grove,PA,location_resolved,phone,0042109902,HR PHYSICIAN SERVICES,140,29,26,16,31,140,1,0,,,,Hospital,140,HR PHYSICIAN SERVICES,FALSE,independence_unresolved,organisation has 140 clinicians nationally but the name is uninformative; requires external verification
1770539314,Dr. Ravy Lu,PE,pair_287,TRUE,Blue Bell,PA,location_resolved,city_state,2961316328,REGIONAL WOMENS HEALTH GROUP LLC,334,85,227,2,110,334,1,3,3476450156|4082679519|8527962661,159,CENTER FOR WOMENS HEALTH OF LANSDALE LLC|FORNANCE PHYSICIAN SERVICES INC|WOMENS HEALTH CARE GROUP OF PENNSYLVANIA LLC,Hospital,,,,independence_unresolved,organisation has 334 clinicians nationally but the name is uninformative; requires external verification
1669470126,Dr. George Talbot,Non-PE,pair_288,TRUE,Mooresville,IN,location_resolved,phone,0749188142,SEVEN HILLS OB-GYN ASSOCIATES LLC,110,28,65,17,32,110,1,1,7618889320,134,WRIGHT STATE PHYSICIANS INC,,110,SEVEN HILLS OB-GYN ASSOCIATES LLC,FALSE,independence_unresolved,organisation has 110 clinicians nationally but the name is uninformative; requires external verification
1013903541,Dr. Jonathan Lupton,PE,pair_288,TRUE,Mooresville,IN,location_resolved,phone,0749188142,SEVEN HILLS OB-GYN ASSOCIATES LLC,110,28,65,17,32,110,1,1,1557253283,15,SOUTHSIDE OB-GYN PC,Hospital,,,,independence_unresolved,organisation has 110 clinicians nationally but the name is uninformative; requires external verification
1952450652,Dr. Rakhi Shah,Non-PE,pair_290,TRUE,Warrenville,IL,location_resolved,phone,5890696231,CENTRAL DUPAGE PHYSICIAN GROUP,1001,170,59,5,121,1001,1,1,5890696231,653,CENTRAL DUPAGE PHYSICIAN GROUP,Hospital,1001,CENTRAL DUPAGE PHYSICIAN GROUP,FALSE,independence_unresolved,organisation has 1001 clinicians nationally but the name is uninformative; requires external verification
1902187867,Dr. Natasha Harvey,PE,pair_290,TRUE,Bartlett,IL,location_resolved,city_state,7517863178,BONAVENTURE MEDICAL FOUNDATION LLC,153,26,22,18,37,153,1,1,7517863178,305,BONAVENTURE MEDICAL FOUNDATION LLC,Hospital,,,,independence_unresolved,organisation has 153 clinicians nationally but the name is uninformative; requires external verification
1598723819,Dr. Helene Koch,Non-PE,pair_291,TRUE,Bala Cynwyd,PA,location_resolved,phone,,,0,0,0,0,0,,1,1,7012960610,1,HELENE M KOCH DO PC,Hospital,NA,,NA,independent_supported,resolved to a single organisation with no system/academic/government token and fewer than 100 clinicians nationally
1538320783,Dr. Dana Mahlab,PE,pair_291,TRUE,Abington,PA,location_resolved,city_state,2961316328,REGIONAL WOMENS HEALTH GROUP LLC,334,85,227,10,110,334,1,1,3274437736,636,ABINGTON MEMORIAL HOSPITAL,,,,,independence_unresolved,organisation has 334 clinicians nationally but the name is uninformative; requires external verification
1235440140,Dr. Katherine Bohnert,Non-PE,pair_292,TRUE,Little Silver,NJ,location_resolved,phone,4688681059,A WOMAN'S PLACE LLC,4,2,4,4,2,4,1,1,4688681059,7,A WOMAN'S PLACE LLC,Hospital,4,A WOMAN'S PLACE LLC,TRUE,independent_supported,resolved to a single organisation with no system/academic/government token and fewer than 100 clinicians nationally
1982164695,Dr. Cynthia Mckinney,PE,pair_292,TRUE,Little Silver,NJ,no_dac_affiliation,,,,,,,,,,0,0,,,,,,,,independence_unresolved,no_dac_affiliation
1447546338,Dr. Jacqueline Kohl,Non-PE,pair_293,TRUE,Philadelphia,PA,location_resolved,phone,0648694414,PHILADELPHIA WOMENS HEALTH AND WELLNESS LLC,3,1,3,3,1,3,1,1,3274437736,636,ABINGTON MEMORIAL HOSPITAL,,3,PHILADELPHIA WOMENS HEALTH AND WELLNESS LLC,TRUE,independent_supported,resolved to a single organisation with no system/academic/government token and fewer than 100 clinicians nationally
1144386582,Dr. Stephanie Mcknight,PE,pair_293,FALSE,Bryn Mawr,PA,location_resolved,city_state,1951215201,MAIN LINE HEALTHCARE,896,111,41,331,111,896,1,1,1951215201,601,MAIN LINE HEALTHCARE,Hospital|Inpatient rehabilitation facility,,,,independence_unresolved,organisation has 896 clinicians nationally but the name is uninformative; requires external verification
1548619596,Dr. Christian Dawes,Non-PE,pair_294,TRUE,Zionsville,IN,location_resolved,phone,0749188142,SEVEN HILLS OB-GYN ASSOCIATES LLC,110,28,65,8,32,110,1,0,,,,,110,SEVEN HILLS OB-GYN ASSOCIATES LLC,FALSE,independence_unresolved,organisation has 110 clinicians nationally but the name is uninformative; requires external verification
1073073565,Dr. Caroline Mecker,PE,pair_294,TRUE,Carmel,IN,location_resolved,phone,0749188142,SEVEN HILLS OB-GYN ASSOCIATES LLC,110,28,65,12,32,110,1,0,,,,Hospital,,,,independence_unresolved,organisation has 110 clinicians nationally but the name is uninformative; requires external verification
1417190125,Dr. Valerie Gathers,Non-PE,pair_297,TRUE,Fishers,IN,location_resolved,phone,7012047640,ST VINCENT MEDICAL GROUP INC,628,132,24,1,141,628,1,1,1759416662,1286,COMMUNITY PHYSICIANS OF INDIANA INC,,628,ST VINCENT MEDICAL GROUP INC,FALSE,independence_unresolved,organisation has 628 clinicians nationally but the name is uninformative; requires external verification
1386692028,Dr. Michelle Neff,PE,pair_297,TRUE,Carmel,IN,location_resolved,city_state,0749188142,SEVEN HILLS OB-GYN ASSOCIATES LLC,110,28,65,12,32,110,1,1,6608780978,48,OBSTETRICS & GYNECOLOGY OF INDIANA PC,Hospital,,,,independence_unresolved,organisation has 110 clinicians nationally but the name is uninformative; requires external verification
1457768178,Dr. Lauren Mason-Cederberg,Non-PE,pair_299,TRUE,Long Branch,NJ,location_resolved,phone,9537316955,BARNABAS HEALTH MEDICAL GROUP PC,566,167,55,45,171,566,1,1,1456332170,154,"LIFELINE MEDICAL ASSOCIATES, LLC",Hospital,566,BARNABAS HEALTH MEDICAL GROUP PC,FALSE,independence_unresolved,organisation has 566 clinicians nationally but the name is uninformative; requires external verification
1386214641,Dr. Savannah Nightingale,PE,pair_299,TRUE,Long Branch,NJ,no_dac_affiliation,,,,,,,,,,0,0,,,,,,,,independence_unresolved,no_dac_affiliation
1275543720,Dr. Sandra Neal,Non-PE,pair_300,TRUE,Livonia,MI,location_resolved,phone,,,0,0,0,0,0,,1,1,8325205297,2,M H NEAL MD PC,Hospital,NA,,NA,independent_supported,resolved to a single organisation with no system/academic/government token and fewer than 100 clinicians nationally
1265432397,Dr. Soheyla Pezeshki,PE,pair_300,TRUE,Novi,MI,location_resolved,phone,0345626073,UWH OF MICHIGAN PLC,39,8,31,6,5,39,1,1,8527029057,6,"METRO PARTNERS IN WOMENS HEALTH, PC",Hospital,,,,independent_supported,resolved to a single organisation with no system/academic/government token and fewer than 100 clinicians nationally
1366436388,Dr. Akemi Nakanishi,Non-PE,pair_301,TRUE,Libertyville,IL,location_resolved,phone,7618059874,OB-GYNE ASSOCIATES OF LIBERTYVILLE SC,5,0,5,5,1,5,1,1,7618059874,5,"OB-GYNE ASSOCIATES OF LIBERTYVILLE, SC",Hospital,5,OB-GYNE ASSOCIATES OF LIBERTYVILLE SC,TRUE,independent_supported,resolved to a single organisation with no system/academic/government token and fewer than 100 clinicians nationally
1174515035,Dr. Anita Iyer,PE,pair_301,TRUE,Buffalo Grove,IL,location_resolved,city_state,7517863178,BONAVENTURE MEDICAL FOUNDATION LLC,153,26,22,4,37,153,1,1,7517863178,305,BONAVENTURE MEDICAL FOUNDATION LLC,Hospital,,,,independence_unresolved,organisation has 153 clinicians nationally but the name is uninformative; requires external verification
1629496294,Dr. Justen Sumner,Non-PE,pair_304,TRUE,Philadelphia,PA,location_resolved,phone,3577467018,ARIA HEALTH PHYSICIAN SERVICES,416,49,10,3,84,416,1,2,3274437736|3577467018,636,ABINGTON MEMORIAL HOSPITAL|ARIA HEALTH PHYSICIAN SERVICES,Hospital,416,ARIA HEALTH PHYSICIAN SERVICES,FALSE,independence_unresolved,organisation has 416 clinicians nationally but the name is uninformative; requires external verification
1952381196,Dr. Suzanne Pugh,PE,pair_304,TRUE,Bryn Mawr,PA,location_resolved,phone,2961316328,REGIONAL WOMENS HEALTH GROUP LLC,334,85,227,13,110,334,1,2,2961316328|4082679519,298,REGIONAL WOMENS HEALTH GROUP LLC|WOMENS HEALTH CARE GROUP OF PENNSYLVANIA LLC,Hospital,,,,independence_unresolved,organisation has 334 clinicians nationally but the name is uninformative; requires external verification
1508858614,Dr. Scott Dinesen,Non-PE,pair_305,TRUE,Doylestown,PA,location_resolved,phone,2961316328,REGIONAL WOMENS HEALTH GROUP LLC,334,85,227,8,110,334,1,2,1759334675|3476858614,3,"MINIBARRX OF PENNSYLVANIA P.C.|SCOTT A DINESEN FACOG, PC",,334,REGIONAL WOMENS HEALTH GROUP LLC,FALSE,independence_unresolved,organisation has 334 clinicians nationally but the name is uninformative; requires external verification
1356871917,Dr. Gabriella Pugliese,PE,pair_305,TRUE,Lansdale,PA,location_resolved,phone,2961316328,REGIONAL WOMENS HEALTH GROUP LLC,334,85,227,4,110,334,1,0,,,,Hospital,,,,independence_unresolved,organisation has 334 clinicians nationally but the name is uninformative; requires external verification
1265963615,Dr. Mary Lynch,Non-PE,pair_307,TRUE,Philadelphia,PA,location_resolved,phone,2769395896,EINSTEIN PRACTICE PLAN INC,592,72,26,66,83,592,1,0,,,,Hospital,592,EINSTEIN PRACTICE PLAN INC,FALSE,independence_unresolved,organisation has 592 clinicians nationally but the name is uninformative; requires external verification
1497307052,Dr. Samantha So,PE,pair_307,TRUE,Fort Washington,PA,location_resolved,city_state,0345588711,TEMPLE FACULTY PRACTICE PLAN INC,1064,206,35,106,39,1064,1,0,,,,Hospital,,,,not_independent_supported,organisation name carries a hospital/system/academic/government token
1225025547,Dr. Daniel Roshan,Non-PE,pair_311,TRUE,Norristown,PA,ambiguous_multiple_org,phone,1052449253,ROSH MATERNAL FETAL MEDICINE PLLC,3,2,3,3,1,3,2,4,1052449253|2365738143|5799951554|7911258165,4,"67TH STREET OBGYN PLLC|ROSH MATERNAL FETAL MEDICINE, PLLC|ROSH OB-GYN ULTRASOUND OF CA PC|ROSH OB-GYN ULTRASOUND PLLC",,3,ROSH MATERNAL FETAL MEDICINE PLLC,TRUE,independence_unresolved,ambiguous_multiple_org
1295735934,Dr. Charles Touey,PE,pair_311,TRUE,Paoli,PA,location_resolved,city_state,2961316328,REGIONAL WOMENS HEALTH GROUP LLC,334,85,227,11,110,334,1,3,2961316328|4082679519|5395804827,298,"COMMUNITY HEALTH AND DENTAL CARE, INC|REGIONAL WOMENS HEALTH GROUP LLC|WOMENS HEALTH CARE GROUP OF PENNSYLVANIA LLC",Hospital,,,,independence_unresolved,organisation has 334 clinicians nationally but the name is uninformative; requires external verification
1861651176,Dr. Sara Rinala,Non-PE,pair_312,TRUE,Cincinnati,OH,location_resolved,phone,1850570458,TRIHEALTH H LLC,672,119,95,9,71,672,1,1,2062453392,8,FOR WOMEN INC,Hospital,672,TRIHEALTH H LLC,FALSE,independence_unresolved,organisation has 672 clinicians nationally but the name is uninformative; requires external verification
1881669356,Dr. Elizabeth Venard,PE,pair_312,TRUE,Cincinnati,OH,location_resolved,phone,0749188142,SEVEN HILLS OB-GYN ASSOCIATES LLC,110,28,65,7,32,110,1,1,749188142,64,SEVEN HILLS OB/GYN ASSOCIATES INC,Hospital,,,,independence_unresolved,organisation has 110 clinicians nationally but the name is uninformative; requires external verification
1467686162,Dr. Diana Huang,Non-PE,pair_313,TRUE,Bernardsville,NJ,location_resolved,phone,3678562188,ADVOCARE LLC,291,64,25,13,105,291,1,2,1456332170|4981684628,154,"LIFELINE MEDICAL ASSOCIATES, LLC|RUBINO OB GYN GROUP PA",,291,ADVOCARE LLC,FALSE,independence_unresolved,organisation has 291 clinicians nationally but the name is uninformative; requires external verification
1932786480,Dr. Tery Vinh,PE,pair_313,TRUE,Bridgewater,NJ,no_dac_affiliation,,,,,,,,,,0,0,,,,,,,,independence_unresolved,no_dac_affiliation
1679838296,Dr. Ruchira Sharma,Non-PE,pair_314,TRUE,New Brunswick,NJ,location_resolved,phone,5193764991,RUTGERS HEALTH-RWJ SCLERODERMA PROGRAM,292,46,26,163,47,292,1,0,,,,,292,RUTGERS HEALTH-RWJ SCLERODERMA PROGRAM,FALSE,independence_unresolved,organisation has 292 clinicians nationally but the name is uninformative; requires external verification
1578067187,Dr. Catherine Yu,PE,pair_314,FALSE,New Brunswick,NJ,no_dac_affiliation,,,,,,,,,,0,0,,,,Hospital,,,,independence_unresolved,no_dac_affiliation
1952530628,Dr. Virginia Smith,Non-PE,pair_315,TRUE,Wilkes Barre,PA,location_resolved,phone,5395657001,GEISINGER CLINIC,2828,400,47,79,324,2828,1,2,4880947126|648598334,3,L JUSTIN GAYLE MD PLLC|VIRGINIA SMITH MD PLLC,,2828,GEISINGER CLINIC,FALSE,independence_unresolved,organisation has 2828 clinicians nationally but the name is uninformative; requires external verification
1437144839,Dr. Akram Zalatimo,PE,pair_315,TRUE,Wilkes Barre,PA,location_resolved,phone,,,0,0,0,0,0,,1,0,,,,Hospital,,,,independent_supported,resolved to a single organisation with no system/academic/government token and fewer than 100 clinicians nationally
1760644090,Dr. Karen Wolowick,Non-PE,pair_317,TRUE,Downers Grove,IL,location_resolved,phone,,,0,0,0,0,0,,1,1,5496667941,1123,DU PAGE MEDICAL GROUP LTD,,NA,,NA,independent_supported,resolved to a single organisation with no system/academic/government token and fewer than 100 clinicians nationally
1275641003,Dr. Robin Whatley,PE,pair_317,FALSE,Bolingbrook,IL,no_dac_affiliation,,,,,,,,,,0,1,7810179702,74,OBHG ILLINOIS SC,,,,,independence_unresolved,no_dac_affiliation
1972578375,Dr. Bridget Frangella,Non-PE,pair_319,TRUE,Plainfield,IL,location_resolved,phone,5496667941,DUPAGE MEDICAL GROUP LTD,1196,264,54,9,118,1196,1,1,5496667941,1123,DU PAGE MEDICAL GROUP LTD,Hospital,1196,DUPAGE MEDICAL GROUP LTD,FALSE,independence_unresolved,organisation has 1196 clinicians nationally but the name is uninformative; requires external verification
1740374909,Dr. Donna Sweetland,PE,pair_319,FALSE,Joliet,IL,location_resolved,city_state,7810179702,OBHG ILLINOIS SC,13,8,13,1,8,13,1,1,5092703405,63,ST. MARGARETS HOSPITAL,,,,,independent_supported,resolved to a single organisation with no system/academic/government token and fewer than 100 clinicians nationally
1700084779,Dr. Alka Bennion,Non-PE,pair_322,TRUE,Sun City,AZ,location_resolved,phone,6204002272,BANNER PHYSICIAN SPECIALISTS ARIZONA LLC,248,45,6,100,54,248,1,1,6204002272,448,BANNER PHYSICIAN SPECIALISTS ARIZONA LLC,,248,BANNER PHYSICIAN SPECIALISTS ARIZONA LLC,FALSE,independence_unresolved,organisation has 248 clinicians nationally but the name is uninformative; requires external verification
1437140589,Dr. Judy Tom,PE,pair_322,TRUE,Glendale,AZ,location_resolved,city_state,3375529100,DESERT WEST OBSTETRICS AND GYNECOLOGY LTD,18,3,15,18,1,18,1,2,3375529100|7911094040,58,"ARIZONA OBGYN AFFILIATES, PC|DESERT WEST OBSTETRICS & GYNECOLOGY LTD",Hospital,,,,independent_supported,resolved to a single organisation with no system/academic/government token and fewer than 100 clinicians nationally
1942643895,Dr. Lauren Maher,Non-PE,pair_323,TRUE,Philadelphia,PA,location_resolved,phone,0042109902,HR PHYSICIAN SERVICES,140,29,26,1,31,140,1,1,42109902,256,HR PHYSICIAN SERVICES,Hospital,140,HR PHYSICIAN SERVICES,FALSE,independence_unresolved,organisation has 140 clinicians nationally but the name is uninformative; requires external verification
1831415231,Dr. James Miller,PE,pair_323,TRUE,Willow Grove,PA,affiliation_location_mismatch,,,,,,,,,,1,2,2264691070|3274437736,2389,ABINGTON MEMORIAL HOSPITAL|ICAHN SCHOOL OF MEDICINE AT MOUNT SINAI,Hospital,,,,independence_unresolved,affiliation_location_mismatch
1376574673,Dr. Antonia Williams,Non-PE,pair_324,TRUE,Birmingham,AL,location_resolved,phone,1355597923,CAHABA MEDICAL CARE FOUNDATION,83,6,3,16,12,83,1,1,1456254556,76,"SIMON-WILLIAMSON CLINIC, P.C.",,83,CAHABA MEDICAL CARE FOUNDATION,FALSE,independent_supported,resolved to a single organisation with no system/academic/government token and fewer than 100 clinicians nationally
1740244383,Dr. Lance Radbill,PE,pair_324,TRUE,Birmingham,AL,location_resolved,city_state,4981646734,TOGETHER WOMEN'S HEALTH MEDICAL GROUP OF ALABAMA PC,12,1,7,6,4,12,1,1,4981646734,16,"OB-GYN SOUTH, P.C.",Hospital,,,,independent_supported,resolved to a single organisation with no system/academic/government token and fewer than 100 clinicians nationally
1629464003,Dr. Shruti Bala,Non-PE,pair_331,TRUE,Tucson,AZ,location_resolved,phone,6305739244,"EL RIO SANTA CRUZ NEIGHBORHOOD HEALTH CENTER, INC",230,26,8,195,12,230,1,0,,,,,230,"EL RIO SANTA CRUZ NEIGHBORHOOD HEALTH CENTER, INC",FALSE,independence_unresolved,organisation has 230 clinicians nationally but the name is uninformative; requires external verification
1417026188,Dr. Stephanie Chin,PE,pair_331,TRUE,Tucson,AZ,location_resolved,phone,4284724279,GENESIS OB GYN PLLC,60,12,39,21,13,60,1,1,4284724279,52,"GENESIS OB/GYN, PC",Hospital,,,,independent_supported,resolved to a single organisation with no system/academic/government token and fewer than 100 clinicians nationally
1750481610,Dr. Shahla Ighani,Non-PE,pair_332,TRUE,Tucson,AZ,location_resolved,phone,4284724279,GENESIS OB GYN PLLC,60,12,39,6,13,60,1,1,4284724279,52,"GENESIS OB/GYN, PC",,60,GENESIS OB GYN PLLC,FALSE,independent_supported,resolved to a single organisation with no system/academic/government token and fewer than 100 clinicians nationally
1518196443,Dr. Anna Nelson-Moseke,PE,pair_332,TRUE,Tucson,AZ,location_resolved,city_state,4284724279,GENESIS OB GYN PLLC,60,12,39,14,13,60,1,1,4284724279,52,"GENESIS OB/GYN, PC",,,,,independent_supported,resolved to a single organisation with no system/academic/government token and fewer than 100 clinicians nationally
1366633620,Dr. Stephanie Mayes,Non-PE,pair_334,TRUE,Phoenix,AZ,location_resolved,phone,0648256156,SOUTHWEST CONTEMPORARY WOMEN'S CARE PC,23,5,17,21,3,23,1,1,648256156,24,"SOUTHWEST CONTEMPORARY WOMEN'S CARE, PC",,23,SOUTHWEST CONTEMPORARY WOMEN'S CARE PC,FALSE,independent_supported,resolved to a single organisation with no system/academic/government token and fewer than 100 clinicians nationally
1972777134,Dr. Emily Cyr,PE,pair_334,TRUE,Phoenix,AZ,location_resolved,phone,2769468594,CENTRAL PHOENIX WOMEN'S HEALTH CARE LTD,3,0,3,3,1,3,2,1,2769468594,4,CENTRAL PHOENIX WOMEN'S HEALTH CARE LTD,,,,,independent_supported,resolved to a single organisation with no system/academic/government token and fewer than 100 clinicians nationally
1619271947,Dr. Carlos Flores,Non-PE,pair_336,TRUE,Burbank,CA,location_resolved,phone,,,0,0,0,0,0,,2,0,,,,,287,PROVIDENCE FACEY MEDICAL FOUNDATION,FALSE,independent_supported,resolved to a single organisation with no system/academic/government token and fewer than 100 clinicians nationally
1053653105,Dr. Lia Labrant,PE,pair_336,TRUE,Beverly Hills,CA,location_resolved,city_state,0345228722,WOMENS CARE OF BEVERLY HILLS MEDICAL GROUP,6,2,6,6,1,6,1,2,345228722|446169114,587,CEDARS-SINAI MEDICAL CENTER|WOMENS CARE OF BEVERLY HILLS MEDICAL GROUP,Hospital,,,,independent_supported,resolved to a single organisation with no system/academic/government token and fewer than 100 clinicians nationally
1689661928,Dr. Jose Picazo,Non-PE,pair_338,TRUE,Newark,DE,location_resolved,phone,,,0,0,0,0,0,,1,1,1355500273,1,JOSE PICAZO MD PA,Hospital,NA,,NA,independent_supported,resolved to a single organisation with no system/academic/government token and fewer than 100 clinicians nationally
1831124270,Dr. Diane Mccracken,PE,pair_338,TRUE,Newark,DE,location_resolved,city_state,1456332170,LIFELINE MEDICAL ASSOCIATES LLC,156,42,115,7,40,156,1,1,3870406580,15,ALL ABOUT WOMEN,Hospital,,,,independence_unresolved,organisation has 156 clinicians nationally but the name is uninformative; requires external verification
1447341920,Dr. Anthony Sciscione,Non-PE,pair_340,TRUE,Newark,DE,location_resolved,phone,6204923477,THE DELAWARE CENTER FOR MATERNAL AND FETAL MEDICINE OF CHRISTIANA CARE,9,3,7,8,2,9,1,2,6204923477|9739097569,1262,CHRISTIANA CARE HEALTH SERVICES INC|THE DELAWARE CENTER FOR MATERNAL AND FETAL MEDICINE OF CHRISTIANA CARE,,9,THE DELAWARE CENTER FOR MATERNAL AND FETAL MEDICINE OF CHRISTIANA CARE,TRUE,independent_supported,resolved to a single organisation with no system/academic/government token and fewer than 100 clinicians nationally
1699941989,Dr. Jessica Apel,PE,pair_340,TRUE,Newark,DE,location_resolved,city_state,1456332170,LIFELINE MEDICAL ASSOCIATES LLC,156,42,115,11,40,156,1,2,4587791165|9739097569,1262,CHRISTIANA CARE HEALTH SERVICES INC|WOMEN FIRST LLC,Hospital,,,,independence_unresolved,organisation has 156 clinicians nationally but the name is uninformative; requires external verification
1700043460,Dr. Abby Otto,Non-PE,pair_341,TRUE,Alpharetta,GA,location_resolved,phone,1951396639,ATLANTA WOMEN'S HEALTH GROUP PC,61,10,60,4,22,61,1,0,,,,Hospital,61,ATLANTA WOMEN'S HEALTH GROUP PC,FALSE,independent_supported,resolved to a single organisation with no system/academic/government token and fewer than 100 clinicians nationally
1578721155,Dr. Lina Millan,PE,pair_341,TRUE,Roswell,GA,location_resolved,phone,0143568634,ADVANCED GYNECOLOGY PC,11,0,4,7,2,11,1,0,,,,Hospital,,,,independent_supported,resolved to a single organisation with no system/academic/government token and fewer than 100 clinicians nationally
1316234081,Dr. Karanvir Virk,Non-PE,pair_342,TRUE,Jonesboro,GA,location_resolved,phone,6204829013,THE SOUTHEAST PERMANENTE MEDICAL GROUP,559,134,14,106,27,559,1,2,8729002548|8921910225,13204,NORTH ATLANTA SURGICAL ASSOCIATES|PERMANENTE MEDICAL GROUP INC,,559,THE SOUTHEAST PERMANENTE MEDICAL GROUP,FALSE,not_independent_supported,organisation name carries a hospital/system/academic/government token
1083633101,Dr. Kimberly Mcintosh,PE,pair_342,TRUE,Stockbridge,GA,location_resolved,phone,3072504240,SOUTHERN CRESCENT WOMENS HEALTH SPECIALISTS AT EAGLE'S LANDING,5,1,5,5,1,5,1,1,3072504240,5,SOUTHERN CRESCENT WOMENS HEALTH SPECIALISTS AT EAGLE'S LANDING,,,,,independent_supported,resolved to a single organisation with no system/academic/government token and fewer than 100 clinicians nationally
1972504488,Dr. Clyde Jacob,Non-PE,pair_344,TRUE,Columbus,GA,location_resolved,phone,9133378763,DHP OF PIEDMONT PC,20,4,18,2,5,20,1,6,143138016|3072402395|5890703177|6709002850|8820247844|8820901408,3168,DHP OF NEW JERSEY PA|EMORY CLINIC INC|NEIGHBORHOOD HEALTH SERVICES CORPORATION|PRACTICE ASSOCIATES MEDICAL GROUP|TRINITA,,20,DHP OF PIEDMONT PC,FALSE,independent_supported,resolved to a single organisation with no system/academic/government token and fewer than 100 clinicians nationally
1881859825,Dr. Maria Bendana,PE,pair_344,FALSE,Columbus,GA,no_dac_affiliation,,,,,,,,,,0,2,2567765662|5799860151,46,MAC - MACON ROAD LLC|ST FRANCIS AFFILIATED SERVICES LLC,,,,,independence_unresolved,no_dac_affiliation
1194820753,Dr. Ruthann Rees,Non-PE,pair_345,TRUE,Columbus,GA,location_resolved,phone,4284951542,PRIVIA MEDICAL GROUP OF GEORGIA LLC,299,72,6,1,29,299,1,2,4284951542|9638232713,178,"OBGYN SPECIALSITS OF COLUMBUS, P.C.|PRIVIA MEDICAL GROUP OF GEORGIA LLC",Hospital,299,PRIVIA MEDICAL GROUP OF GEORGIA LLC,FALSE,independence_unresolved,organisation has 299 clinicians nationally but the name is uninformative; requires external verification
1962575597,Dr. Michael Dempsey,PE,pair_345,TRUE,Columbus,GA,location_resolved,phone,9931291226,"SERENA D. TIDWELL, M.D., P.C.",6,0,4,4,3,6,1,0,,,,Hospital,,,,independent_supported,resolved to a single organisation with no system/academic/government token and fewer than 100 clinicians nationally
1700998366,Dr. Michael Noone,Non-PE,pair_346,TRUE,Park Ridge,IL,location_resolved,phone,0840180303,ILLINOIS UROGYNECOLOGY LTD,6,4,6,6,3,6,1,1,840180303,6,ILLINOIS UROGYNECOLOGY LTD,Hospital,6,ILLINOIS UROGYNECOLOGY LTD,TRUE,independent_supported,resolved to a single organisation with no system/academic/government token and fewer than 100 clinicians nationally
1275620700,Dr. Kathryn Ray,PE,pair_346,TRUE,Arlington Heights,IL,location_resolved,city_state,7012818354,"MIDWEST CENTER FOR WOMEN'S HEALTHCARE, LTD",67,21,60,4,22,67,1,1,7012818354,45,"MIDWEST CENTER FOR WOMEN'S HEALTHCARE, LTD",Hospital,,,,independent_supported,resolved to a single organisation with no system/academic/government token and fewer than 100 clinicians nationally
1669562880,Dr. Steven Valfer,Non-PE,pair_347,FALSE,Northbrook,IL,location_resolved,phone,4183775174,"HIGHLAND PARK OB-GYN ASSOCIATES, LTD",2,0,2,2,1,2,1,1,4183775174,2,"HIGHLAND PARK OB-GYN ASSOCIATES, LTD",Hospital,2,"HIGHLAND PARK OB-GYN ASSOCIATES, LTD",TRUE,independent_supported,resolved to a single organisation with no system/academic/government token and fewer than 100 clinicians nationally
1104454545,Dr. Natalia J,PE,pair_347,TRUE,Des Plaines,IL,no_dac_affiliation,,,,,,,,,,0,0,,,,Hospital,,,,independence_unresolved,no_dac_affiliation
1801355243,Dr. Petra Voigt,Non-PE,pair_348,TRUE,Chicago,IL,location_resolved,phone,4587576814,NORTHWESTERN MEDICAL FACULTY FOUNDATION,3275,438,74,4,215,3275,1,0,,,,Hospital,3275,NORTHWESTERN MEDICAL FACULTY FOUNDATION,FALSE,not_independent_supported,organisation name carries a hospital/system/academic/government token
1851956353,Dr. Nancy Singh,PE,pair_348,TRUE,Chicago,IL,location_resolved,city_state,9537050422,ERIE FAMILY HEALTH CENTER INC,123,5,17,72,10,123,1,0,,,,,,,,independence_unresolved,organisation has 123 clinicians nationally but the name is uninformative; requires external verification
1073904256,Dr. Andrew Ewbank,Non-PE,pair_349,TRUE,Evanston,IL,location_resolved,phone,9537050422,ERIE FAMILY HEALTH CENTER INC,123,5,17,15,10,123,1,0,,,,,123,ERIE FAMILY HEALTH CENTER INC,FALSE,independence_unresolved,organisation has 123 clinicians nationally but the name is uninformative; requires external verification
1639129455,Dr. Ronald Miller,PE,pair_349,TRUE,Glenview,IL,location_resolved,phone,7012818354,"MIDWEST CENTER FOR WOMEN'S HEALTHCARE, LTD",67,21,60,11,22,67,1,1,7012818354,45,"MIDWEST CENTER FOR WOMEN'S HEALTHCARE, LTD",Hospital,,,,independent_supported,resolved to a single organisation with no system/academic/government token and fewer than 100 clinicians nationally
1275618985,Dr. Scott Multack,Non-PE,pair_351,TRUE,Bloomingdale,IL,location_resolved,phone,0244135762,ADVENTIST HEALTH PARTNERS INC,210,52,12,201,35,210,1,1,244135762,203,ADVENTIST HEALTH PARTNERS INC,Hospital,210,ADVENTIST HEALTH PARTNERS INC,FALSE,independence_unresolved,organisation has 210 clinicians nationally but the name is uninformative; requires external verification
1093078388,Dr. Bishara Facs,PE,pair_351,TRUE,Hoffman Estates,IL,ambiguous_multiple_org,city_state,7012818354,"MIDWEST CENTER FOR WOMEN'S HEALTHCARE, LTD",67,21,60,1,22,67,2,1,5193619971,375,TIFT REGIONAL MEDICAL CENTER,Hospital,,,,independence_unresolved,ambiguous_multiple_org
1619157526,Dr. Kathleen Slugocki,Non-PE,pair_353,TRUE,Mokena,IL,location_resolved,phone,5698904878,PROVIDEA HEALTH PARTNERS LLC,6,0,5,4,2,6,1,1,5698904878,15,PROVIDEA HEALTH PARTNERS LLC,Hospital,6,PROVIDEA HEALTH PARTNERS LLC,TRUE,independent_supported,resolved to a single organisation with no system/academic/government token and fewer than 100 clinicians nationally
1952332165,Dr. John Bush,PE,pair_353,TRUE,Frankfort,IL,location_resolved,phone,0840339537,JOHN G BUSH DO LTD,3,0,3,3,2,3,1,1,840339537,3,"JOHN G. BUSH, DO LTD",Hospital,,,,independent_supported,resolved to a single organisation with no system/academic/government token and fewer than 100 clinicians nationally
1699760108,Dr. Kristin Mcday,Non-PE,pair_354,TRUE,Washington,DC,location_resolved,phone,5092798298,MARYS CENTER FOR MATERNAL AND CHILD CARE INC,45,1,6,31,6,45,1,3,3779495858|4385541622|9436323342,2212,KAISER FOUNDATION HEALTH PLAN OF THE MID-ATLANTIC STATES INC|OBHG VIRGINIA LLC|PROVIDENCE HEALTH SERVICES INC,,45,MARYS CENTER FOR MATERNAL AND CHILD CARE INC,FALSE,independent_supported,resolved to a single organisation with no system/academic/government token and fewer than 100 clinicians nationally
1952835829,Dr. Ahmad Kerr,PE,pair_354,TRUE,Washington,DC,location_resolved,city_state,0345237210,DRS REITER AND HILL PLLC,18,3,15,14,3,18,1,0,,,,,,,,independent_supported,resolved to a single organisation with no system/academic/government token and fewer than 100 clinicians nationally
1457437162,Dr. Jennifer Santiago,Non-PE,pair_355,TRUE,Lanham,MD,location_resolved,phone,4385682061,PRIVIA MEDICAL GROUP LLC,1189,182,112,542,183,1189,2,1,4082528898,1106,"MEDICAL FACULTY ASSOCIATES, INC",Hospital,1189,PRIVIA MEDICAL GROUP LLC,FALSE,independence_unresolved,organisation has 1189 clinicians nationally but the name is uninformative; requires external verification
1609286848,Dr. Kirsten Ely,PE,pair_355,TRUE,Beltsville,MD,location_resolved,city_state,5890913503,MARYLAND PHYSICIANS EDGE LLC,21,1,17,11,3,21,1,1,5890913503,20,MARYLAND PHYSICIANS EDGE LLC,,,,,independent_supported,resolved to a single organisation with no system/academic/government token and fewer than 100 clinicians nationally
1376528265,Dr. Michelle Spector,Non-PE,pair_357,TRUE,Rockville,MD,location_resolved,phone,4880582741,CAPITAL WOMENS CARE LLC,252,47,182,36,64,252,1,1,4880582741,227,CAPITAL WOMENS CARE LLC,,252,CAPITAL WOMENS CARE LLC,FALSE,independence_unresolved,organisation has 252 clinicians nationally but the name is uninformative; requires external verification
1942645874,Dr. Arifa Khokar,PE,pair_357,TRUE,Silver Spring,MD,location_resolved,city_state,5890913503,MARYLAND PHYSICIANS EDGE LLC,21,1,17,10,3,21,1,1,9739093097,64,"SHENANDOAH VALLEY MEDICAL SYSTEM, INC.",,,,,independent_supported,resolved to a single organisation with no system/academic/government token and fewer than 100 clinicians nationally
1053308411,Dr. Steven Lacher,Non-PE,pair_358,TRUE,Bel Air,MD,location_resolved,phone,4880582741,CAPITAL WOMENS CARE LLC,252,47,182,1,64,252,1,2,4880846179|9133295066,202,STEVEN LACHER MD PA|UNIVERSITY OF MARYLAND ST JOSEPH MEDICAL GROUP LLC,,252,CAPITAL WOMENS CARE LLC,FALSE,independence_unresolved,organisation has 252 clinicians nationally but the name is uninformative; requires external verification
1194380428,Dr. Ibrahim Tsolakian,PE,pair_358,TRUE,Bel Air,MD,location_resolved,phone,9335129766,SUSQUEHANNA OB-GYN PA,12,1,4,12,2,12,1,0,,,,Hospital,,,,independent_supported,resolved to a single organisation with no system/academic/government token and fewer than 100 clinicians nationally
1083868764,Dr. Sami Mufarrij,Non-PE,pair_359,TRUE,North Bethesda,MD,location_resolved,phone,4880582741,CAPITAL WOMENS CARE LLC,252,47,182,4,64,252,1,2,3779516992|4880582741,227,CAPITAL WOMENS CARE LLC|PROFESSIONAL SERVICES OF HOLY CROSS,,252,CAPITAL WOMENS CARE LLC,FALSE,independence_unresolved,organisation has 252 clinicians nationally but the name is uninformative; requires external verification
1144858689,Dr. Andre Hall,PE,pair_359,TRUE,Gaithersburg,MD,no_dac_affiliation,,,,,,,,,,0,0,,,,,,,,independence_unresolved,no_dac_affiliation
1245505684,Dr. Latasha Murphy,Non-PE,pair_361,TRUE,Towson,MD,location_resolved,phone,7719882943,ST PAUL PLACE SPECIALISTS INC,270,49,29,3,13,270,1,2,3678472214|7719882943,424,"ST PAUL PLACE SPECIALISTS, INC.|UNIVERSITY OF MARYLAND COMMUNITY MEDICAL GROUP INC",Hospital,270,ST PAUL PLACE SPECIALISTS INC,FALSE,independence_unresolved,organisation has 270 clinicians nationally but the name is uninformative; requires external verification
1700413499,Dr. Mary Ahern,PE,pair_361,TRUE,Baltimore,MD,no_dac_affiliation,,,,,,,,,,0,0,,,,Hospital,,,,independence_unresolved,no_dac_affiliation
1750474813,Dr. Daniel Greene,Non-PE,pair_362,TRUE,Rochester,MI,location_resolved,phone,9739082603,"CONTEMPORARY OBSTETRICS AND GYNECOLOGY, PC",4,0,4,4,1,4,1,1,9739082603,8,"CONTEMPORARY OBSTETRICS & GYNECOLOGY, PC",Hospital,4,"CONTEMPORARY OBSTETRICS AND GYNECOLOGY, PC",TRUE,independent_supported,resolved to a single organisation with no system/academic/government token and fewer than 100 clinicians nationally
1508902370,Dr. Carole Condevaux,PE,pair_362,TRUE,Rochester Hills,MI,location_resolved,phone,2466543640,"TOGETHER WOMEN'S HEALTH MEDICAL GROUP, P.C.",24,7,24,4,7,24,1,1,2365349545,4,PAINT CREEK OBSTETRICS & GYNECOLOGY PC,Hospital,,,,independent_supported,resolved to a single organisation with no system/academic/government token and fewer than 100 clinicians nationally
1295705168,Dr. Lisa Gilbertahee,Non-PE,pair_363,TRUE,Warren,MI,location_resolved,phone,0648180406,ASCENSION MEDICAL GROUP MICHIGAN,102,33,15,3,50,102,1,2,648180406|7315859725,233,ASCENSION MACOMB OAKLAND HOSPITAL|ASCENSION MEDICAL GROUP MICHIGAN,Hospital,102,ASCENSION MEDICAL GROUP MICHIGAN,FALSE,independence_unresolved,organisation has 102 clinicians nationally but the name is uninformative; requires external verification
1801235148,Dr. Steven Lefkowitz,PE,pair_363,TRUE,Troy,MI,location_resolved,city_state,7618974239,SOMERSET GYNECOLOGY AND OBSTETRICS PC,5,1,5,5,1,5,1,2,3072875889|7618974239,765,BEAUMONT MEDICAL GROUP HOSPITAL BASED SERVICES|SOMERSET GYNECOLOGY & OBSTETRICS PC,Hospital,,,,independent_supported,resolved to a single organisation with no system/academic/government token and fewer than 100 clinicians nationally
1902862436,Dr. Michele Thomas,Non-PE,pair_364,TRUE,Southfield,MI,location_resolved,phone,,,0,0,0,0,0,,1,2,1759330871|6103738703,421,ASCENSION PROVIDENCE HOSPITAL|MICHELE THOMAS MD PLLC,Hospital,NA,,NA,independent_supported,resolved to a single organisation with no system/academic/government token and fewer than 100 clinicians nationally
1588678932,Dr. Andrea Schiller,PE,pair_364,TRUE,Royal Oak,MI,location_resolved,phone,7719917947,WOMEN FIRST OBGYN CENTER PLLC,5,0,5,5,1,5,1,1,3072875889,765,BEAUMONT MEDICAL GROUP HOSPITAL BASED SERVICES,Hospital,,,,independent_supported,resolved to a single organisation with no system/academic/government token and fewer than 100 clinicians nationally
1477711158,Dr. Lauren Callahan,Non-PE,pair_365,TRUE,Woodbury,MN,location_resolved,phone,1052225042,INFINITE HEALTH COLLABORATIVE PA,776,59,44,5,76,776,1,1,6800866062,6,"ADEFRIS & TOPPIN WOMEN'S SPECIALISTS,MDPC",Hospital,776,INFINITE HEALTH COLLABORATIVE PA,FALSE,independence_unresolved,organisation has 776 clinicians nationally but the name is uninformative; requires external verification
1457693293,Dr. Cassandra Mscp,PE,pair_365,TRUE,Maplewood,MN,location_resolved,city_state,1355396110,PREMIER OBGYN OF MINNESOTA PLLC,68,14,46,2,21,68,1,1,1355396110,95,PREMIER OBGYN OF MINNESOTA PA,Hospital,,,,independent_supported,resolved to a single organisation with no system/academic/government token and fewer than 100 clinicians nationally
1437354099,Dr. Matthew Palmer,Non-PE,pair_367,TRUE,Plymouth,MN,location_resolved,phone,1355396110,PREMIER OBGYN OF MINNESOTA PLLC,68,14,46,16,21,68,1,2,1355396110|42123028,935,NORTH MEMORIAL HEALTH CARE|PREMIER OBGYN OF MINNESOTA PA,Hospital,68,PREMIER OBGYN OF MINNESOTA PLLC,FALSE,independent_supported,resolved to a single organisation with no system/academic/government token and fewer than 100 clinicians nationally
1114216355,Dr. Megan Bina,PE,pair_367,TRUE,Maple Grove,MN,location_resolved,city_state,2769384205,NORTH CLINIC PA,51,2,7,20,8,51,1,1,2769384205,40,"NORTH CLINIC, PA",Hospital,,,,independent_supported,resolved to a single organisation with no system/academic/government token and fewer than 100 clinicians nationally
1659678753,Dr. Vanessa Knoedler,Non-PE,pair_368,TRUE,Bloomington,MN,location_resolved,phone,7911819438,PARK NICOLLET CLINIC,1532,219,61,1316,36,1532,1,1,1355396110,95,PREMIER OBGYN OF MINNESOTA PA,,1532,PARK NICOLLET CLINIC,FALSE,independence_unresolved,organisation has 1532 clinicians nationally but the name is uninformative; requires external verification
1699949776,Dr. Georgina Greil,PE,pair_368,TRUE,Eagan,MN,location_resolved,city_state,7113830142,FAIRVIEW CLINICS,650,160,39,330,50,650,1,2,1951213057|7113830142,2638,FAIRVIEW CLINICS|FAIRVIEW HEALTH SERVICES,Hospital,,,,independence_unresolved,organisation has 650 clinicians nationally but the name is uninformative; requires external verification
1225415789,Dr. Lindsay Lewis,Non-PE,pair_370,TRUE,Edina,MN,location_resolved,phone,1355396110,PREMIER OBGYN OF MINNESOTA PLLC,68,14,46,16,21,68,1,0,,,,,68,PREMIER OBGYN OF MINNESOTA PLLC,FALSE,independent_supported,resolved to a single organisation with no system/academic/government token and fewer than 100 clinicians nationally
1477933513,Dr. Annalise Almdale,PE,pair_370,TRUE,Burnsville,MN,location_resolved,city_state,1355396110,PREMIER OBGYN OF MINNESOTA PLLC,68,14,46,12,21,68,1,0,,,,Hospital,,,,independent_supported,resolved to a single organisation with no system/academic/government token and fewer than 100 clinicians nationally
1174966808,Dr. Erin Stevens,Non-PE,pair_371,TRUE,Edina,MN,location_resolved,phone,2466404991,CLINIC SOFIA OBGYN PA,9,0,6,9,2,9,1,1,2466404991,6,CLINIC SOFIA OBGYN PA,,9,CLINIC SOFIA OBGYN PA,TRUE,independent_supported,resolved to a single organisation with no system/academic/government token and fewer than 100 clinicians nationally
1255913141,Dr. Brianna Dickson,PE,pair_371,TRUE,Minneapolis,MN,no_dac_affiliation,,,,,,,,,,0,0,,,,Hospital,,,,independence_unresolved,no_dac_affiliation
1164746772,Dr. Golnaz Alemi,Non-PE,pair_376,TRUE,North Las Vegas,NV,location_resolved,phone,1557514692,"NADER Y. ABDELSAYED, M.D., PROFESSIONAL CORPORATION",4,1,3,4,1,4,1,0,,,,,4,"NADER Y. ABDELSAYED, M.D., PROFESSIONAL CORPORATION",TRUE,independent_supported,resolved to a single organisation with no system/academic/government token and fewer than 100 clinicians nationally
1629031117,Dr. Sheldon Paul,PE,pair_376,TRUE,North Las Vegas,NV,location_resolved,phone,4082845664,"WOMEN'S HEALTH ASSOCIATES OF SOUTHERN NEVADA- MARTIN, PLLC",83,17,42,12,17,83,1,2,4082845664|5294976288,59,"SHELDON W PAUL, MD PC|WOMEN'S HEALTH ASSOCIATES OF SOUTHERN NEVADA PC",,,,,independent_supported,resolved to a single organisation with no system/academic/government token and fewer than 100 clinicians nationally
1477896702,Dr. Philip Mclemore,Non-PE,pair_377,TRUE,Las Vegas,NV,location_resolved,phone,2163415910,IRIYE MEDICAL GROUP PLLC,39,10,24,35,6,39,1,0,,,,,39,IRIYE MEDICAL GROUP PLLC,FALSE,independent_supported,resolved to a single organisation with no system/academic/government token and fewer than 100 clinicians nationally
1457808651,Dr. Brian Vu,PE,pair_377,TRUE,Las Vegas,NV,location_resolved,city_state,4981687779,OPTUM MEDICAL GROUP II RHODES P C,314,48,11,70,22,314,1,0,,,,,,,,independence_unresolved,organisation has 314 clinicians nationally but the name is uninformative; requires external verification
1366550188,Dr. Robi Burns,Non-PE,pair_378,TRUE,Henderson,NV,location_resolved,phone,,,0,0,0,0,0,,1,1,8729208236,1,INTEGRATIVE WOMENS HEALTHCARE OF NEVADA,,NA,,NA,independent_supported,resolved to a single organisation with no system/academic/government token and fewer than 100 clinicians nationally
1598764771,Dr. Keith Brill,PE,pair_378,TRUE,Henderson,NV,location_resolved,phone,4082845664,"WOMEN'S HEALTH ASSOCIATES OF SOUTHERN NEVADA- MARTIN, PLLC",83,17,42,5,17,83,1,1,4082845664,59,WOMEN'S HEALTH ASSOCIATES OF SOUTHERN NEVADA PC,,,,,independent_supported,resolved to a single organisation with no system/academic/government token and fewer than 100 clinicians nationally
1063602597,Dr. Elena Zenkin,Non-PE,pair_379,TRUE,Las Vegas,NV,location_resolved,phone,4183991458,UNLV MEDICINE,148,20,16,21,17,148,2,2,244120939|4183991458,197,OBSTETRIX MEDICAL GROUP OF CALIFORNIA APC|UNLV MEDICINE,,148,OBSTETRIX MEDICAL GROUP OF CALIFORNIA A PROFESSIONAL CORPORATION | UNL,FALSE,independence_unresolved,organisation has 148 clinicians nationally but the name is uninformative; requires external verification
1720582737,Dr. Haleigh Edgar,PE,pair_379,TRUE,Las Vegas,NV,location_resolved,phone,4082845664,"WOMEN'S HEALTH ASSOCIATES OF SOUTHERN NEVADA- MARTIN, PLLC",83,17,42,30,17,83,1,0,,,,,,,,independent_supported,resolved to a single organisation with no system/academic/government token and fewer than 100 clinicians nationally
1619932506,Dr. Linh Nguyen,Non-PE,pair_380,FALSE,Fountain Valley,CA,location_resolved,phone,5799724373,WOMEN'S MEDICAL CORP OF HUNTINGTON BEACH,4,2,3,4,1,4,1,1,5799724373,8,WOMEN'S MEDICAL CORP OF HUNTINGTON BEACH,Hospital,4,WOMEN'S MEDICAL CORP OF HUNTINGTON BEACH,TRUE,independent_supported,resolved to a single organisation with no system/academic/government token and fewer than 100 clinicians nationally
1831501055,Dr. Navpreet Chattha,PE,pair_380,TRUE,Newport Beach,CA,no_dac_affiliation,,,,,,,,,,0,0,,,,,,,,independence_unresolved,no_dac_affiliation
1114908480,Dr. Paul Neumann,Non-PE,pair_381,TRUE,Blue Bell,PA,location_resolved,phone,0345588711,TEMPLE FACULTY PRACTICE PLAN INC,1064,206,35,5,39,1064,1,1,2860492279,57,CHESTNUT HILL CLINIC COMPANY LLC,,1064,TEMPLE FACULTY PRACTICE PLAN INC,FALSE,not_independent_supported,organisation name carries a hospital/system/academic/government token
1912303033,Dr. Masuma Bahora,PE,pair_381,TRUE,King Of Prussia,PA,no_dac_affiliation,,,,,,,,,,0,1,8527962661,159,FORNANCE PHYSICIAN SERVICES INC,,,,,independence_unresolved,no_dac_affiliation
1952373912,Dr. Lisa Eng,Non-PE,pair_382,TRUE,New York,NY,location_resolved,phone,,,0,0,0,0,0,,1,1,3870778228,3,NEW LIFE MEDICAL ESTHETICS & WELLNESS PLLC,Hospital,NA,,NA,independent_supported,resolved to a single organisation with no system/academic/government token and fewer than 100 clinicians nationally
1265530679,Dr. Audrey Buxbaum,PE,pair_382,TRUE,New York,NY,location_resolved,phone,4981752342,DOWNTOWN WOMEN OB GYN ASSOCIATES LLP,6,2,6,6,1,6,1,1,4981752342,6,DOWNTOWN WOMEN OB GYN ASSOCIATES LLP,Hospital,,,,independent_supported,resolved to a single organisation with no system/academic/government token and fewer than 100 clinicians nationally
1205276193,Dr. Peter Sticco,Non-PE,pair_383,TRUE,Rockville Centre,NY,location_resolved,phone,7618955667,CHS PHYSICIAN PARTNERS PC,507,136,11,1,123,507,1,1,547179731,571,CHATTANOOGA HAMILTON COUNTY HOSPITAL AUTHORITY,Hospital,507,CHS PHYSICIAN PARTNERS PC,FALSE,independence_unresolved,organisation has 507 clinicians nationally but the name is uninformative; requires external verification
1710927363,Dr. Matthew Dilena,PE,pair_383,TRUE,Garden City,NY,location_resolved,phone,7012938434,SQUARE CARE MEDICAL GROUP LLP,56,17,41,6,20,56,1,1,7012938434,72,"SQUARE CARE MEDICAL GROUP, LLP",Hospital,,,,independent_supported,resolved to a single organisation with no system/academic/government token and fewer than 100 clinicians nationally
1164420493,Dr. Evan Shapiro,Non-PE,pair_384,TRUE,New Hyde Park,NY,location_resolved,phone,,,0,0,0,0,0,,1,1,1052202165,4,"WOMEN'S HEALTH & WELLNESS OF QUEENS, PLLC",Hospital,NA,,NA,independent_supported,resolved to a single organisation with no system/academic/government token and fewer than 100 clinicians nationally
1902977796,Dr. Gary Levine,PE,pair_384,TRUE,Mineola,NY,location_resolved,phone,7012938434,SQUARE CARE MEDICAL GROUP LLP,56,17,41,6,20,56,1,1,7012938434,72,"SQUARE CARE MEDICAL GROUP, LLP",Hospital,,,,independent_supported,resolved to a single organisation with no system/academic/government token and fewer than 100 clinicians nationally
1225290455,Dr. Renata Scott-Ram,Non-PE,pair_385,TRUE,New Hyde Park,NY,location_resolved,phone,6305996075,WOMEN FOR WOMEN OBSTETRICS AND GYNECOLOGY LLC,7,3,7,7,1,7,1,3,2264438670|3173660776|3375701568,4018,NORTH SHORE-LIJ MEDICAL PC|TRUSTEES OF COLUMBIA UNIVERSITY DEPT OF OBSTETRICS AND GYNECOLOGY|WESTCHESTER MEDICAL CENTER ,Hospital,7,WOMEN FOR WOMEN OBSTETRICS AND GYNECOLOGY LLC,TRUE,independent_supported,resolved to a single organisation with no system/academic/government token and fewer than 100 clinicians nationally
1619053535,Dr. Yulia Aronovich,PE,pair_385,TRUE,Manhasset,NY,location_resolved,phone,7012938434,SQUARE CARE MEDICAL GROUP LLP,56,17,41,9,20,56,1,1,7012938434,72,"SQUARE CARE MEDICAL GROUP, LLP",Hospital,,,,independent_supported,resolved to a single organisation with no system/academic/government token and fewer than 100 clinicians nationally
1114373784,Dr. James Miller,Non-PE,pair_387,TRUE,Hickory,NC,location_resolved,phone,8123397601,DLP FRYE MEDICAL GROUP LLC,90,18,6,9,30,90,1,0,,,,Hospital,90,DLP FRYE MEDICAL GROUP LLC,FALSE,independent_supported,resolved to a single organisation with no system/academic/government token and fewer than 100 clinicians nationally
1932194743,Dr. Claire Harraghy,PE,pair_387,FALSE,Hickory,NC,location_resolved,phone,0042448169,UWH OF THE CAROLINAS PLLC,294,40,208,13,66,294,1,1,42448169,301,UWH OF NORTH CAROLINA LLP,Hospital,,,,independence_unresolved,organisation has 294 clinicians nationally but the name is uninformative; requires external verification
1871759258,Dr. Li Xu,Non-PE,pair_388,TRUE,Raleigh,NC,location_resolved,phone,2466788377,WAKEMED SPECIALISTS GROUP LLC,690,75,30,64,38,690,1,1,1153234893,1888,NOVANT MEDICAL GROUP INC,Hospital,690,WAKEMED SPECIALISTS GROUP LLC,FALSE,independence_unresolved,organisation has 690 clinicians nationally but the name is uninformative; requires external verification
1437264389,Dr. Zoe Beatty,PE,pair_388,TRUE,Raleigh,NC,location_resolved,phone,0042448169,UWH OF THE CAROLINAS PLLC,294,40,208,8,66,294,1,1,42448169,301,UWH OF NORTH CAROLINA LLP,,,,,independence_unresolved,organisation has 294 clinicians nationally but the name is uninformative; requires external verification
1104182385,Dr. Diana Mccarthy,Non-PE,pair_389,TRUE,Morrisville,NC,location_resolved,phone,2466788377,WAKEMED SPECIALISTS GROUP LLC,690,75,30,2,38,690,1,1,7416006085,610,WAKE SPECIALTY PHYSICIANS LLC,Hospital,690,WAKEMED SPECIALISTS GROUP LLC,FALSE,independence_unresolved,organisation has 690 clinicians nationally but the name is uninformative; requires external verification
1275500779,Dr. Katherine Barrett,PE,pair_389,TRUE,Cary,NC,location_resolved,phone,0042448169,UWH OF THE CAROLINAS PLLC,294,40,208,5,66,294,2,2,3577721034|42448169,301,OBHG NORTH CAROLINA PC|UWH OF NORTH CAROLINA LLP,Hospital,,,,independence_unresolved,organisation has 294 clinicians nationally but the name is uninformative; requires external verification
1265745327,Dr. Elizabeth England,Non-PE,pair_390,TRUE,Asheville,NC,location_resolved,phone,0143206599,MOUNTAIN AREA HEALTH EDUCATION CENTER INC,127,13,22,76,12,127,1,6,143206599|2264343979|5395050827|749326106|9537468574|9638253297,979,ANGEL MEDICAL CENTER INC|APPALACHIAN MOUNTAIN COMMUNITY HEALTH CENTERS|MISSION COMMUNITY ANESTHESIOLOGY SPECIALISTS LLC|,Hospital,127,MOUNTAIN AREA HEALTH EDUCATION CENTER INC,FALSE,independence_unresolved,organisation has 127 clinicians nationally but the name is uninformative; requires external verification
1982936860,Dr. Ladson Gaddy-Dubac,PE,pair_390,TRUE,Asheville,NC,no_dac_affiliation,,,,,,,,,,0,2,42448169|9638253297,389,ANGEL MEDICAL CENTER INC|UWH OF NORTH CAROLINA LLP,,,,,independence_unresolved,no_dac_affiliation
1205869096,Dr. Anna Tatarchuk,Non-PE,pair_391,TRUE,Raleigh,NC,location_resolved,phone,0042448169,UWH OF THE CAROLINAS PLLC,294,40,208,6,66,294,1,1,42448169,301,UWH OF NORTH CAROLINA LLP,,294,UWH OF THE CAROLINAS PLLC,FALSE,independence_unresolved,organisation has 294 clinicians nationally but the name is uninformative; requires external verification
1083076236,Dr. Kirsten Beeson,PE,pair_391,TRUE,Raleigh,NC,location_resolved,phone,0042448169,UWH OF THE CAROLINAS PLLC,294,40,208,6,66,294,1,0,,,,,,,,independence_unresolved,organisation has 294 clinicians nationally but the name is uninformative; requires external verification
1568464568,Dr. Joel Kramer,Non-PE,pair_392,TRUE,Philadelphia,PA,location_resolved,phone,0042109902,HR PHYSICIAN SERVICES,140,29,26,11,31,140,1,1,42109902,256,HR PHYSICIAN SERVICES,Hospital,140,HR PHYSICIAN SERVICES,FALSE,independence_unresolved,organisation has 140 clinicians nationally but the name is uninformative; requires external verification
1407903495,Dr. Jocelyn Craparo,PE,pair_392,TRUE,Bryn Mawr,PA,location_resolved,phone,2961316328,REGIONAL WOMENS HEALTH GROUP LLC,334,85,227,24,110,334,1,2,2961316328|4082679519,298,REGIONAL WOMENS HEALTH GROUP LLC|WOMENS HEALTH CARE GROUP OF PENNSYLVANIA LLC,Hospital,,,,independence_unresolved,organisation has 334 clinicians nationally but the name is uninformative; requires external verification
1144885997,Dr. Lauren Roberts,Non-PE,pair_393,TRUE,Farmington Hills,MI,location_resolved,phone,8921289760,VHS PHYSICIANS OF MICHIGAN,215,43,15,2,67,215,1,0,,,,Hospital,215,VHS PHYSICIANS OF MICHIGAN,FALSE,independence_unresolved,organisation has 215 clinicians nationally but the name is uninformative; requires external verification
1265842090,Dr. Mais Arwani,PE,pair_393,TRUE,Commerce Twp,MI,no_dac_affiliation,,,,,,,,,,0,1,2769395896,828,EINSTEIN PRACTICE PLAN INC,Hospital,,,,independence_unresolved,no_dac_affiliation
1295938090,Dr. Carmen Selman,Non-PE,pair_394,TRUE,Pembroke Pines,FL,location_resolved,phone,8921091786,VITALMD GROUP HOLDING LLC,430,152,283,5,117,430,1,1,8921091786,466,VITALMD GROUP HOLDING LLC,Hospital,430,VITALMD GROUP HOLDING LLC,FALSE,independence_unresolved,organisation has 430 clinicians nationally but the name is uninformative; requires external verification
1235118399,Dr. Kompal Gadh,PE,pair_394,TRUE,Pembroke Pines,FL,location_resolved,city_state,8921091786,VITALMD GROUP HOLDING LLC,430,152,283,2,117,430,1,1,8921091786,466,VITALMD GROUP HOLDING LLC,Hospital,,,,independence_unresolved,organisation has 430 clinicians nationally but the name is uninformative; requires external verification
1215466818,Dr. Kylee Clyatt,Non-PE,pair_395,TRUE,Fort Washington,PA,location_resolved,phone,0345588711,TEMPLE FACULTY PRACTICE PLAN INC,1064,206,35,106,39,1064,1,0,,,,,1064,TEMPLE FACULTY PRACTICE PLAN INC,FALSE,not_independent_supported,organisation name carries a hospital/system/academic/government token
1174514061,Dr. Dipti Shah-Parikh,PE,pair_395,TRUE,Blue Bell,PA,location_resolved,phone,2961316328,REGIONAL WOMENS HEALTH GROUP LLC,334,85,227,4,110,334,1,2,3476450156|8527962661,159,CENTER FOR WOMENS HEALTH OF LANSDALE LLC|FORNANCE PHYSICIAN SERVICES INC,Hospital,,,,independence_unresolved,organisation has 334 clinicians nationally but the name is uninformative; requires external verification
1689837015,Dr. Caton Simoni,Non-PE,pair_396,TRUE,New Braunfels,TX,location_resolved,phone,7315019593,BHS PHYSICIANS NETWORK INC,589,94,48,4,263,589,1,0,,,,Hospital,589,BHS PHYSICIANS NETWORK INC,FALSE,independence_unresolved,organisation has 589 clinicians nationally but the name is uninformative; requires external verification
1841635851,Dr. Brittney Schumann,PE,pair_396,TRUE,New Braunfels,TX,location_resolved,city_state,4385944230,UNIFIED WOMENS HEALTHCARE OF TEXAS PLLC,154,18,121,4,57,154,1,1,4385944230,145,UNIFIED WOMENS HEALTHCARE OF TEXAS PLLC,Hospital,,,,independence_unresolved,organisation has 154 clinicians nationally but the name is uninformative; requires external verification
1730360439,Dr. Beth Thai,Non-PE,pair_397,TRUE,Georgetown,TX,location_resolved,phone,5193709392,LONE STAR CIRCLE OF CARE,51,3,5,19,17,51,1,2,42128548|6406030139,1106,"CENTRAL TEXAS OB/GYN ASSOCIATES, PLLC|UNIVERSITY OF TEXAS HEALTH SCIENCE CENTER AT SAN ANTONIO",,51,LONE STAR CIRCLE OF CARE,FALSE,independent_supported,resolved to a single organisation with no system/academic/government token and fewer than 100 clinicians nationally
1821288465,Dr. Kelly Montiville,PE,pair_397,TRUE,Georgetown,TX,location_resolved,phone,4385944230,UNIFIED WOMENS HEALTHCARE OF TEXAS PLLC,154,18,121,5,57,154,1,4,1951465384|2769487115|4385944230|6204065295,254,GEORGETOWN OB GYN LLP|LITTLE RIVER HEALTHCARE CENTRAL TEXAS LLC|ROCKDALE BLACKHAWK LLC|UNIFIED WOMENS HEALTHCARE OF TEXA,Hospital,,,,independence_unresolved,organisation has 154 clinicians nationally but the name is uninformative; requires external verification
1588898415,Dr. Arminda Callejas Weintz,Non-PE,pair_398,TRUE,Frisco,TX,location_resolved,phone,3476808411,"MEDICAL CITY OB-GYN, PLLC",33,7,32,4,13,33,1,1,5991785453,16,"HEALTH CENTRAL, P.A.",,33,"MEDICAL CITY OB-GYN, PLLC",FALSE,independent_supported,resolved to a single organisation with no system/academic/government token and fewer than 100 clinicians nationally
1275736092,Dr. Christi Kidd,PE,pair_398,TRUE,Mckinney,TX,location_resolved,phone,4385944230,UNIFIED WOMENS HEALTHCARE OF TEXAS PLLC,154,18,121,15,57,154,1,1,2163464942,9,"NORTH CENTRAL WOMEN'S HEALTH PARTNERS II, LP",Hospital,,,,independence_unresolved,organisation has 154 clinicians nationally but the name is uninformative; requires external verification
1851647887,Dr. Marianne Peck,Non-PE,pair_399,TRUE,Shenandoah,TX,location_resolved,phone,4486711744,TMH PHYSICIAN ASSOCIATES PLLC,1561,216,56,49,184,1561,1,4,3971739616|6800056177|7012008360|7719875491,384,"MEDCENTER GYN SERVICES PLLC|MEMORIAL HERMANN MEDICAL GROUP|SPECIALTY ASSOCIATES OF WEST HOUSTON, PLLC|TIMBERLAND MEDICAL",Hospital,1561,TMH PHYSICIAN ASSOCIATES PLLC,FALSE,independence_unresolved,organisation has 1561 clinicians nationally but the name is uninformative; requires external verification
1346486743,Dr. Jennifer Huebner,PE,pair_399,TRUE,Shenandoah,TX,no_dac_affiliation,,,,,,,,,,0,1,1557535481,4,ALL ABOUT WOMEN OBSTETRICS & GYNECOLOGY PLLC,,,,,independence_unresolved,no_dac_affiliation
1295868883,Dr. John Visintine,Non-PE,pair_400,TRUE,Corpus Christi,TX,location_resolved,phone,3678478872,CHILDREN'S PHYSICIAN SERVICES OF SOUTH TEXAS,38,11,7,38,7,38,1,2,3375501802|3678478872,189,CHILDREN'S PHYSICIAN SERVICES OF SOUTH TEXAS|DRISCOLL MATERNAL & FETAL PHYSICIANS GROUP,,38,CHILDREN'S PHYSICIAN SERVICES OF SOUTH TEXAS,FALSE,independent_supported,resolved to a single organisation with no system/academic/government token and fewer than 100 clinicians nationally
1508862723,Dr. Benjamin Supnet,PE,pair_400,TRUE,Corpus Christi,TX,location_resolved,city_state,0345206082,"NUECES COUNTY WOMEN'S CLINIC, PA",4,0,4,4,1,4,1,1,345206082,10,"NUECES COUNTY WOMEN'S CLINIC, PA",Hospital,,,,independent_supported,resolved to a single organisation with no system/academic/government token and fewer than 100 clinicians nationally
1194879445,Dr. Andrew Engel,Non-PE,pair_403,FALSE,Falls Church,VA,location_resolved,phone,0345237210,DRS REITER AND HILL PLLC,18,3,15,8,3,18,1,1,345237210,22,DRS REITER & HILL PLLC,Hospital,18,DRS REITER AND HILL PLLC,FALSE,independent_supported,resolved to a single organisation with no system/academic/government token and fewer than 100 clinicians nationally
1356795595,Dr. Sharon Kim,PE,pair_403,TRUE,Fairfax,VA,location_resolved,phone,4880582741,CAPITAL WOMENS CARE LLC,252,47,182,11,64,252,1,1,6507778255,4675,MAYO CLINIC,,,,,independence_unresolved,organisation has 252 clinicians nationally but the name is uninformative; requires external verification
1407266901,Dr. Maria Munoz,Non-PE,pair_405,TRUE,Boca Raton,FL,location_resolved,phone,5395807218,FLORIDA WOMAN CARE LLC,510,87,337,2,214,510,1,1,7416244496,389,"PROSPECT CT MEDICAL FOUNDATION, INC.",Hospital,510,FLORIDA WOMAN CARE LLC,FALSE,independence_unresolved,organisation has 510 clinicians nationally but the name is uninformative; requires external verification
1831280452,Dr. Josie Stone,PE,pair_405,FALSE,Boca Raton,FL,no_dac_affiliation,,,,,,,,,,0,0,,,,,,,,independence_unresolved,no_dac_affiliation
1093700072,Dr. Prafulla Koneru,Non-PE,pair_408,TRUE,South Barrington,IL,location_resolved,phone,,,0,0,0,0,0,,1,1,1658422076,1,PRAFULLA K KONERU MD SC,Hospital,NA,,NA,independent_supported,resolved to a single organisation with no system/academic/government token and fewer than 100 clinicians nationally
1093203036,Dr. Nicole Lomotan,PE,pair_408,TRUE,Arlington Heights,IL,location_resolved,phone,3375737331,NORTHWEST COMMUNITY HEALTH SERVICES INC,274,56,7,1,29,274,1,0,,,,Hospital,,,,not_independent_supported,organisation name carries a hospital/system/academic/government token
1841324514,Dr. Freddy Montero,Non-PE,pair_413,TRUE,Miami,FL,location_resolved,phone,4486634417,PEDIATRIX MEDICAL GROUP OF FLORIDA INC,58,15,31,1,49,58,1,1,8224936851,69,UNIVERSITY OF MIAMI OBSTETRICS & GYNECOLOGY,,58,PEDIATRIX MEDICAL GROUP OF FLORIDA INC,FALSE,independent_supported,resolved to a single organisation with no system/academic/government token and fewer than 100 clinicians nationally
1902987977,Dr. Amy Sonnenblick,PE,pair_413,TRUE,Miami,FL,location_resolved,phone,8921091786,VITALMD GROUP HOLDING LLC,430,152,283,1,117,430,1,1,8921091786,466,VITALMD GROUP HOLDING LLC,Hospital,,,,independence_unresolved,organisation has 430 clinicians nationally but the name is uninformative; requires external verification
1013012541,Dr. Marie Carmelle Liburd,Non-PE,pair_414,TRUE,Miami,FL,location_resolved,phone,,,0,0,0,0,0,,1,2,5395807218|5698872844,517,FLORIDA WOMAN CARE LLC|MEDICAL CARE FOR WOMEN LLC,Hospital,NA,,NA,independent_supported,resolved to a single organisation with no system/academic/government token and fewer than 100 clinicians nationally
1023041688,Dr. Alexandria Angelides,PE,pair_414,TRUE,Miami,FL,location_resolved,city_state,8921091786,VITALMD GROUP HOLDING LLC,430,152,283,375,117,430,1,1,8921091786,466,VITALMD GROUP HOLDING LLC,Hospital,,,,independence_unresolved,organisation has 430 clinicians nationally but the name is uninformative; requires external verification
1649251729,Dr. James Mcbride,Non-PE,pair_423,TRUE,Rochester Hills,MI,location_resolved,phone,4183673015,"OAKLAND MACOMB OBSTETRICS AND GYNECOLOGY, P.C.",19,5,17,8,5,19,1,1,4183673015,27,"OAKLAND MACOMB OBSTETRICS & GYNECOLOGY, P.C.",Hospital,19,"OAKLAND MACOMB OBSTETRICS AND GYNECOLOGY, P.C.",FALSE,independent_supported,resolved to a single organisation with no system/academic/government token and fewer than 100 clinicians nationally
1467984831,Dr. Myah Bell,PE,pair_423,TRUE,Lake Orion,MI,location_resolved,phone,1254355878,WOMEN'S HEALTHCARE ASSOCIATES OF OAKLAND PLLC,7,2,6,7,1,7,1,0,,,,,,,,independent_supported,resolved to a single organisation with no system/academic/government token and fewer than 100 clinicians nationally
1043284425,Dr. Leroy Charles,Non-PE,pair_425,TRUE,Greenacres,FL,location_resolved,phone,,,0,0,0,0,0,,1,3,1254495435|3971741315|5395807218,517,"FLORIDA WOMAN CARE LLC|LEROY CHARLES MD PA|OBGYN SPECIALISTS OF LAKESIDE, LLC",,NA,,NA,independent_supported,resolved to a single organisation with no system/academic/government token and fewer than 100 clinicians nationally
1073518130,Dr. Lawrence Bergman,PE,pair_425,FALSE,Wellington,FL,no_dac_affiliation,,,,,,,,,,0,0,,,,,,,,independence_unresolved,no_dac_affiliation
1356735542,Dr. Stephanie Roy,Non-PE,pair_426,TRUE,Katy,TX,location_resolved,phone,5193722502,"T.L. JENKINS M.D., P.A.",4,1,4,4,1,4,1,0,,,,,4,"T.L. JENKINS M.D., P.A.",TRUE,independent_supported,resolved to a single organisation with no system/academic/government token and fewer than 100 clinicians nationally
1629572847,Dr. Huiwen Liu,PE,pair_426,TRUE,Katy,TX,location_resolved,city_state,8224090345,KATY WOMENS CARE PA,4,0,4,4,1,4,1,0,,,,,,,,independent_supported,resolved to a single organisation with no system/academic/government token and fewer than 100 clinicians nationally
1457335499,Dr. Katia Apollon,Non-PE,pair_428,TRUE,Miami,FL,location_resolved,phone,8921091786,VITALMD GROUP HOLDING LLC,430,152,283,4,117,430,1,1,8921091786,466,VITALMD GROUP HOLDING LLC,,430,VITALMD GROUP HOLDING LLC,FALSE,independence_unresolved,organisation has 430 clinicians nationally but the name is uninformative; requires external verification
1437117793,Dr. Andrew Shapiro,PE,pair_428,FALSE,Miami,FL,location_resolved,city_state,8921091786,VITALMD GROUP HOLDING LLC,430,152,283,375,117,430,1,2,1254485113|8921091786,466,ANDREW J SHAPIRO MD PA|VITALMD GROUP HOLDING LLC,Home health agency|Hospital,,,,independence_unresolved,organisation has 430 clinicians nationally but the name is uninformative; requires external verification
1457374068,Dr. Jorge Gomez,Non-PE,pair_433,TRUE,South Miami,FL,location_resolved,phone,8426014085,SOUTH FLORIDA PERINATAL MEDICINE,3,2,2,3,2,3,1,2,8224936851|8426014085,69,SOUTH FLORIDA PERINATAL MEDICINE|UNIVERSITY OF MIAMI OBSTETRICS & GYNECOLOGY,,3,SOUTH FLORIDA PERINATAL MEDICINE,TRUE,independent_supported,resolved to a single organisation with no system/academic/government token and fewer than 100 clinicians nationally
1225142938,Dr. Jaime Mercado,PE,pair_433,TRUE,Miami,FL,location_resolved,phone,8921091786,VITALMD GROUP HOLDING LLC,430,152,283,2,117,430,1,1,8921091786,466,VITALMD GROUP HOLDING LLC,,,,,independence_unresolved,organisation has 430 clinicians nationally but the name is uninformative; requires external verification
1457731994,Dr. Frances Perez-Suarez,Non-PE,pair_442,TRUE,Miami,FL,location_resolved,phone,5395807218,FLORIDA WOMAN CARE LLC,510,87,337,8,214,510,1,0,,,,,510,FLORIDA WOMAN CARE LLC,FALSE,independence_unresolved,organisation has 510 clinicians nationally but the name is uninformative; requires external verification
1114949559,Dr. Cecilia Grande,PE,pair_442,TRUE,Miami,FL,location_resolved,city_state,8921091786,VITALMD GROUP HOLDING LLC,430,152,283,375,117,430,1,1,8921091786,466,VITALMD GROUP HOLDING LLC,Hospital,,,,independence_unresolved,organisation has 430 clinicians nationally but the name is uninformative; requires external verification
1144532805,Dr. Leigh Behring,Non-PE,pair_444,TRUE,East Lansing,MI,location_resolved,phone,0345626073,UWH OF MICHIGAN PLC,39,8,31,21,5,39,1,2,3072412840|6709799166,660,ALLIANCE OBSTETRICS & GYNECOLOGY PLLC|EDWARD W SPARROW HOSPITAL ASSOCIATION,Hospital,39,UWH OF MICHIGAN PLC,FALSE,independent_supported,resolved to a single organisation with no system/academic/government token and fewer than 100 clinicians nationally
1003308057,Dr. Jessica Frost,PE,pair_444,TRUE,East Lansing,MI,location_resolved,phone,6709799166,EDWARD W SPARROW HOSPITAL ASSOCIATION,521,59,24,5,105,521,2,0,,,,Hospital,,,,not_independent_supported,organisation name carries a hospital/system/academic/government token
1265432785,Dr. Bruce Zafran,Non-PE,pair_450,TRUE,Coral Springs,FL,location_resolved,phone,2264752443,INSTITUTE FOR WOMEN'S HEALTH AND BODY LLC,43,7,27,9,34,43,1,2,2264752443|5698738136,34,INSTITUTE FOR WOMEN'S HEALTH AND BODY LLC|ROYAL PALM OB GYN PA,Hospital,43,INSTITUTE FOR WOMEN'S HEALTH AND BODY LLC,FALSE,independent_supported,resolved to a single organisation with no system/academic/government token and fewer than 100 clinicians nationally
1508063041,Dr. Carlos Barrionuevo,PE,pair_450,TRUE,Coral Springs,FL,location_resolved,phone,8921091786,VITALMD GROUP HOLDING LLC,430,152,283,4,117,430,1,1,8921091786,466,VITALMD GROUP HOLDING LLC,,,,,independence_unresolved,organisation has 430 clinicians nationally but the name is uninformative; requires external verification
1669979795,Dr. Priyanga Jeyasri,Non-PE,pair_456,TRUE,Hoboken,NJ,location_resolved,phone,1355512252,MEDICAL ASSOCIATES OF ENGLEWOOD PC,521,128,22,5,177,521,1,0,,,,Hospital,521,MEDICAL ASSOCIATES OF ENGLEWOOD PC,FALSE,independence_unresolved,organisation has 521 clinicians nationally but the name is uninformative; requires external verification
1306336706,Dr. Samantha Seidor,PE,pair_456,TRUE,Bayonne,NJ,location_resolved,city_state,2961316328,REGIONAL WOMENS HEALTH GROUP LLC,334,85,227,3,110,334,1,0,,,,,,,,independence_unresolved,organisation has 334 clinicians nationally but the name is uninformative; requires external verification
1578615084,Dr. Anne Petit,Non-PE,pair_457,TRUE,Somers Point,NJ,location_resolved,phone,0648163659,RELIANCE MEDICAL GROUP LLC,4,2,3,1,3,4,2,2,3072899830|648163659,37,ADVANTAGE WOMENS HEALTH|RELIANCE MEDICAL GROUP LLC,,4,RELIANCE MEDICAL GROUP LLC,TRUE,independent_supported,resolved to a single organisation with no system/academic/government token and fewer than 100 clinicians nationally
1972513935,Dr. Marc Siegel,PE,pair_457,TRUE,Somers Point,NJ,location_resolved,phone,2961316328,REGIONAL WOMENS HEALTH GROUP LLC,334,85,227,9,110,334,1,4,2163604588|4082528898|8820247752|9436323342,1106,"DHP OF VIRGINIA PC|MEDICAL FACULTY ASSOCIATES, INC|OBHG VIRGINIA LLC|VIRGINIA WOMENS CENTER INC",Hospital,,,,independence_unresolved,organisation has 334 clinicians nationally but the name is uninformative; requires external verification
1376785881,Dr. Jacqueline Roman,Non-PE,pair_458,TRUE,Ocean,NJ,location_resolved,phone,1456332170,LIFELINE MEDICAL ASSOCIATES LLC,156,42,115,2,40,156,1,1,1456332170,154,"LIFELINE MEDICAL ASSOCIATES, LLC",Hospital,156,LIFELINE MEDICAL ASSOCIATES LLC,FALSE,independence_unresolved,organisation has 156 clinicians nationally but the name is uninformative; requires external verification
1548467137,Dr. John Vaclavik,PE,pair_458,TRUE,Eatontown,NJ,location_resolved,phone,2961316328,REGIONAL WOMENS HEALTH GROUP LLC,334,85,227,7,110,334,1,1,8325096811,5,"DRS. GOULD, HENDERSON, ROGERS, AND VACLAVIK LLC",Hospital,,,,independence_unresolved,organisation has 334 clinicians nationally but the name is uninformative; requires external verification
1780818146,Dr. Eric Liberman,Non-PE,pair_459,TRUE,Newark,NJ,location_resolved,phone,0648172809,"BARNABAS HEALTH MEDICAL GROUP, PC",161,35,3,49,48,161,1,2,3779496021|5890703177,2934,MONTEFIORE MEDICAL CENTER|PRACTICE ASSOCIATES MEDICAL GROUP,Hospital,161,"BARNABAS HEALTH MEDICAL GROUP, PC",FALSE,independence_unresolved,organisation has 161 clinicians nationally but the name is uninformative; requires external verification
1568952877,Dr. Grace Wey,PE,pair_459,TRUE,Bayonne,NJ,location_resolved,phone,2961316328,REGIONAL WOMENS HEALTH GROUP LLC,334,85,227,3,110,334,1,0,,,,Hospital,,,,independence_unresolved,organisation has 334 clinicians nationally but the name is uninformative; requires external verification
1952411696,Dr. Amy Harvey O'Keeffe,Non-PE,pair_460,TRUE,Browns Mills,NJ,location_resolved,phone,7618264532,CAPITAL HEALTH MEDICAL GROUP,367,88,36,5,63,367,1,3,2961316328|3779481833|4082679519,298,CENTER FOR WOMENS HEALTH|REGIONAL WOMENS HEALTH GROUP LLC|WOMENS HEALTH CARE GROUP OF PENNSYLVANIA LLC,Hospital,367,CAPITAL HEALTH MEDICAL GROUP,FALSE,independence_unresolved,organisation has 367 clinicians nationally but the name is uninformative; requires external verification
1013438308,Dr. Jessica Williams,PE,pair_460,FALSE,Browns Mills,NJ,location_resolved,city_state,1850689894,CAPITAL HEALTH MULTISPECIALTY GROUP,236,29,0,3,6,236,1,0,,,,Hospital,,,,independence_unresolved,organisation has 236 clinicians nationally but the name is uninformative; requires external verification
1811955628,Dr. Timothy Hale,Non-PE,pair_472,TRUE,Worcester,MA,location_resolved,phone,5597755322,RELIANT MEDICAL GROUP INC,544,104,11,158,22,544,1,1,5597755322,581,RELIANT MEDICAL GROUP INC,Hospital,544,RELIANT MEDICAL GROUP INC,FALSE,independence_unresolved,organisation has 544 clinicians nationally but the name is uninformative; requires external verification
1144280553,Dr. Cindy Joslyn,PE,pair_472,FALSE,Worcester,MA,location_resolved,city_state,3274430665,"PHYSICIANS FOR WOMEN'S HEALTH, LLC",278,45,201,20,78,278,1,0,,,,,,,,independence_unresolved,organisation has 278 clinicians nationally but the name is uninformative; requires external verification
1598759334,Dr. Mark Simonelli,Non-PE,pair_477,TRUE,Worcester,MA,location_resolved,phone,4284539891,UMASS MEMORIAL MEDICAL GROUP INC,1871,348,48,1487,87,1871,1,1,2567543689,124,HARRINGTON PHYSICIAN SERVICES INC,Hospital,1871,UMASS MEMORIAL MEDICAL GROUP INC,FALSE,not_independent_supported,organisation name carries a hospital/system/academic/government token
1174574008,Dr. Kerri Osterhaus-Houle,PE,pair_477,TRUE,Worcester,MA,location_resolved,phone,3274430665,"PHYSICIANS FOR WOMEN'S HEALTH, LLC",278,45,201,20,78,278,1,1,5698746139,16,WOMEN'S HEALTH OF CENTRAL MA. PC,Hospital,,,,independence_unresolved,organisation has 278 clinicians nationally but the name is uninformative; requires external verification
1619076403,Dr. Daniel Gottschall,Non-PE,pair_482,TRUE,Bridgeport,CT,location_resolved,phone,3274430665,"PHYSICIANS FOR WOMEN'S HEALTH, LLC",278,45,201,7,78,278,1,1,3274430665,262,PHYSICIANS FOR WOMENS HEALTH LLC,Hospital,278,"PHYSICIANS FOR WOMEN'S HEALTH, LLC",FALSE,independence_unresolved,organisation has 278 clinicians nationally but the name is uninformative; requires external verification
1801459706,Dr. Amalia Kotlyar,PE,pair_482,TRUE,Bridgeport,CT,location_resolved,phone,3274430665,"PHYSICIANS FOR WOMEN'S HEALTH, LLC",278,45,201,6,78,278,1,0,,,,Hospital,,,,independence_unresolved,organisation has 278 clinicians nationally but the name is uninformative; requires external verification
1851354534,Dr. Linda Matonis,Non-PE,pair_485,TRUE,New Britain,CT,location_resolved,phone,7517863749,"STARLING PHYSICIANS, PLLC",205,35,16,12,27,205,1,2,5698660876|6507776564,323,"NAUGATUCK VALLEY WOMEN'S HEALTH SPECIALISTS, PC|THE HOSPITAL OF CENTRAL CONNECTICUT AT NEW BRITAIN GENERAL AND BRADLEY",Hospital,205,"STARLING PHYSICIANS, PLLC",FALSE,independence_unresolved,organisation has 205 clinicians nationally but the name is uninformative; requires external verification
1588678270,Dr. Thomas Helm,PE,pair_485,TRUE,Meriden,CT,location_resolved,phone,3274430665,"PHYSICIANS FOR WOMEN'S HEALTH, LLC",278,45,201,7,78,278,1,1,3274430665,262,PHYSICIANS FOR WOMENS HEALTH LLC,Hospital,,,,independence_unresolved,organisation has 278 clinicians nationally but the name is uninformative; requires external verification
1730408535,Dr. Magdalena Szutowska,Non-PE,pair_487,TRUE,Danbury,CT,location_resolved,phone,3274430665,"PHYSICIANS FOR WOMEN'S HEALTH, LLC",278,45,201,176,78,278,1,1,3274430665,262,PHYSICIANS FOR WOMENS HEALTH LLC,Hospital,278,"PHYSICIANS FOR WOMEN'S HEALTH, LLC",FALSE,independence_unresolved,organisation has 278 clinicians nationally but the name is uninformative; requires external verification
1184727265,Dr. Gene Freylikhman,PE,pair_487,TRUE,Danbury,CT,location_resolved,city_state,3274430665,"PHYSICIANS FOR WOMEN'S HEALTH, LLC",278,45,201,176,78,278,1,4,3274430665|4789597691|5193973782|941113567,603,DHP OF CONNECTICUT PC|PHYSICIANS FOR WOMENS HEALTH LLC|TRINITY HEALTH OF NEW ENGLAND PROVIDER NETWORK ORGANIZATION INC|W,Hospital,,,,independence_unresolved,organisation has 278 clinicians nationally but the name is uninformative; requires external verification
1336174416,Dr. Wendy Cervi,Non-PE,pair_490,TRUE,Newark,NJ,location_resolved,phone,9537316955,BARNABAS HEALTH MEDICAL GROUP PC,566,167,55,11,171,566,3,2,3173437464|6305733601,98,NBIMC DEPARTMENT OF OBSTETRICS AND|NEWARK BETH ISRAEL MEDICAL CENTER INC,Hospital,566,BARNABAS HEALTH MEDICAL GROUP PC,FALSE,independence_unresolved,organisation has 566 clinicians nationally but the name is uninformative; requires external verification
1538570833,Dr. Kristin Kinsler,PE,pair_490,TRUE,Kearny,NJ,location_resolved,city_state,2961316328,REGIONAL WOMENS HEALTH GROUP LLC,334,85,227,20,110,334,1,2,2961316328|7416011887,298,"BRUNSWICK-HILLS OBSTETRICS AND GYNECOLOGY, PA|REGIONAL WOMENS HEALTH GROUP LLC",Hospital,,,,independence_unresolved,organisation has 334 clinicians nationally but the name is uninformative; requires external verification
1891358891,Dr. Katrina Marcinkowski,Non-PE,pair_491,TRUE,Hammonton,NJ,location_resolved,phone,2961316328,REGIONAL WOMENS HEALTH GROUP LLC,334,85,227,4,110,334,1,0,,,,,334,REGIONAL WOMENS HEALTH GROUP LLC,FALSE,independence_unresolved,organisation has 334 clinicians nationally but the name is uninformative; requires external verification
1831696277,Dr. Molly Amero,PE,pair_491,TRUE,Hammonton,NJ,location_resolved,city_state,2961316328,REGIONAL WOMENS HEALTH GROUP LLC,334,85,227,4,110,334,1,0,,,,,,,,independence_unresolved,organisation has 334 clinicians nationally but the name is uninformative; requires external verification
1952465163,Dr. Eddy Joseph,Non-PE,pair_492,TRUE,Elizabeth,NJ,location_resolved,phone,,,0,0,0,0,0,,1,1,6709002850,74,TRINITAS PHYSICIANS PRACTICE LLC,Hospital,NA,,NA,independent_supported,resolved to a single organisation with no system/academic/government token and fewer than 100 clinicians nationally
1427081736,Dr. Dilip Bharucha,PE,pair_492,TRUE,Kearny,NJ,location_resolved,phone,2961316328,REGIONAL WOMENS HEALTH GROUP LLC,334,85,227,3,110,334,1,1,5890825152,7,KIRIT PATEL M D P A,,,,,independence_unresolved,organisation has 334 clinicians nationally but the name is uninformative; requires external verification
1285716829,Dr. Elizabeth Ramirez,Non-PE,pair_494,TRUE,Jersey City,NJ,location_resolved,phone,,,0,0,0,0,0,,1,1,5799910741,3,JERSEY WOMENS CARE CENTER INC,Hospital,NA,,NA,independent_supported,resolved to a single organisation with no system/academic/government token and fewer than 100 clinicians nationally
1720045750,Dr. Abigail Gleason,PE,pair_494,TRUE,Kearny,NJ,location_resolved,phone,2961316328,REGIONAL WOMENS HEALTH GROUP LLC,334,85,227,7,110,334,1,2,2961316328|8224022256,298,OBSTETRICAL & GYNECOLOGICAL GROUP OF EAST BRUNSWICK PA|REGIONAL WOMENS HEALTH GROUP LLC,Hospital,,,,independence_unresolved,organisation has 334 clinicians nationally but the name is uninformative; requires external verification
1457328064,Dr. Paul Vetter,Non-PE,pair_497,TRUE,Hackensack,NJ,location_resolved,phone,9133032519,HACKENSACK MERIDIAN HEALTH MEDICAL GROUP - SPECIALTY CARE PC,1117,248,93,431,85,1117,1,1,2961395819,10,BRICK WOMEN'S PHYSICIANS,Hospital,1117,HACKENSACK MERIDIAN HEALTH MEDICAL GROUP - SPECIALTY CARE PC,FALSE,independence_unresolved,organisation has 1117 clinicians nationally but the name is uninformative; requires external verification
1134217292,Dr. Arthur Gross,PE,pair_497,TRUE,Englewood,NJ,location_resolved,phone,2961316328,REGIONAL WOMENS HEALTH GROUP LLC,334,85,227,4,110,334,1,1,7416187539,3,ENGLEWOOD WOMENS HEALTH PC,Hospital,,,,independence_unresolved,organisation has 334 clinicians nationally but the name is uninformative; requires external verification
1952488280,Dr. Norma Milanes Roberts,Non-PE,pair_499,TRUE,Newark,NJ,location_resolved,phone,8123169182,CITY OF NEWARK,12,0,1,12,1,12,2,2,8022294792|8123169182,23,CENTER FOR GYNECOLOGIC ONCOLOGY & WOMEN'S HEALTH INC.|CITY OF NEWARK,Hospital,566,BARNABAS HEALTH MEDICAL GROUP PC | CITY OF NEWARK,FALSE,not_independent_supported,organisation name carries a hospital/system/academic/government token
1992740385,Dr. Marianne Herrighty,PE,pair_499,TRUE,Kearny,NJ,location_resolved,phone,2961316328,REGIONAL WOMENS HEALTH GROUP LLC,334,85,227,20,110,334,1,2,2961316328|4880507144,298,CLARA MAASS MEDICAL CENTER HOUSE PHYSICIANS|REGIONAL WOMENS HEALTH GROUP LLC,Hospital,,,,independence_unresolved,organisation has 334 clinicians nationally but the name is uninformative; requires external verification
1295018133,Dr. Rebecca Metz,Non-PE,pair_500,TRUE,Mountainside,NJ,location_resolved,phone,,,0,0,0,0,0,,2,2,1456332170|5890703177,1061,"LIFELINE MEDICAL ASSOCIATES, LLC|PRACTICE ASSOCIATES MEDICAL GROUP",Hospital,1109,PRACTICE ASSOCIATES MEDICAL GROUP,FALSE,independent_supported,resolved to a single organisation with no system/academic/government token and fewer than 100 clinicians nationally
1700951589,Dr. Alissa Kaye,PE,pair_500,TRUE,Cranford,NJ,location_resolved,phone,2961316328,REGIONAL WOMENS HEALTH GROUP LLC,334,85,227,3,110,334,1,2,2961316328|941267496,298,GARY L KAYE MD PA|REGIONAL WOMENS HEALTH GROUP LLC,Hospital,,,,independence_unresolved,organisation has 334 clinicians nationally but the name is uninformative; requires external verification
1154530301,Dr. Adebola Nnewihe,Non-PE,pair_501,TRUE,Northfield,NJ,location_resolved,phone,1456613496,BE WELL WOMEN'S HEALTH,2,0,1,2,1,2,1,1,1456613496,1,BE WELL WOMEN'S HEALTH,Hospital,2,BE WELL WOMEN'S HEALTH,TRUE,independent_supported,resolved to a single organisation with no system/academic/government token and fewer than 100 clinicians nationally
1720050776,Dr. Philip Korzeniowski,PE,pair_501,TRUE,Somers Point,NJ,location_resolved,phone,2961316328,REGIONAL WOMENS HEALTH GROUP LLC,334,85,227,9,110,334,1,1,2961316328,298,REGIONAL WOMENS HEALTH GROUP LLC,,,,,independence_unresolved,organisation has 334 clinicians nationally but the name is uninformative; requires external verification
1932139631,Dr. Sardana Belkin,Non-PE,pair_502,TRUE,Howell,NJ,location_resolved,phone,1456332170,LIFELINE MEDICAL ASSOCIATES LLC,156,42,115,24,40,156,1,0,,,,Hospital,156,LIFELINE MEDICAL ASSOCIATES LLC,FALSE,independence_unresolved,organisation has 156 clinicians nationally but the name is uninformative; requires external verification
1730259094,Dr. Peter Mandel,PE,pair_502,TRUE,Freehold,NJ,location_resolved,phone,2961316328,REGIONAL WOMENS HEALTH GROUP LLC,334,85,227,7,110,334,1,1,2961316328,298,REGIONAL WOMENS HEALTH GROUP LLC,Hospital,,,,independence_unresolved,organisation has 334 clinicians nationally but the name is uninformative; requires external verification
1376920165,Dr. Daniel Martingano,Non-PE,pair_505,TRUE,Elizabeth,NJ,location_resolved,phone,6709002850,TRINITAS PHYSICIANS PRACTICE LLC,29,8,6,3,7,29,2,0,,,,Hospital,86,ST JOHN'S MEDICAL SERVICES PC | TRINITAS PHYSICIANS PRACTICE LLC,FALSE,independent_supported,resolved to a single organisation with no system/academic/government token and fewer than 100 clinicians nationally
1124069018,Dr. Bharti Mavani,PE,pair_505,TRUE,Kearny,NJ,location_resolved,city_state,2961316328,REGIONAL WOMENS HEALTH GROUP LLC,334,85,227,20,110,334,1,1,5890825152,7,KIRIT PATEL M D P A,Hospital,,,,independence_unresolved,organisation has 334 clinicians nationally but the name is uninformative; requires external verification
1023041100,Dr. Natalia Rezvina,Non-PE,pair_507,TRUE,Somers Point,NJ,location_resolved,phone,,,0,0,0,0,0,,1,1,2961316328,298,REGIONAL WOMENS HEALTH GROUP LLC,,NA,,NA,independent_supported,resolved to a single organisation with no system/academic/government token and fewer than 100 clinicians nationally
1154310811,Dr. Daniel Morgan,PE,pair_507,TRUE,Somers Point,NJ,location_resolved,city_state,2961316328,REGIONAL WOMENS HEALTH GROUP LLC,334,85,227,9,110,334,1,1,9133377476,5,FRANK W SINDONI MD LLC,,,,,independence_unresolved,organisation has 334 clinicians nationally but the name is uninformative; requires external verification
1487747283,Dr. Robin Wilson-Smith,Non-PE,pair_511,TRUE,Hammonton,NJ,location_resolved,phone,8527953660,ATLANTICARE PHYSICIAN GROUP PA,499,91,17,19,51,499,2,3,2860616877|8729982475|9931090214,254,"COOPER FACULTY OB GYN PC|COOPER GYN ONCOLOGY ASSOCIATION PC|KENNEDY MEDICAL GROUP PRACTICE, P.C.",Hospital,499,ATLANTICARE PHYSICIAN GROUP PA,FALSE,independence_unresolved,organisation has 499 clinicians nationally but the name is uninformative; requires external verification
1033520838,Dr. Sabrina Rabau,PE,pair_511,TRUE,Hammonton,NJ,location_resolved,phone,2961316328,REGIONAL WOMENS HEALTH GROUP LLC,334,85,227,9,110,334,1,0,,,,,,,,independence_unresolved,organisation has 334 clinicians nationally but the name is uninformative; requires external verification
